{
  "mean": 0.49653302253302256,
  "std": 0.18563307263965564,
  "dist": [
    0.2857142857142857,
    0.5,
    0.6666666666666666,
    0.75,
    0.2857142857142857,
    0.8,
    0.6,
    0.3333333333333333,
    0.25,
    0.4,
    0.4285714285714285,
    0.5714285714285714,
    0.75,
    0.3333333333333333,
    0.5,
    0.8,
    0.4,
    0.5714285714285714,
    0.5454545454545454,
    0.0,
    0.25,
    0.5,
    0.6153846153846154,
    0.8,
    0.4,
    0.4444444444444444,
    0.5,
    0.3333333333333333,
    0.6153846153846154,
    0.5714285714285714,
    0.2857142857142857,
    0.5,
    0.5,
    0.5,
    0.6666666666666666,
    0.6666666666666666,
    0.2857142857142857,
    0.5,
    0.25,
    0.8,
    0.3333333333333333,
    0.4615384615384615,
    0.8,
    0.4444444444444444,
    0.6666666666666666,
    0.6666666666666666,
    0.3333333333333333,
    0.25,
    0.7142857142857143,
    0.4
  ]
}