{
  "t_test": {
    "t_stat": 1.394186979951869,
    "p_value": 0.16955121419233815
  },
  "wilcoxon": {
    "w_stat": 343.5,
    "p_value": 0.25948300280571224
  }
}