{
  "mean": 0.4465449476972281,
  "std": 0.10505619044045132,
  "dist": [
    0.4888888888888889,
    0.5,
    0.5,
    0.2439024390243902,
    0.5142857142857142,
    0.4186046511627907,
    0.4090909090909091,
    0.2631578947368421,
    0.5714285714285714,
    0.5652173913043478,
    0.25,
    0.4583333333333333,
    0.4390243902439024,
    0.5142857142857142,
    0.5714285714285714,
    0.4,
    0.3684210526315789,
    0.5098039215686274,
    0.4347826086956521,
    0.5,
    0.3157894736842105,
    0.5714285714285714,
    0.4324324324324324,
    0.5116279069767442,
    0.391304347826087,
    0.4888888888888889,
    0.4090909090909091,
    0.358974358974359,
    0.5777777777777777,
    0.4,
    0.5,
    0.4545454545454545,
    0.3255813953488372,
    0.3529411764705882,
    0.6,
    0.3478260869565217,
    0.4615384615384615,
    0.4571428571428571,
    0.6923076923076923,
    0.2439024390243902,
    0.3157894736842105,
    0.4444444444444444,
    0.3333333333333333,
    0.6666666666666666,
    0.5,
    0.4680851063829787,
    0.5263157894736842,
    0.2926829268292683,
    0.5116279069767442,
    0.4545454545454545
  ]
}