{
  "t_test": {
    "t_stat": 3.1314818386248544,
    "p_value": 0.0029316160830833897
  },
  "wilcoxon": {
    "w_stat": 346.0,
    "p_value": 0.008025697631914727
  }
}