{
  "f1": 0.45,
  "roc_auc": 0.6790960451977401,
  "pr_auc": 0.4706025320938792
}