{
  "f1": 0.45,
  "roc_auc": 0.7404661016949152,
  "pr_auc": 0.5016549250725748
}