{
  "f1": 0.34146341463414637,
  "roc_auc": 0.6197033898305085,
  "pr_auc": 0.43596022910175436
}