{
  "f1": 0.3888888888888889,
  "roc_auc": 0.6654761904761904,
  "pr_auc": 0.3937066033309875
}