{
  "f1": 0.4878048780487805,
  "roc_auc": 0.725635593220339,
  "pr_auc": 0.44693173398668756
}