{
  "f1": 0.5365853658536586,
  "roc_auc": 0.7801857585139319,
  "pr_auc": 0.6557203859721895
}