{
  "f1": 0.5789473684210527,
  "roc_auc": 0.7309322033898306,
  "pr_auc": 0.4352318513044837
}