{
  "f1": 0.6857142857142857,
  "roc_auc": 0.9484777517564402,
  "pr_auc": 0.8450410728554745
}