{
  "f1": 0.7,
  "roc_auc": 0.8244047619047619,
  "pr_auc": 0.7244570416765569
}