{
  "f1": 0.631578947368421,
  "roc_auc": 0.8211111111111111,
  "pr_auc": 0.5222049272228898
}