{
  "f1": 0.5365853658536586,
  "roc_auc": 0.778688524590164,
  "pr_auc": 0.39913926580866943
}