{
  "f1": 0.5531914893617021,
  "roc_auc": 0.7286612758310871,
  "pr_auc": 0.5578599677453042
}