{
  "f1": 0.5777777777777777,
  "roc_auc": 0.818342151675485,
  "pr_auc": 0.732209922864195
}