{
  "f1": 0.4,
  "roc_auc": 0.6169590643274854,
  "pr_auc": 0.42849159242778745
}