{
  "f1": 0.5,
  "roc_auc": 0.6907407407407408,
  "pr_auc": 0.5804253044914538
}