{
  "f1": 0.4117647058823529,
  "roc_auc": 0.6577777777777778,
  "pr_auc": 0.4413198579476775
}