{
  "f1": 0.35294117647058826,
  "roc_auc": 0.5751412429378531,
  "pr_auc": 0.3081102072529725
}