{
  "f1": 0.5294117647058824,
  "roc_auc": 0.7119675456389453,
  "pr_auc": 0.5472420571839073
}