{
  "f1": 0.5128205128205128,
  "roc_auc": 0.7065677966101694,
  "pr_auc": 0.5103243275281679
}