{
  "f1": 0.2962962962962963,
  "roc_auc": 0.5923076923076923,
  "pr_auc": 0.340399115599212
}