{
  "f1": 0.5405405405405406,
  "roc_auc": 0.7283372365339578,
  "pr_auc": 0.47448753223357076
}