{
  "f1": 0.5128205128205128,
  "roc_auc": 0.6815476190476191,
  "pr_auc": 0.5503680987534495
}