{
  "f1": 0.6486486486486487,
  "roc_auc": 0.7521531100478469,
  "pr_auc": 0.5872793699075087
}