{
  "f1": 0.43902439024390244,
  "roc_auc": 0.7766666666666667,
  "pr_auc": 0.5804553881946084
}