{
  "f1": 0.35294117647058826,
  "roc_auc": 0.6898263027295285,
  "pr_auc": 0.42336444014657104
}