{
  "f1": 0.5945945945945946,
  "roc_auc": 0.7954802259887006,
  "pr_auc": 0.5344289272818684
}