{
  "f1": 0.45161290322580644,
  "roc_auc": 0.7953125000000001,
  "pr_auc": 0.5266177327574386
}