{
  "f1": 0.6341463414634146,
  "roc_auc": 0.8745762711864407,
  "pr_auc": 0.7918595657295346
}