{
  "f1": 0.6274509803921569,
  "roc_auc": 0.8131176999101527,
  "pr_auc": 0.6808737451567333
}