{
  "f1": 0.5,
  "roc_auc": 0.7309941520467836,
  "pr_auc": 0.4329110304533851
}