{
  "f1": 0.4,
  "roc_auc": 0.705955334987593,
  "pr_auc": 0.4822592638897793
}