{
  "f1": 0.35294117647058826,
  "roc_auc": 0.7034739454094293,
  "pr_auc": 0.425225442341176
}