{
  "f1": 0.47058823529411764,
  "roc_auc": 0.7856242118537201,
  "pr_auc": 0.5359882716070008
}