{
  "f1": 0.5142857142857142,
  "roc_auc": 0.8287841191066998,
  "pr_auc": 0.6643598510029292
}