{
  "f1": 0.42105263157894735,
  "roc_auc": 0.6622718052738337,
  "pr_auc": 0.41939616828849857
}