{
  "f1": 0.47619047619047616,
  "roc_auc": 0.7253588516746412,
  "pr_auc": 0.6204823217492315
}