{
  "f1": 0.4375,
  "roc_auc": 0.7023809523809524,
  "pr_auc": 0.43374622903592386
}