{
  "f1": 0.46808510638297873,
  "roc_auc": 0.7069143446852424,
  "pr_auc": 0.5953418797845046
}