{
  "f1": 0.3684210526315789,
  "roc_auc": 0.6809583858764187,
  "pr_auc": 0.43713899331311895
}