{
  "f1": 0.5581395348837209,
  "roc_auc": 0.7688492063492064,
  "pr_auc": 0.5968149714828072
}