{
  "f1": 0.3870967741935484,
  "roc_auc": 0.7142857142857143,
  "pr_auc": 0.3525390334335811
}