{
  "f1": 0.2857142857142857,
  "roc_auc": 0.6030769230769231,
  "pr_auc": 0.28586503501800425
}