{
  "f1": 0.4,
  "roc_auc": 0.6596119929453264,
  "pr_auc": 0.49878084781435483
}