{
  "f1": 0.5581395348837209,
  "roc_auc": 0.79,
  "pr_auc": 0.5967858859108625
}