{
  "f1": 0.5853658536585366,
  "roc_auc": 0.7936016511867905,
  "pr_auc": 0.6348672139578353
}