{
  "f1": 0.5238095238095238,
  "roc_auc": 0.7513227513227513,
  "pr_auc": 0.5260216942729052
}