{
  "f1": 0.5853658536585366,
  "roc_auc": 0.7606490872210953,
  "pr_auc": 0.6323132769696137
}