{
  "f1": 0.34285714285714286,
  "roc_auc": 0.6426799007444168,
  "pr_auc": 0.3569547724154064
}