{
  "f1": 0.6666666666666666,
  "roc_auc": 0.8253968253968255,
  "pr_auc": 0.7899891885201462
}