{
  "f1": 0.5294117647058824,
  "roc_auc": 0.7826704545454546,
  "pr_auc": 0.555381092337614
}