{
  "mean": 0.5314978354978355,
  "std": 0.20523098584921412,
  "dist": [
    0.1818181818181818,
    1.0,
    0.6,
    0.75,
    0.5,
    0.8,
    0.6666666666666666,
    0.5714285714285714,
    0.25,
    0.2857142857142857,
    0.5714285714285714,
    0.6666666666666666,
    0.6666666666666666,
    0.3333333333333333,
    0.3333333333333333,
    0.8,
    0.5714285714285714,
    0.6666666666666666,
    0.5,
    0.0,
    0.2222222222222222,
    0.6,
    0.6666666666666666,
    0.8,
    0.4,
    0.6666666666666666,
    0.6666666666666666,
    0.3333333333333333,
    0.5,
    0.5714285714285714,
    0.3333333333333333,
    0.5,
    0.4,
    0.6666666666666666,
    0.7272727272727273,
    0.5,
    0.25,
    0.5,
    0.3333333333333333,
    0.9090909090909092,
    0.5714285714285714,
    0.4285714285714285,
    0.5714285714285714,
    0.5714285714285714,
    0.6666666666666666,
    0.4444444444444444,
    0.4,
    0.25,
    0.9090909090909092,
    0.5
  ]
}