rep,fold,f1,roc_auc,pr_auc
1,1,0.18181818181818182,0.42592592592592593,0.36388684415000205
1,2,1.0,1.0,1.0
1,3,0.6,0.9500000000000001,0.7555555555555555
1,4,0.75,0.8157894736842106,0.5458333333333333
1,5,0.5,0.6710526315789473,0.6125
