{
  "t_test": {
    "t_stat": 0.4387183386426845,
    "p_value": 0.6627940354683155
  },
  "wilcoxon": {
    "w_stat": 272.0,
    "p_value": 0.8792268986677886
  }
}