{
  "mean": 0.33815500701568807,
  "std": 0.13659957986782292,
  "dist": [
    0.5263157894736842,
    0.25,
    0.3333333333333333,
    0.2,
    0.3076923076923077,
    0.3636363636363636,
    0.0,
    0.4,
    0.3333333333333333,
    0.4705882352941176,
    0.3529411764705882,
    0.1818181818181818,
    0.6,
    0.1666666666666666,
    0.4,
    0.3076923076923077,
    0.1666666666666666,
    0.2857142857142857,
    0.5263157894736842,
    0.3333333333333333,
    0.125,
    0.5555555555555556,
    0.4444444444444444,
    0.4,
    0.2352941176470588,
    0.3636363636363636,
    0.4615384615384615,
    0.4285714285714285,
    0.125,
    0.375,
    0.5,
    0.2352941176470588,
    0.375,
    0.3076923076923077,
    0.25,
    0.1818181818181818,
    0.3333333333333333,
    0.3157894736842105,
    0.5714285714285714,
    0.2857142857142857,
    0.5882352941176471,
    0.5454545454545454,
    0.1,
    0.3333333333333333,
    0.2,
    0.3636363636363636,
    0.3333333333333333,
    0.3333333333333333,
    0.4615384615384615,
    0.2727272727272727
  ]
}