{
  "t_test": {
    "t_stat": 0.8913949815233384,
    "p_value": 0.3770736881169632
  },
  "wilcoxon": {
    "w_stat": 473.0,
    "p_value": 0.6154480342412032
  }
}