{
  "mean": 0.260379628999349,
  "std": 0.1253892155110873,
  "dist": [
    0.4347826086956521,
    0.2727272727272727,
    0.2352941176470588,
    0.1538461538461538,
    0.1904761904761904,
    0.2,
    0.1111111111111111,
    0.3809523809523809,
    0.2666666666666666,
    0.3636363636363636,
    0.1739130434782608,
    0.0,
    0.3333333333333333,
    0.2352941176470588,
    0.5,
    0.2666666666666666,
    0.0909090909090909,
    0.1904761904761904,
    0.4761904761904761,
    0.3529411764705882,
    0.2857142857142857,
    0.4545454545454545,
    0.1111111111111111,
    0.2352941176470588,
    0.2222222222222222,
    0.1904761904761904,
    0.1333333333333333,
    0.4,
    0.3,
    0.3,
    0.3636363636363636,
    0.2105263157894736,
    0.3809523809523809,
    0.1176470588235294,
    0.2352941176470588,
    0.0,
    0.2105263157894736,
    0.3333333333333333,
    0.4444444444444444,
    0.2105263157894736,
    0.4,
    0.3529411764705882,
    0.3076923076923077,
    0.1176470588235294,
    0.125,
    0.2666666666666666,
    0.3157894736842105,
    0.0,
    0.4444444444444444,
    0.32
  ]
}