{
  "t_test": {
    "t_stat": -3.493891336051304,
    "p_value": 0.00101980791556836
  },
  "wilcoxon": {
    "w_stat": 201.0,
    "p_value": 0.0010218274312069322
  }
}