{
  "f1": 0.46511627906976744,
  "roc_auc": 0.7235169491525424,
  "pr_auc": 0.45380942755318887
}