{
  "f1": 0.3684210526315789,
  "roc_auc": 0.8453124999999999,
  "pr_auc": 0.5803068735558372
}