{
  "f1": 0.34782608695652173,
  "roc_auc": 0.674937965260546,
  "pr_auc": 0.3509946735848997
}