{
  "f1": 0.5365853658536586,
  "roc_auc": 0.7796610169491527,
  "pr_auc": 0.6520651172118376
}