{
  "f1": 0.36363636363636365,
  "roc_auc": 0.7400000000000001,
  "pr_auc": 0.5339720090934924
}