{
  "f1": 0.6666666666666666,
  "roc_auc": 0.9531615925058547,
  "pr_auc": 0.8434508613080041
}