{
  "f1": 0.4864864864864865,
  "roc_auc": 0.7258064516129032,
  "pr_auc": 0.3987466650560707
}