{
  "f1": 0.3181818181818182,
  "roc_auc": 0.623728813559322,
  "pr_auc": 0.39309027283787595
}