{
  "f1": 0.64,
  "roc_auc": 0.810405643738977,
  "pr_auc": 0.6759280004936108
}