{
  "f1": 0.4,
  "roc_auc": 0.7258064516129032,
  "pr_auc": 0.5392546936322302
}