{
  "f1": 0.36363636363636365,
  "roc_auc": 0.6985645933014354,
  "pr_auc": 0.5757885873567548
}