{
  "f1": 0.46153846153846156,
  "roc_auc": 0.7831021437578815,
  "pr_auc": 0.6028934994844795
}