{
  "f1": 0.6530612244897959,
  "roc_auc": 0.8430335097001763,
  "pr_auc": 0.7660559836693523
}