{
  "mean": 0.4485025901744168,
  "std": 0.12984351250381493,
  "dist": [
    0.631578947368421,
    0.4210526315789473,
    0.5,
    0.2,
    0.4444444444444444,
    0.5333333333333333,
    0.6,
    0.5,
    0.2,
    0.3333333333333333,
    0.2857142857142857,
    0.7368421052631579,
    0.4615384615384615,
    0.2666666666666666,
    0.5,
    0.5925925925925926,
    0.3636363636363636,
    0.4210526315789473,
    0.5,
    0.25,
    0.4285714285714285,
    0.25,
    0.4615384615384615,
    0.6,
    0.4444444444444444,
    0.6,
    0.3157894736842105,
    0.4285714285714285,
    0.6666666666666666,
    0.3333333333333333,
    0.5,
    0.4705882352941176,
    0.5,
    0.4615384615384615,
    0.3636363636363636,
    0.5263157894736842,
    0.4761904761904761,
    0.2857142857142857,
    0.4444444444444444,
    0.6,
    0.4615384615384615,
    0.4705882352941176,
    0.4705882352941176,
    0.5333333333333333,
    0.3636363636363636,
    0.5333333333333333,
    0.5263157894736842,
    0.1666666666666666,
    0.6666666666666666,
    0.3333333333333333
  ]
}