{
  "t_test": {
    "t_stat": -1.4543755446105786,
    "p_value": 0.15221826443476583
  },
  "wilcoxon": {
    "w_stat": 472.5,
    "p_value": 0.1637239312774028
  }
}