{
  "f1": 0.4,
  "roc_auc": 0.6403940886699507,
  "pr_auc": 0.464578111946533
}