{
  "f1": 0.6153846153846154,
  "roc_auc": 0.9055555555555556,
  "pr_auc": 0.6194805194805194
}