{
  "f1": 0.2857142857142857,
  "roc_auc": 0.55,
  "pr_auc": 0.25948569799376253
}