{
  "f1": 0.0,
  "roc_auc": 0.484375,
  "pr_auc": 0.12813852813852813
}