{
  "f1": 0.8,
  "roc_auc": 0.9310344827586206,
  "pr_auc": 0.9047619047619047
}