{
  "f1": 0.5555555555555556,
  "roc_auc": 0.9055555555555557,
  "pr_auc": 0.6992063492063492
}