{
  "f1": 0.26666666666666666,
  "roc_auc": 0.546875,
  "pr_auc": 0.36621732026143794
}