{
  "f1": 0.5555555555555556,
  "roc_auc": 0.7098214285714285,
  "pr_auc": 0.5867753623188405
}