{
  "f1": 0.18181818181818182,
  "roc_auc": 0.5252525252525253,
  "pr_auc": 0.15379901960784315
}