{
  "f1": 0.6153846153846154,
  "roc_auc": 0.8722222222222221,
  "pr_auc": 0.5956922162804515
}