{
  "f1": 0.2,
  "roc_auc": 0.6262626262626263,
  "pr_auc": 0.2567049808429119
}