{
  "f1": 0.26666666666666666,
  "roc_auc": 0.7612903225806451,
  "pr_auc": 0.28704545454545455
}