{
  "f1": 0.6666666666666666,
  "roc_auc": 0.8029556650246304,
  "pr_auc": 0.6262705082032813
}