{
  "f1": 0.125,
  "roc_auc": 0.5703125,
  "pr_auc": 0.3544612794612795
}