{
  "f1": 0.18181818181818182,
  "roc_auc": 0.5133928571428572,
  "pr_auc": 0.2554504499087355
}