{
  "f1": 0.42105263157894735,
  "roc_auc": 0.8078817733990147,
  "pr_auc": 0.6476604278074867
}