{
  "f1": 0.18181818181818182,
  "roc_auc": 0.4296875,
  "pr_auc": 0.1669047619047619
}