{
  "f1": 0.35294117647058826,
  "roc_auc": 0.5666666666666667,
  "pr_auc": 0.36538461538461536
}