{
  "f1": 0.26666666666666666,
  "roc_auc": 0.5870967741935484,
  "pr_auc": 0.2042213207121929
}