{
  "f1": 0.5714285714285714,
  "roc_auc": 0.9705882352941176,
  "pr_auc": 0.75
}