{
  "f1": 0.42857142857142855,
  "roc_auc": 0.6903225806451614,
  "pr_auc": 0.3514285714285714
}