{
  "f1": 0.42105263157894735,
  "roc_auc": 0.7142857142857144,
  "pr_auc": 0.6212367555717939
}