{
  "f1": 0.2222222222222222,
  "roc_auc": 0.5147058823529411,
  "pr_auc": 0.19696969696969696
}