{
  "f1": 0.26666666666666666,
  "roc_auc": 0.9558823529411764,
  "pr_auc": 0.5
}