{
  "f1": 0.2222222222222222,
  "roc_auc": 0.5123152709359606,
  "pr_auc": 0.3393623811080496
}