{
  "f1": 0.46153846153846156,
  "roc_auc": 0.78125,
  "pr_auc": 0.5488782051282051
}