{
  "f1": 0.3157894736842105,
  "roc_auc": 0.58128078817734,
  "pr_auc": 0.4256296248907086
}