{
  "f1": 0.42857142857142855,
  "roc_auc": 0.6888888888888889,
  "pr_auc": 0.446031746031746
}