{
  "f1": 0.38095238095238093,
  "roc_auc": 0.7666666666666667,
  "pr_auc": 0.5212962962962963
}