{
  "f1": 0.4444444444444444,
  "roc_auc": 0.6428571428571429,
  "pr_auc": 0.5283725072947397
}