{
  "f1": 0.16666666666666666,
  "roc_auc": 0.6262626262626263,
  "pr_auc": 0.16847826086956522
}