{
  "f1": 0.2,
  "roc_auc": 0.46464646464646464,
  "pr_auc": 0.17222222222222222
}