{
  "f1": 0.15384615384615385,
  "roc_auc": 0.47096774193548385,
  "pr_auc": 0.15612179487179487
}