{
  "f1": 0.36363636363636365,
  "roc_auc": 0.8484848484848485,
  "pr_auc": 0.3492063492063492
}