{
  "f1": 0.4,
  "roc_auc": 0.5870967741935483,
  "pr_auc": 0.2593406593406593
}