{
  "f1": 0.25,
  "roc_auc": 0.31111111111111117,
  "pr_auc": 0.3437001594896332
}