{
  "f1": 0.25,
  "roc_auc": 0.734375,
  "pr_auc": 0.4552188552188552
}