{
  "f1": 0.36363636363636365,
  "roc_auc": 0.78125,
  "pr_auc": 0.3291467304625199
}