{
  "f1": 0.25,
  "roc_auc": 0.6967741935483871,
  "pr_auc": 0.28781609195402297
}