{
  "f1": 0.2222222222222222,
  "roc_auc": 0.5882352941176471,
  "pr_auc": 0.5333333333333333
}