{
  "f1": 0.5,
  "roc_auc": 0.8970588235294118,
  "pr_auc": 0.6111111111111112
}