{
  "f1": 0.4444444444444444,
  "roc_auc": 0.7421875,
  "pr_auc": 0.4094827586206896
}