{
  "f1": 0.5,
  "roc_auc": 0.8787878787878789,
  "pr_auc": 0.626984126984127
}