{
  "f1": 0.4,
  "roc_auc": 0.8088235294117647,
  "pr_auc": 0.24358974358974358
}