{
  "f1": 0.18181818181818182,
  "roc_auc": 0.7474747474747475,
  "pr_auc": 0.18803418803418806
}