{
  "f1": 0.18181818181818182,
  "roc_auc": 0.797979797979798,
  "pr_auc": 0.3074074074074074
}