{
  "f1": 0.4444444444444444,
  "roc_auc": 0.9494949494949495,
  "pr_auc": 0.6984126984126984
}