{
  "f1": 0.0,
  "roc_auc": 0.5656565656565656,
  "pr_auc": 0.13560606060606062
}