{
  "f1": 0.6,
  "roc_auc": 0.7548387096774194,
  "pr_auc": 0.5438095238095237
}