{
  "f1": 0.6,
  "roc_auc": 0.9595959595959597,
  "pr_auc": 0.5888888888888889
}