{
  "f1": 0.4,
  "roc_auc": 0.921875,
  "pr_auc": 0.6575757575757576
}