{
  "f1": 0.6666666666666666,
  "roc_auc": 0.9609375,
  "pr_auc": 0.7928571428571428
}