{
  "f1": 0.25,
  "roc_auc": 0.7741935483870968,
  "pr_auc": 0.48512820512820515
}