{
  "f1": 0.3076923076923077,
  "roc_auc": 0.7474747474747474,
  "pr_auc": 0.2378167641325536
}