{
  "f1": 0.2222222222222222,
  "roc_auc": 0.8515625,
  "pr_auc": 0.37351190476190477
}