{
  "f1": 0.5454545454545454,
  "roc_auc": 0.896774193548387,
  "pr_auc": 0.5112087912087911
}