{
  "f1": 0.4,
  "roc_auc": 0.6640625,
  "pr_auc": 0.307258064516129
}