{
  "f1": 0.2857142857142857,
  "roc_auc": 0.6277777777777778,
  "pr_auc": 0.30034745955798586
}