{
  "f1": 0.3076923076923077,
  "roc_auc": 0.578125,
  "pr_auc": 0.37857142857142856
}