{
  "f1": 0.375,
  "roc_auc": 0.8046875,
  "pr_auc": 0.442287784679089
}