{
  "f1": 0.3157894736842105,
  "roc_auc": 0.6473214285714286,
  "pr_auc": 0.5452726829700514
}