{
  "f1": 0.14285714285714285,
  "roc_auc": 0.5390625,
  "pr_auc": 0.18752763041556145
}