{
  "f1": 0.16666666666666666,
  "roc_auc": 0.47321428571428575,
  "pr_auc": 0.34180716384697113
}