{
  "f1": 0.32558139534883723,
  "roc_auc": 0.6483050847457628,
  "pr_auc": 0.3669521984767661
}