{
  "f1": 0.75,
  "roc_auc": 0.8551587301587301,
  "pr_auc": 0.7664805156038537
}