{
  "f1": 0.5116279069767442,
  "roc_auc": 0.7400793650793651,
  "pr_auc": 0.5570662071900278
}