{
  "f1": 0.46511627906976744,
  "roc_auc": 0.7934322033898304,
  "pr_auc": 0.5554262780179542
}