{
  "f1": 0.4117647058823529,
  "roc_auc": 0.8359375,
  "pr_auc": 0.5314726939726939
}