{
  "f1": 0.45714285714285713,
  "roc_auc": 0.6861042183622827,
  "pr_auc": 0.377138935871956
}