{
  "f1": 0.5789473684210527,
  "roc_auc": 0.8158192090395481,
  "pr_auc": 0.5805664939184119
}