{
  "f1": 0.2962962962962963,
  "roc_auc": 0.6353846153846153,
  "pr_auc": 0.3630580245133138
}