{
  "f1": 0.5263157894736842,
  "roc_auc": 0.7831021437578815,
  "pr_auc": 0.5035915611292621
}