{
  "f1": 0.26666666666666666,
  "roc_auc": 0.9411764705882353,
  "pr_auc": 0.45
}