{
  "f1": 0.375,
  "roc_auc": 0.5548387096774193,
  "pr_auc": 0.20006216006216007
}