{
  "f1": 0.6363636363636364,
  "roc_auc": 0.7991071428571429,
  "pr_auc": 0.6411595796676441
}