{
  "f1": 0.5555555555555556,
  "roc_auc": 0.8,
  "pr_auc": 0.5534511784511784
}