{
  "f1": 0.26666666666666666,
  "roc_auc": 0.546875,
  "pr_auc": 0.17366883116883117
}