{
  "f1": 0.47058823529411764,
  "roc_auc": 0.5833333333333334,
  "pr_auc": 0.3573380867498514
}