{
  "f1": 0.5555555555555556,
  "roc_auc": 0.8177339901477833,
  "pr_auc": 0.7177179962894249
}