{
  "f1": 0.36363636363636365,
  "roc_auc": 0.6328125,
  "pr_auc": 0.3586309523809524
}