{
  "f1": 0.3076923076923077,
  "roc_auc": 0.6222222222222222,
  "pr_auc": 0.4379615482556659
}