{
  "f1": 0.4,
  "roc_auc": 0.7555555555555556,
  "pr_auc": 0.5230663972043282
}