{
  "f1": 0.2857142857142857,
  "roc_auc": 0.5483870967741935,
  "pr_auc": 0.406646294881589
}