{
  "f1": 0.4,
  "roc_auc": 0.5044642857142858,
  "pr_auc": 0.362262172485186
}