{
  "f1": 0.14285714285714285,
  "roc_auc": 0.6323529411764706,
  "pr_auc": 0.10416666666666666
}