{
  "f1": 0.15384615384615385,
  "roc_auc": 0.6363636363636364,
  "pr_auc": 0.13831908831908832
}