{
  "f1": 0.5,
  "roc_auc": 0.6108374384236454,
  "pr_auc": 0.41617796543904917
}