{
  "f1": 0.5333333333333333,
  "roc_auc": 0.7612903225806451,
  "pr_auc": 0.37203703703703705
}