{
  "f1": 0.6666666666666666,
  "roc_auc": 0.8277777777777778,
  "pr_auc": 0.5874033374033374
}