{
  "f1": 0.15384615384615385,
  "roc_auc": 0.6767676767676767,
  "pr_auc": 0.15946918578497526
}