{
  "f1": 0.14285714285714285,
  "roc_auc": 0.5078125,
  "pr_auc": 0.22226731601731603
}