{
  "f1": 0.26666666666666666,
  "roc_auc": 0.5546875,
  "pr_auc": 0.5545634920634921
}