{
  "f1": 0.375,
  "roc_auc": 0.5911330049261083,
  "pr_auc": 0.30940709617180207
}