{
  "f1": 0.47058823529411764,
  "roc_auc": 0.561576354679803,
  "pr_auc": 0.4353952692187986
}