{
  "f1": 0.5333333333333333,
  "roc_auc": 0.7833333333333334,
  "pr_auc": 0.5002136752136752
}