{
  "f1": 0.3076923076923077,
  "roc_auc": 0.707070707070707,
  "pr_auc": 0.22323232323232323
}