{
  "f1": 0.0,
  "roc_auc": 0.33333333333333326,
  "pr_auc": 0.08451548451548452
}