{
  "f1": 0.26666666666666666,
  "roc_auc": 0.5333333333333334,
  "pr_auc": 0.3733211233211233
}