{
  "f1": 0.35294117647058826,
  "roc_auc": 0.6607142857142857,
  "pr_auc": 0.5524265094173562
}