{
  "f1": 0.4,
  "roc_auc": 0.6000000000000001,
  "pr_auc": 0.39986737400530503
}