{
  "f1": 0.125,
  "roc_auc": 0.4296875,
  "pr_auc": 0.1164272030651341
}