{
  "f1": 0.5882352941176471,
  "roc_auc": 0.689655172413793,
  "pr_auc": 0.5038402457757296
}