{
  "f1": 0.375,
  "roc_auc": 0.6258064516129032,
  "pr_auc": 0.43934065934065936
}