{
  "f1": 0.36363636363636365,
  "roc_auc": 0.6565656565656565,
  "pr_auc": 0.17735042735042736
}