{
  "f1": 0.375,
  "roc_auc": 0.7225806451612903,
  "pr_auc": 0.4152421652421653
}