{
  "mean": 0.3176934176934177,
  "std": 0.18047337283005654,
  "dist": [
    0.5,
    0.2222222222222222,
    0.2,
    0.4,
    0.2857142857142857,
    0.3333333333333333,
    0.3333333333333333,
    0.4,
    0.2222222222222222,
    0.4,
    0.0,
    0.2857142857142857,
    0.4,
    0.5,
    0.3333333333333333,
    0.3333333333333333,
    0.6666666666666666,
    0.0,
    0.2,
    0.3076923076923077,
    0.5333333333333333,
    0.2222222222222222,
    0.2857142857142857,
    0.2,
    0.2857142857142857,
    0.5454545454545454,
    0.0,
    0.2222222222222222,
    0.4,
    0.3636363636363636,
    0.4,
    0.8,
    0.2222222222222222,
    0.0,
    0.2,
    0.2222222222222222,
    0.2,
    0.4444444444444444,
    0.25,
    0.5,
    0.0,
    0.4,
    0.4285714285714285,
    0.2,
    0.5714285714285714,
    0.4615384615384615,
    0.2857142857142857,
    0.6666666666666666,
    0.25,
    0.0
  ]
}