{
  "t_test": {
    "t_stat": 6.333990848732335,
    "p_value": 7.137593236922749e-08
  },
  "wilcoxon": {
    "w_stat": 33.5,
    "p_value": 2.52301345748759e-06
  }
}