{
  "f1": 0.5641025641025641,
  "roc_auc": 0.8399503722084367,
  "pr_auc": 0.5474105575527682
}