{
  "f1": 0.42857142857142855,
  "roc_auc": 0.7155555555555555,
  "pr_auc": 0.447430413617546
}