{
  "f1": 0.6842105263157895,
  "roc_auc": 0.9019396551724137,
  "pr_auc": 0.7441098389627802
}