{
  "f1": 0.625,
  "roc_auc": 0.7353629976580797,
  "pr_auc": 0.5563871346919618
}