{
  "f1": 0.5,
  "roc_auc": 0.7444168734491317,
  "pr_auc": 0.35654345705997137
}