{
  "f1": 0.358974358974359,
  "roc_auc": 0.7447089947089947,
  "pr_auc": 0.4238110618924572
}