{
  "f1": 0.5714285714285714,
  "roc_auc": 0.862547288776797,
  "pr_auc": 0.590480246249477
}