{
  "f1": 0.35294117647058826,
  "roc_auc": 0.7238805970149254,
  "pr_auc": 0.3339504551820728
}