{
  "f1": 0.723404255319149,
  "roc_auc": 0.9138755980861244,
  "pr_auc": 0.685694330055112
}