{
  "f1": 0.4444444444444444,
  "roc_auc": 0.7295285359801489,
  "pr_auc": 0.49795551322773846
}