{
  "f1": 0.55,
  "roc_auc": 0.7722457627118644,
  "pr_auc": 0.5979069319465653
}