{
  "f1": 0.5142857142857142,
  "roc_auc": 0.663135593220339,
  "pr_auc": 0.4781736718590662
}