{
  "f1": 0.5238095238095238,
  "roc_auc": 0.7347781217750259,
  "pr_auc": 0.5142475803943747
}