{
  "f1": 0.5581395348837209,
  "roc_auc": 0.7569377990430621,
  "pr_auc": 0.5710296021263838
}