{
  "f1": 0.5365853658536586,
  "roc_auc": 0.7288888888888889,
  "pr_auc": 0.5121529537378681
}