{
  "f1": 0.43243243243243246,
  "roc_auc": 0.7419354838709677,
  "pr_auc": 0.47600899334092617
}