{
  "f1": 0.5454545454545454,
  "roc_auc": 0.7426900584795322,
  "pr_auc": 0.45938288024481766
}