{
  "f1": 0.4878048780487805,
  "roc_auc": 0.7079107505070994,
  "pr_auc": 0.5212200330117005
}