{
  "f1": 0.6,
  "roc_auc": 0.7495590828924162,
  "pr_auc": 0.6354143423937186
}