{
  "f1": 0.5128205128205128,
  "roc_auc": 0.7049180327868851,
  "pr_auc": 0.40110701373859264
}