{
  "f1": 0.32432432432432434,
  "roc_auc": 0.7354497354497355,
  "pr_auc": 0.4301873248363239
}