{
  "f1": 0.6,
  "roc_auc": 0.8621468926553673,
  "pr_auc": 0.7721083524791964
}