{
  "f1": 0.6222222222222222,
  "roc_auc": 0.8430799220272904,
  "pr_auc": 0.7783171879416011
}