{
  "f1": 0.41379310344827586,
  "roc_auc": 0.7845117845117845,
  "pr_auc": 0.3710205950180887
}