{
  "f1": 0.46153846153846156,
  "roc_auc": 0.7939110070257611,
  "pr_auc": 0.48451894539386503
}