{
  "f1": 0.41379310344827586,
  "roc_auc": 0.5907692307692307,
  "pr_auc": 0.2242854055000314
}