{
  "f1": 0.6111111111111112,
  "roc_auc": 0.8451977401129943,
  "pr_auc": 0.5939515084195935
}