{
  "f1": 0.22857142857142856,
  "roc_auc": 0.5227272727272727,
  "pr_auc": 0.1771672008742794
}