{
  "f1": 0.5333333333333333,
  "roc_auc": 0.7424812030075189,
  "pr_auc": 0.5432548089859506
}