{
  "f1": 0.35,
  "roc_auc": 0.6587301587301587,
  "pr_auc": 0.2397616248140697
}