{
  "f1": 0.4,
  "roc_auc": 0.747008547008547,
  "pr_auc": 0.477396985730319
}