{
  "f1": 0.5555555555555556,
  "roc_auc": 0.7341269841269841,
  "pr_auc": 0.5842514957260333
}