{
  "f1": 0.5555555555555556,
  "roc_auc": 0.8225806451612904,
  "pr_auc": 0.5360802592893745
}