{
  "f1": 0.21621621621621623,
  "roc_auc": 0.6296875000000001,
  "pr_auc": 0.2769391914966277
}