{
  "f1": 0.23529411764705882,
  "roc_auc": 0.5923295454545454,
  "pr_auc": 0.28532621700887195
}