{
  "f1": 0.5384615384615384,
  "roc_auc": 0.8546875,
  "pr_auc": 0.643298722997971
}