{
  "f1": 0.5333333333333333,
  "roc_auc": 0.787524366471735,
  "pr_auc": 0.6044703541027071
}