{
  "f1": 0.6363636363636364,
  "roc_auc": 0.8890086206896551,
  "pr_auc": 0.7217836831737926
}