{
  "f1": 0.5128205128205128,
  "roc_auc": 0.8067796610169491,
  "pr_auc": 0.6124813341804093
}