{
  "f1": 0.5365853658536586,
  "roc_auc": 0.801111111111111,
  "pr_auc": 0.5504603731496316
}