{
  "f1": 0.5652173913043478,
  "roc_auc": 0.7684210526315789,
  "pr_auc": 0.590766507871771
}