{
  "f1": 0.5,
  "roc_auc": 0.739247311827957,
  "pr_auc": 0.45142107176098406
}