{
  "f1": 0.3783783783783784,
  "roc_auc": 0.7518037518037518,
  "pr_auc": 0.4541496067064249
}