{
  "f1": 0.46511627906976744,
  "roc_auc": 0.7142857142857143,
  "pr_auc": 0.5644047456547491
}