{
  "f1": 0.4864864864864865,
  "roc_auc": 0.8425925925925926,
  "pr_auc": 0.5284283625730993
}