{
  "f1": 0.46153846153846156,
  "roc_auc": 0.7553763440860215,
  "pr_auc": 0.5092404317348371
}