{
  "f1": 0.38461538461538464,
  "roc_auc": 0.653846153846154,
  "pr_auc": 0.27619080912909677
}