{
  "f1": 0.4666666666666667,
  "roc_auc": 0.725094577553594,
  "pr_auc": 0.4509488159336904
}