{
  "f1": 0.5128205128205128,
  "roc_auc": 0.7202729044834307,
  "pr_auc": 0.4483847771538684
}