{
  "f1": 0.3125,
  "roc_auc": 0.5173697270471463,
  "pr_auc": 0.24026096460756446
}