{
  "f1": 0.6,
  "roc_auc": 0.8002645502645502,
  "pr_auc": 0.4757110823511469
}