{
  "f1": 0.35714285714285715,
  "roc_auc": 0.6501240694789082,
  "pr_auc": 0.2929365194268748
}