{
  "f1": 0.48484848484848486,
  "roc_auc": 0.8268398268398269,
  "pr_auc": 0.468602636066751
}