{
  "f1": 0.6486486486486487,
  "roc_auc": 0.8677966101694915,
  "pr_auc": 0.7971690960369004
}