{
  "f1": 0.7142857142857143,
  "roc_auc": 0.8995215311004784,
  "pr_auc": 0.684135424707507
}