{
  "f1": 0.6829268292682927,
  "roc_auc": 0.9321120689655173,
  "pr_auc": 0.865551996799367
}