{
  "f1": 0.6,
  "roc_auc": 0.8566666666666667,
  "pr_auc": 0.5697155028813715
}