{
  "f1": 0.4117647058823529,
  "roc_auc": 0.7406947890818858,
  "pr_auc": 0.6024655155752499
}