{
  "f1": 0.4666666666666667,
  "roc_auc": 0.7033730158730158,
  "pr_auc": 0.558624025290692
}