{
  "f1": 0.5945945945945946,
  "roc_auc": 0.780701754385965,
  "pr_auc": 0.541804257043709
}