{
  "f1": 0.3888888888888889,
  "roc_auc": 0.7513227513227514,
  "pr_auc": 0.49616279812320185
}