{
  "f1": 0.5263157894736842,
  "roc_auc": 0.7502579979360166,
  "pr_auc": 0.5819913444526448
}