{
  "f1": 0.2857142857142857,
  "roc_auc": 0.6079545454545454,
  "pr_auc": 0.33286003242696305
}