{
  "f1": 0.48484848484848486,
  "roc_auc": 0.7740112994350282,
  "pr_auc": 0.444370290556408
}