{
  "f1": 0.5853658536585366,
  "roc_auc": 0.7961722488038278,
  "pr_auc": 0.6917903518967188
}