{
  "f1": 0.3076923076923077,
  "roc_auc": 0.6996268656716419,
  "pr_auc": 0.3248726404976405
}