{
  "f1": 0.5714285714285714,
  "roc_auc": 0.848587570621469,
  "pr_auc": 0.6514413137601992
}