{
  "f1": 0.1935483870967742,
  "roc_auc": 0.5284090909090908,
  "pr_auc": 0.21706779939062465
}