{
  "f1": 0.375,
  "roc_auc": 0.6428571428571428,
  "pr_auc": 0.32632936507936505
}