{
  "f1": 0.5142857142857142,
  "roc_auc": 0.8064516129032259,
  "pr_auc": 0.5031521935473835
}