{
  "f1": 0.45714285714285713,
  "roc_auc": 0.6514830508474576,
  "pr_auc": 0.5096198346030578
}