{
  "f1": 0.41025641025641024,
  "roc_auc": 0.6450304259634888,
  "pr_auc": 0.5068125540568164
}