{
  "f1": 0.30303030303030304,
  "roc_auc": 0.6221590909090909,
  "pr_auc": 0.3404774259319714
}