{
  "f1": 0.5714285714285714,
  "roc_auc": 0.7072310405643739,
  "pr_auc": 0.5903946524785895
}