{
  "f1": 0.46153846153846156,
  "roc_auc": 0.7366666666666667,
  "pr_auc": 0.5268769078858303
}