{
  "f1": 0.4878048780487805,
  "roc_auc": 0.7011278195488722,
  "pr_auc": 0.48407146932046907
}