{
  "f1": 0.5263157894736842,
  "roc_auc": 0.7358851674641148,
  "pr_auc": 0.5484854214415321
}