{
  "f1": 0.42424242424242425,
  "roc_auc": 0.7751322751322751,
  "pr_auc": 0.4746284271284271
}