{
  "f1": 0.5405405405405406,
  "roc_auc": 0.7717514124293785,
  "pr_auc": 0.6228263782322532
}