{
  "f1": 0.5882352941176471,
  "roc_auc": 0.8448928121059269,
  "pr_auc": 0.5880720832333736
}