{
  "f1": 0.375,
  "roc_auc": 0.8064516129032258,
  "pr_auc": 0.5385811430492282
}