{
  "f1": 0.5,
  "roc_auc": 0.680327868852459,
  "pr_auc": 0.4353355223797314
}