{
  "f1": 0.5263157894736842,
  "roc_auc": 0.7913135593220338,
  "pr_auc": 0.69129771858391
}