{
  "f1": 0.358974358974359,
  "roc_auc": 0.6885245901639344,
  "pr_auc": 0.3839949174598517
}