{
  "f1": 0.5789473684210527,
  "roc_auc": 0.7896825396825397,
  "pr_auc": 0.6813022256072987
}