{
  "f1": 0.4444444444444444,
  "roc_auc": 0.7985948477751756,
  "pr_auc": 0.5512144918521413
}