{
  "f1": 0.41379310344827586,
  "roc_auc": 0.7912457912457913,
  "pr_auc": 0.53763794165009
}