{
  "f1": 0.6666666666666666,
  "roc_auc": 0.9191810344827587,
  "pr_auc": 0.7631547272172272
}