{
  "f1": 0.5882352941176471,
  "roc_auc": 0.8300248138957816,
  "pr_auc": 0.6558068591087458
}