{
  "f1": 0.5,
  "roc_auc": 0.8484375,
  "pr_auc": 0.5112878875890532
}