{
  "f1": 0.3888888888888889,
  "roc_auc": 0.6726190476190477,
  "pr_auc": 0.516815310650927
}