{
  "f1": 0.3448275862068966,
  "roc_auc": 0.6854700854700855,
  "pr_auc": 0.3180082660226531
}