{
  "f1": 0.45714285714285713,
  "roc_auc": 0.7177777777777778,
  "pr_auc": 0.5343727920413717
}