{
  "f1": 0.375,
  "roc_auc": 0.7666666666666666,
  "pr_auc": 0.49299145299145297
}