{
  "f1": 0.15384615384615385,
  "roc_auc": 0.40625,
  "pr_auc": 0.14384920634920634
}