{
  "f1": 0.42857142857142855,
  "roc_auc": 0.6387096774193549,
  "pr_auc": 0.5351809954751132
}