{
  "f1": 0.23529411764705882,
  "roc_auc": 0.6322580645161291,
  "pr_auc": 0.22406604747162023
}