{
  "f1": 0.25,
  "roc_auc": 0.5096774193548387,
  "pr_auc": 0.2464285714285714
}