{
  "f1": 0.0,
  "roc_auc": 0.46875,
  "pr_auc": 0.12523690078037905
}