{
  "f1": 0.5,
  "roc_auc": 0.7420634920634921,
  "pr_auc": 0.609901862598448
}