{
  "f1": 0.6111111111111112,
  "roc_auc": 0.8327683615819209,
  "pr_auc": 0.6451845296264535
}