{
  "f1": 0.2962962962962963,
  "roc_auc": 0.6690340909090908,
  "pr_auc": 0.4111174696005008
}