{
  "f1": 0.2222222222222222,
  "roc_auc": 0.621875,
  "pr_auc": 0.31812585074090904
}