{
  "f1": 0.42857142857142855,
  "roc_auc": 0.6153846153846153,
  "pr_auc": 0.35741751266946176
}