{
  "f1": 0.5625,
  "roc_auc": 0.7265037593984963,
  "pr_auc": 0.4875630753499554
}