{
  "f1": 0.5217391304347826,
  "roc_auc": 0.8198653198653199,
  "pr_auc": 0.5481859410430838
}