{
  "f1": 0.6060606060606061,
  "roc_auc": 0.7891949152542372,
  "pr_auc": 0.5965433518404036
}