{
  "f1": 0.6,
  "roc_auc": 0.7363083164300203,
  "pr_auc": 0.5375837647782649
}