{
  "f1": 0.6451612903225806,
  "roc_auc": 0.8677966101694915,
  "pr_auc": 0.687807363045054
}