{
  "f1": 0.5517241379310345,
  "roc_auc": 0.71712158808933,
  "pr_auc": 0.5570975922859485
}