{
  "f1": 0.6341463414634146,
  "roc_auc": 0.7522045855379188,
  "pr_auc": 0.6408932260484992
}