{
  "f1": 0.4864864864864865,
  "roc_auc": 0.6943793911007026,
  "pr_auc": 0.36583513588848615
}