{
  "f1": 0.7,
  "roc_auc": 0.8870813397129187,
  "pr_auc": 0.5991006943406324
}