{
  "f1": 0.4666666666666667,
  "roc_auc": 0.835978835978836,
  "pr_auc": 0.5072886784992432
}