{
  "f1": 0.5454545454545454,
  "roc_auc": 0.7915632754342432,
  "pr_auc": 0.47061508793925705
}