{
  "f1": 0.6086956521739131,
  "roc_auc": 0.825,
  "pr_auc": 0.5197234763513834
}