{
  "f1": 0.5925925925925926,
  "roc_auc": 0.7271662763466041,
  "pr_auc": 0.5865403548528714
}