{
  "f1": 0.6875,
  "roc_auc": 0.8997844827586208,
  "pr_auc": 0.688068095764707
}