{
  "f1": 0.46153846153846156,
  "roc_auc": 0.7404661016949153,
  "pr_auc": 0.6014121080454393
}