{
  "f1": 0.5882352941176471,
  "roc_auc": 0.8911637931034484,
  "pr_auc": 0.7106322239134739
}