{
  "f1": 0.48484848484848486,
  "roc_auc": 0.7647058823529411,
  "pr_auc": 0.4915092649897116
}