{
  "f1": 0.42424242424242425,
  "roc_auc": 0.7658730158730158,
  "pr_auc": 0.43957279391175225
}