{
  "f1": 0.5,
  "roc_auc": 0.7887005649717514,
  "pr_auc": 0.551469527755165
}