{
  "f1": 0.47058823529411764,
  "roc_auc": 0.7333333333333333,
  "pr_auc": 0.49111314608125056
}