{
  "f1": 0.5333333333333333,
  "roc_auc": 0.8272383354350568,
  "pr_auc": 0.5501344666151968
}