{
  "f1": 0.23076923076923078,
  "roc_auc": 0.6847014925373134,
  "pr_auc": 0.29884182475598736
}