{
  "f1": 0.4,
  "roc_auc": 0.8008658008658008,
  "pr_auc": 0.4807837756113619
}