{
  "f1": 0.48,
  "roc_auc": 0.7616645649432534,
  "pr_auc": 0.44195485886662356
}