{
  "f1": 0.45454545454545453,
  "roc_auc": 0.7555555555555555,
  "pr_auc": 0.4654270015221615
}