{
  "f1": 0.42424242424242425,
  "roc_auc": 0.748015873015873,
  "pr_auc": 0.49912933198925497
}