{
  "f1": 0.45161290322580644,
  "roc_auc": 0.8126550868486352,
  "pr_auc": 0.49297975463245086
}