{
  "f1": 0.5555555555555556,
  "roc_auc": 0.7435406698564594,
  "pr_auc": 0.5297729310356941
}