{
  "f1": 0.3076923076923077,
  "roc_auc": 0.7642679900744417,
  "pr_auc": 0.35113080653093
}