{
  "f1": 0.2608695652173913,
  "roc_auc": 0.5568181818181818,
  "pr_auc": 0.3113387128162354
}