{
  "f1": 0.3076923076923077,
  "roc_auc": 0.5980113636363635,
  "pr_auc": 0.26186862082878853
}