{
  "f1": 0.5,
  "roc_auc": 0.7573099415204679,
  "pr_auc": 0.4505822711012947
}