{
  "f1": 0.6,
  "roc_auc": 0.7913875598086124,
  "pr_auc": 0.5707241033483037
}