{
  "f1": 0.5,
  "roc_auc": 0.7536723163841808,
  "pr_auc": 0.4644679398446696
}