{
  "f1": 0.5405405405405406,
  "roc_auc": 0.8001949317738791,
  "pr_auc": 0.5787794451889405
}