{
  "f1": 0.35714285714285715,
  "roc_auc": 0.771712158808933,
  "pr_auc": 0.4409472298614969
}