{
  "f1": 0.7027027027027027,
  "roc_auc": 0.8304093567251463,
  "pr_auc": 0.7494653718130609
}