{
  "f1": 0.3888888888888889,
  "roc_auc": 0.6777777777777778,
  "pr_auc": 0.3962748614506978
}