{
  "f1": 0.5185185185185185,
  "roc_auc": 0.728494623655914,
  "pr_auc": 0.43082511624178293
}