{
  "f1": 0.5142857142857142,
  "roc_auc": 0.7077777777777778,
  "pr_auc": 0.44933020715197447
}