{
  "f1": 0.5882352941176471,
  "roc_auc": 0.8233333333333334,
  "pr_auc": 0.5081217564004631
}