{
  "f1": 0.41379310344827586,
  "roc_auc": 0.8208430913348945,
  "pr_auc": 0.5698782100753124
}