{
  "f1": 0.37037037037037035,
  "roc_auc": 0.712962962962963,
  "pr_auc": 0.4050939079607558
}