{
  "f1": 0.32,
  "roc_auc": 0.6676923076923077,
  "pr_auc": 0.24727594673435518
}