{
  "f1": 0.4166666666666667,
  "roc_auc": 0.7658730158730159,
  "pr_auc": 0.4741278096870663
}