{
  "f1": 0.42105263157894735,
  "roc_auc": 0.8451612903225807,
  "pr_auc": 0.6110973084886129
}