{
  "f1": 0.47058823529411764,
  "roc_auc": 0.8516129032258065,
  "pr_auc": 0.5185897435897435
}