{
  "f1": 0.625,
  "roc_auc": 0.8277777777777778,
  "pr_auc": 0.5088319088319089
}