{
  "f1": 0.5714285714285714,
  "roc_auc": 0.7684729064039408,
  "pr_auc": 0.548967657238334
}