{
  "f1": 0.47058823529411764,
  "roc_auc": 0.8555555555555556,
  "pr_auc": 0.547289698605488
}