{
  "f1": 0.6153846153846154,
  "roc_auc": 0.75,
  "pr_auc": 0.5937114696305873
}