{
  "f1": 0.3333333333333333,
  "roc_auc": 0.859375,
  "pr_auc": 0.3458333333333333
}