{
  "f1": 0.4,
  "roc_auc": 0.8387096774193549,
  "pr_auc": 0.49025641025641026
}