{
  "f1": 0.43478260869565216,
  "roc_auc": 0.8611111111111112,
  "pr_auc": 0.5761544011544012
}