{
  "f1": 0.42105263157894735,
  "roc_auc": 0.7555555555555556,
  "pr_auc": 0.5968720821661998
}