{
  "f1": 0.45454545454545453,
  "roc_auc": 0.8029556650246306,
  "pr_auc": 0.4321228491396559
}