{
  "f1": 0.5263157894736842,
  "roc_auc": 0.7098214285714285,
  "pr_auc": 0.4358173076923077
}