{
  "f1": 0.5714285714285714,
  "roc_auc": 0.7991071428571428,
  "pr_auc": 0.5428695107574417
}