{
  "f1": 0.6363636363636364,
  "roc_auc": 0.9753694581280787,
  "pr_auc": 0.8954648526077096
}