{
  "f1": 0.11764705882352941,
  "roc_auc": 0.6000000000000001,
  "pr_auc": 0.18528645267775704
}