{
  "f1": 0.36363636363636365,
  "roc_auc": 0.6953125,
  "pr_auc": 0.29166666666666663
}