{
  "f1": 0.5333333333333333,
  "roc_auc": 0.7438423645320197,
  "pr_auc": 0.5383711060181648
}