{
  "f1": 0.18181818181818182,
  "roc_auc": 0.7272727272727273,
  "pr_auc": 0.28095238095238095
}