{
  "f1": 0.5263157894736842,
  "roc_auc": 0.788888888888889,
  "pr_auc": 0.6851809954751131
}