{
  "f1": 0.5555555555555556,
  "roc_auc": 0.9111111111111112,
  "pr_auc": 0.6061507936507936
}