{
  "f1": 0.5,
  "roc_auc": 0.9225806451612903,
  "pr_auc": 0.6699999999999999
}