{
  "f1": 0.6956521739130435,
  "roc_auc": 0.9464285714285714,
  "pr_auc": 0.8501984126984127
}