{
  "f1": 0.42857142857142855,
  "roc_auc": 0.6444444444444444,
  "pr_auc": 0.348062558356676
}