{
  "f1": 0.45454545454545453,
  "roc_auc": 0.8166666666666667,
  "pr_auc": 0.4064153439153439
}