{
  "f1": 0.5555555555555556,
  "roc_auc": 0.8035714285714285,
  "pr_auc": 0.712995337995338
}