{
  "f1": 0.42857142857142855,
  "roc_auc": 0.7421875,
  "pr_auc": 0.39059139784946234
}