{
  "f1": 0.47619047619047616,
  "roc_auc": 0.8055555555555556,
  "pr_auc": 0.3972222222222222
}