{
  "f1": 0.42857142857142855,
  "roc_auc": 0.8686868686868687,
  "pr_auc": 0.5194805194805194
}