{
  "f1": 0.4,
  "roc_auc": 0.8666666666666666,
  "pr_auc": 0.722017973856209
}