{
  "f1": 0.47619047619047616,
  "roc_auc": 0.9055555555555554,
  "pr_auc": 0.7223155929038282
}