{
  "f1": 0.5555555555555556,
  "roc_auc": 0.7586206896551724,
  "pr_auc": 0.5073639712295175
}