{
  "f1": 0.21052631578947367,
  "roc_auc": 0.6484375,
  "pr_auc": 0.17705415499533148
}