{
  "f1": 0.42105263157894735,
  "roc_auc": 0.8064516129032258,
  "pr_auc": 0.44047619047619047
}