{
  "f1": 0.25,
  "roc_auc": 0.5408163265306123,
  "pr_auc": 0.22168149311006452
}