{
  "f1": 0.48,
  "roc_auc": 0.8443877551020408,
  "pr_auc": 0.5105442176870748
}