{
  "f1": 0.3333333333333333,
  "roc_auc": 0.8706896551724137,
  "pr_auc": 0.6354166666666666
}