{
  "f1": 0.3157894736842105,
  "roc_auc": 0.8983050847457626,
  "pr_auc": 0.26587301587301587
}