{
  "f1": 0.3333333333333333,
  "roc_auc": 0.6517857142857142,
  "pr_auc": 0.22307347670250893
}