{
  "f1": 0.2727272727272727,
  "roc_auc": 0.9548022598870056,
  "pr_auc": 0.45833333333333326
}