{
  "f1": 0.46153846153846156,
  "roc_auc": 0.8176100628930818,
  "pr_auc": 0.5123184845407067
}