{
  "f1": 0.19047619047619047,
  "roc_auc": 0.6723163841807909,
  "pr_auc": 0.0942684766214178
}