{
  "f1": 0.3333333333333333,
  "roc_auc": 0.8080808080808081,
  "pr_auc": 0.31666666666666665
}