{
  "f1": 0.46153846153846156,
  "roc_auc": 0.7578125,
  "pr_auc": 0.7785714285714286
}