{
  "f1": 0.4,
  "roc_auc": 0.5714285714285715,
  "pr_auc": 0.4317171312969632
}