{
  "f1": 0.6666666666666666,
  "roc_auc": 0.8166666666666668,
  "pr_auc": 0.6845704948646124
}