{
  "f1": 0.4,
  "roc_auc": 0.6484375,
  "pr_auc": 0.32280701754385965
}