{
  "f1": 0.5555555555555556,
  "roc_auc": 0.7881773399014778,
  "pr_auc": 0.7849206349206348
}