{
  "f1": 0.4444444444444444,
  "roc_auc": 0.8979591836734695,
  "pr_auc": 0.6692619880119879
}