{
  "f1": 0.19047619047619047,
  "roc_auc": 0.6517857142857143,
  "pr_auc": 0.1599324345763626
}