{
  "f1": 0.3076923076923077,
  "roc_auc": 0.8005952380952381,
  "pr_auc": 0.3797206297206297
}