{
  "f1": 0.35714285714285715,
  "roc_auc": 0.8051948051948051,
  "pr_auc": 0.45933573429371743
}