{
  "f1": 0.2,
  "roc_auc": 0.5331632653061225,
  "pr_auc": 0.2220872406933788
}