{
  "f1": 0.09523809523809523,
  "roc_auc": 0.6724137931034482,
  "pr_auc": 0.3280011063986723
}