{
  "f1": 0.3076923076923077,
  "roc_auc": 0.6384615384615384,
  "pr_auc": 0.3093447160320225
}