{
  "f1": 0.4166666666666667,
  "roc_auc": 0.8233766233766233,
  "pr_auc": 0.5482142857142858
}