{
  "f1": 0.09090909090909091,
  "roc_auc": 0.4736842105263158,
  "pr_auc": 0.26970926301555104
}