{
  "f1": 0.23529411764705882,
  "roc_auc": 0.6421052631578947,
  "pr_auc": 0.34444444444444444
}