{
  "f1": 0.23076923076923078,
  "roc_auc": 0.7083333333333333,
  "pr_auc": 0.3207546114522859
}