{
  "f1": 0.4,
  "roc_auc": 0.7792207792207791,
  "pr_auc": 0.30197278911564623
}