{
  "f1": 0.38095238095238093,
  "roc_auc": 0.7708333333333334,
  "pr_auc": 0.4746447028423772
}