{
  "f1": 0.3,
  "roc_auc": 0.7801724137931034,
  "pr_auc": 0.37797619047619047
}