{
  "f1": 0.2,
  "roc_auc": 0.7288135593220338,
  "pr_auc": 0.16574074074074074
}