{
  "f1": 0.3333333333333333,
  "roc_auc": 0.8184523809523809,
  "pr_auc": 0.4616332497911445
}