{
  "f1": 0.2222222222222222,
  "roc_auc": 0.5229591836734693,
  "pr_auc": 0.15035100857501835
}