{
  "f1": 0.17391304347826086,
  "roc_auc": 0.5714285714285714,
  "pr_auc": 0.18947879513917248
}