{
  "f1": 0.2857142857142857,
  "roc_auc": 0.9548022598870057,
  "pr_auc": 0.6111111111111112
}