{
  "f1": 0.4,
  "roc_auc": 0.7959183673469388,
  "pr_auc": 0.34401783853003365
}