{
  "f1": 0.17391304347826086,
  "roc_auc": 0.6310344827586207,
  "pr_auc": 0.19435483870967746
}