{
  "f1": 0.36363636363636365,
  "roc_auc": 0.7857142857142857,
  "pr_auc": 0.44312751167589876
}