{
  "f1": 0.25,
  "roc_auc": 0.8448275862068966,
  "pr_auc": 0.2857142857142857
}