{
  "f1": 0.35294117647058826,
  "roc_auc": 0.7457627118644067,
  "pr_auc": 0.3105345911949685
}