{
  "f1": 0.32432432432432434,
  "roc_auc": 0.7134615384615385,
  "pr_auc": 0.3544706680648942
}