{
  "f1": 0.16,
  "roc_auc": 0.8531073446327684,
  "pr_auc": 0.7011494252873562
}