{
  "f1": 0.16666666666666666,
  "roc_auc": 0.7310344827586207,
  "pr_auc": 0.22883205456095482
}