{
  "f1": 0.34782608695652173,
  "roc_auc": 0.748051948051948,
  "pr_auc": 0.36407217432427513
}