{
  "f1": 0.3870967741935484,
  "roc_auc": 0.6346153846153846,
  "pr_auc": 0.2796094813482697
}