{
  "f1": 0.10526315789473684,
  "roc_auc": 0.6011904761904762,
  "pr_auc": 0.1673772386025029
}