{
  "f1": 0.3333333333333333,
  "roc_auc": 0.6947368421052631,
  "pr_auc": 0.3488461538461538
}