{
  "f1": 0.2857142857142857,
  "roc_auc": 0.6883116883116883,
  "pr_auc": 0.36418725886766257
}