{
  "f1": 0.25,
  "roc_auc": 0.8444444444444446,
  "pr_auc": 0.46703296703296704
}