{
  "f1": 0.1,
  "roc_auc": 0.5948275862068966,
  "pr_auc": 0.11875901875901877
}