{
  "f1": 0.09523809523809523,
  "roc_auc": 0.559322033898305,
  "pr_auc": 0.20777988614800758
}