{
  "f1": 0.21052631578947367,
  "roc_auc": 0.7758620689655171,
  "pr_auc": 0.37430555555555556
}