{
  "f1": 0.08695652173913043,
  "roc_auc": 0.4913793103448276,
  "pr_auc": 0.09379933649086875
}