{
  "f1": 0.14814814814814814,
  "roc_auc": 0.5694444444444444,
  "pr_auc": 0.20530454139945126
}