{
  "f1": 0.4,
  "roc_auc": 0.7263374485596708,
  "pr_auc": 0.44815609300491716
}