{
  "f1": 0.11764705882352941,
  "roc_auc": 0.6384180790960452,
  "pr_auc": 0.3870748299319728
}