{
  "f1": 0.0,
  "roc_auc": 0.288135593220339,
  "pr_auc": 0.04480618304437349
}