{
  "f1": 0.3076923076923077,
  "roc_auc": 0.601923076923077,
  "pr_auc": 0.2906989642703928
}