{
  "f1": 0.08333333333333333,
  "roc_auc": 0.5819209039548022,
  "pr_auc": 0.08351139601139601
}