{
  "f1": 0.24,
  "roc_auc": 0.5773809523809523,
  "pr_auc": 0.16554970961991833
}