{
  "f1": 0.3125,
  "roc_auc": 0.5650623885918004,
  "pr_auc": 0.24870162975426136
}