{
  "f1": 0.35294117647058826,
  "roc_auc": 0.8620689655172413,
  "pr_auc": 0.55625
}