{
  "f1": 0.2857142857142857,
  "roc_auc": 0.6181818181818182,
  "pr_auc": 0.28160958345290144
}