{
  "f1": 0.48,
  "roc_auc": 0.7484276729559749,
  "pr_auc": 0.4732400643748162
}