{
  "f1": 0.6,
  "roc_auc": 0.6322580645161291,
  "pr_auc": 0.6543778801843319
}