{
  "f1": 0.6666666666666666,
  "roc_auc": 0.9705882352941176,
  "pr_auc": 0.75
}