{
  "f1": 0.3333333333333333,
  "roc_auc": 0.5555555555555555,
  "pr_auc": 0.2570901320901321
}