{
  "f1": 0.2222222222222222,
  "roc_auc": 0.6565656565656565,
  "pr_auc": 0.1976190476190476
}