{
  "f1": 0.0,
  "roc_auc": 0.46464646464646464,
  "pr_auc": 0.10064102564102564
}