{
  "f1": 0.5555555555555556,
  "roc_auc": 0.875,
  "pr_auc": 0.7515899122807017
}