{
  "mean": 0.31481592487320037,
  "std": 0.17884232887815613,
  "dist": [
    0.0,
    0.5454545454545454,
    0.4615384615384615,
    0.4,
    0.2666666666666666,
    0.2857142857142857,
    0.3076923076923077,
    0.2222222222222222,
    0.5333333333333333,
    0.25,
    0.4,
    0.25,
    0.5,
    0.3333333333333333,
    0.1538461538461538,
    0.1818181818181818,
    0.4444444444444444,
    0.0,
    0.3333333333333333,
    0.6666666666666666,
    0.3333333333333333,
    0.5,
    0.2857142857142857,
    0.0,
    0.4,
    0.1666666666666666,
    0.4,
    0.625,
    0.1818181818181818,
    0.0,
    0.1818181818181818,
    0.4705882352941176,
    0.5,
    0.5,
    0.0,
    0.5,
    0.4,
    0.1666666666666666,
    0.0,
    0.4444444444444444,
    0.2857142857142857,
    0.4444444444444444,
    0.4,
    0.1666666666666666,
    0.4285714285714285,
    0.0,
    0.3333333333333333,
    0.3636363636363636,
    0.2,
    0.5263157894736842
  ]
}