{
  "t_test": {
    "t_stat": -5.286345528169317,
    "p_value": 2.8775317642198953e-06
  },
  "wilcoxon": {
    "w_stat": 37.0,
    "p_value": 1.3541690102329776e-05
  }
}