{
  "mean": 0.37506124267888974,
  "std": 0.18544269655759188,
  "dist": [
    0.1818181818181818,
    0.4615384615384615,
    0.5,
    0.5714285714285714,
    0.3333333333333333,
    0.4615384615384615,
    0.3636363636363636,
    0.2222222222222222,
    0.5333333333333333,
    0.2857142857142857,
    0.5,
    0.25,
    0.5333333333333333,
    0.3636363636363636,
    0.3076923076923077,
    0.1818181818181818,
    0.5555555555555556,
    0.0,
    0.3333333333333333,
    0.6,
    0.4285714285714285,
    0.5333333333333333,
    0.2857142857142857,
    0.0,
    0.6666666666666666,
    0.3636363636363636,
    0.4615384615384615,
    0.625,
    0.1818181818181818,
    0.0,
    0.1666666666666666,
    0.5555555555555556,
    0.5,
    0.6,
    0.0,
    0.5714285714285714,
    0.4,
    0.3076923076923077,
    0.0,
    0.6666666666666666,
    0.3333333333333333,
    0.5714285714285714,
    0.3636363636363636,
    0.3636363636363636,
    0.4285714285714285,
    0.2222222222222222,
    0.3333333333333333,
    0.4444444444444444,
    0.25,
    0.5882352941176471
  ]
}