{
  "f1": 0.4117647058823529,
  "roc_auc": 0.7377777777777778,
  "pr_auc": 0.3876062447403077
}