{
  "f1": 0.6829268292682927,
  "roc_auc": 0.8051146384479718,
  "pr_auc": 0.6476519012193882
}