{
  "f1": 0.4864864864864865,
  "roc_auc": 0.8114406779661016,
  "pr_auc": 0.6742216283113023
}