{
  "f1": 0.6060606060606061,
  "roc_auc": 0.824858757062147,
  "pr_auc": 0.6514942967802749
}