{
  "f1": 0.4,
  "roc_auc": 0.7765625,
  "pr_auc": 0.516921609179168
}