{
  "f1": 0.5,
  "roc_auc": 0.7521531100478469,
  "pr_auc": 0.49831140878646096
}