{
  "f1": 0.6111111111111112,
  "roc_auc": 0.7697768762677485,
  "pr_auc": 0.6672951369632483
}