{
  "f1": 0.5714285714285714,
  "roc_auc": 0.674074074074074,
  "pr_auc": 0.504767581566226
}