{
  "f1": 0.5116279069767442,
  "roc_auc": 0.8167641325536062,
  "pr_auc": 0.620398638567975
}