{
  "f1": 0.4117647058823529,
  "roc_auc": 0.7490542244640606,
  "pr_auc": 0.4401743466831403
}