{
  "f1": 0.5294117647058824,
  "roc_auc": 0.7523809523809524,
  "pr_auc": 0.4339834750283652
}