{
  "f1": 0.5294117647058824,
  "roc_auc": 0.7849898580121705,
  "pr_auc": 0.5683560262367051
}