{
  "f1": 0.358974358974359,
  "roc_auc": 0.680327868852459,
  "pr_auc": 0.4720032141356141
}