{
  "f1": 0.5142857142857142,
  "roc_auc": 0.8271186440677967,
  "pr_auc": 0.560501049884326
}