{
  "f1": 0.5625,
  "roc_auc": 0.7778904665314401,
  "pr_auc": 0.5951481318199291
}