{
  "f1": 0.5263157894736842,
  "roc_auc": 0.7415254237288136,
  "pr_auc": 0.4717310359077705
}