{
  "f1": 0.6666666666666666,
  "roc_auc": 0.8176100628930818,
  "pr_auc": 0.6718339335727432
}