{
  "f1": 0.5333333333333333,
  "roc_auc": 0.7440100882723835,
  "pr_auc": 0.49633692972942467
}