{
  "f1": 0.45714285714285713,
  "roc_auc": 0.7754237288135593,
  "pr_auc": 0.4620356541117993
}