{
  "f1": 0.3333333333333333,
  "roc_auc": 0.6957671957671958,
  "pr_auc": 0.3580191649309296
}