{
  "f1": 0.45714285714285713,
  "roc_auc": 0.8451704545454546,
  "pr_auc": 0.6370757427648923
}