{
  "f1": 0.4864864864864865,
  "roc_auc": 0.775175644028103,
  "pr_auc": 0.3992107196413919
}