{
  "f1": 0.6511627906976745,
  "roc_auc": 0.8377425044091711,
  "pr_auc": 0.731823050144286
}