{
  "f1": 0.48484848484848486,
  "roc_auc": 0.728287841191067,
  "pr_auc": 0.3472135683553148
}