{
  "f1": 0.5555555555555556,
  "roc_auc": 0.8077777777777777,
  "pr_auc": 0.540430774544289
}