{
  "f1": 0.4,
  "roc_auc": 0.6239406779661018,
  "pr_auc": 0.4454003203806703
}