{
  "f1": 0.2962962962962963,
  "roc_auc": 0.6461538461538462,
  "pr_auc": 0.3482935971685972
}