{
  "f1": 0.6842105263157895,
  "roc_auc": 0.8511904761904762,
  "pr_auc": 0.675677646793466
}