{
  "f1": 0.6530612244897959,
  "roc_auc": 0.8447971781305115,
  "pr_auc": 0.6717456313068921
}