{
  "f1": 0.6470588235294118,
  "roc_auc": 0.9145199063231849,
  "pr_auc": 0.7788574520717377
}