{
  "f1": 0.4864864864864865,
  "roc_auc": 0.7573099415204678,
  "pr_auc": 0.5992844626186403
}