{
  "f1": 0.3902439024390244,
  "roc_auc": 0.7431761786600496,
  "pr_auc": 0.4888532076032076
}