{
  "f1": 0.46153846153846156,
  "roc_auc": 0.8011111111111111,
  "pr_auc": 0.6104234216617646
}