{
  "f1": 0.4666666666666667,
  "roc_auc": 0.7369727047146402,
  "pr_auc": 0.418882111780144
}