{
  "f1": 0.6,
  "roc_auc": 0.7708333333333334,
  "pr_auc": 0.6061044852568911
}