{
  "f1": 0.6666666666666666,
  "roc_auc": 0.8462332301341589,
  "pr_auc": 0.6583414781439685
}