{
  "f1": 0.6190476190476191,
  "roc_auc": 0.7751322751322751,
  "pr_auc": 0.6313945912773042
}