{
  "f1": 0.6808510638297872,
  "roc_auc": 0.8382749326145552,
  "pr_auc": 0.6912934552500936
}