{
  "f1": 0.4,
  "roc_auc": 0.6678571428571428,
  "pr_auc": 0.4660809643086459
}