{
  "f1": 0.5,
  "roc_auc": 0.7450980392156862,
  "pr_auc": 0.5962935379966049
}