{
  "f1": 0.5333333333333333,
  "roc_auc": 0.8027295285359801,
  "pr_auc": 0.5774338087446387
}