{
  "f1": 0.5555555555555556,
  "roc_auc": 0.7559808612440191,
  "pr_auc": 0.6292182658958974
}