{
  "f1": 0.5294117647058824,
  "roc_auc": 0.8337468982630273,
  "pr_auc": 0.504238440414911
}