{
  "f1": 0.4,
  "roc_auc": 0.7507692307692307,
  "pr_auc": 0.5046729421627142
}