{
  "f1": 0.5789473684210527,
  "roc_auc": 0.7678571428571428,
  "pr_auc": 0.574559037906232
}