{
  "f1": 0.5365853658536586,
  "roc_auc": 0.7658898305084746,
  "pr_auc": 0.4930747045896719
}