{
  "f1": 0.42105263157894735,
  "roc_auc": 0.6689265536723163,
  "pr_auc": 0.4120493859238874
}