{
  "f1": 0.0,
  "roc_auc": 0.5441176470588236,
  "pr_auc": 0.08680555555555555
}