{
  "f1": 0.46153846153846156,
  "roc_auc": 0.8125,
  "pr_auc": 0.34013157894736845
}