{
  "f1": 0.6666666666666666,
  "roc_auc": 0.896774193548387,
  "pr_auc": 0.4553968253968254
}