{
  "f1": 0.18181818181818182,
  "roc_auc": 0.7714285714285715,
  "pr_auc": 0.1111111111111111
}