{
  "f1": 0.5333333333333333,
  "roc_auc": 0.828125,
  "pr_auc": 0.2992424242424242
}