{
  "f1": 0.2,
  "roc_auc": 0.7777777777777777,
  "pr_auc": 0.3055555555555556
}