{
  "f1": 0.36363636363636365,
  "roc_auc": 0.7474747474747474,
  "pr_auc": 0.2192982456140351
}