{
  "f1": 0.18181818181818182,
  "roc_auc": 0.59375,
  "pr_auc": 0.1605125745950554
}