{
  "f1": 0.46153846153846156,
  "roc_auc": 0.7548387096774194,
  "pr_auc": 0.33715957955088394
}