{
  "f1": 0.4,
  "roc_auc": 0.671875,
  "pr_auc": 0.21911764705882353
}