{
  "f1": 0.2222222222222222,
  "roc_auc": 0.8823529411764706,
  "pr_auc": 0.29166666666666663
}