{
  "f1": 0.25,
  "roc_auc": 0.8193548387096774,
  "pr_auc": 0.372156862745098
}