{
  "f1": 0.0,
  "roc_auc": 0.6363636363636362,
  "pr_auc": 0.1375272331154684
}