{
  "f1": 0.36363636363636365,
  "roc_auc": 0.7109375,
  "pr_auc": 0.23154761904761906
}