{
  "f1": 0.5454545454545454,
  "roc_auc": 0.8515625,
  "pr_auc": 0.675
}