{
  "f1": 0.0,
  "roc_auc": 0.6262626262626262,
  "pr_auc": 0.1338235294117647
}