{
  "f1": 0.25,
  "roc_auc": 0.7205882352941176,
  "pr_auc": 0.21929824561403508
}