{
  "f1": 0.2857142857142857,
  "roc_auc": 0.7676767676767676,
  "pr_auc": 0.45555555555555555
}