{
  "f1": 0.6666666666666666,
  "roc_auc": 0.953125,
  "pr_auc": 0.7678571428571428
}