{
  "f1": 0.8888888888888888,
  "roc_auc": 0.984375,
  "pr_auc": 0.8875
}