{
  "f1": 0.5454545454545454,
  "roc_auc": 0.796875,
  "pr_auc": 0.44047619047619047
}