{
  "f1": 0.5581395348837209,
  "roc_auc": 0.7446393762183237,
  "pr_auc": 0.5580296642075113
}