{
  "f1": 0.5142857142857142,
  "roc_auc": 0.7119047619047619,
  "pr_auc": 0.48711928173690566
}