{
  "f1": 0.42105263157894735,
  "roc_auc": 0.6429378531073446,
  "pr_auc": 0.4336722012466045
}