{
  "f1": 0.3157894736842105,
  "roc_auc": 0.6712158808933002,
  "pr_auc": 0.3316735833848887
}