{
  "f1": 0.5238095238095238,
  "roc_auc": 0.7468220338983051,
  "pr_auc": 0.43678652877994345
}