{
  "f1": 0.6,
  "roc_auc": 0.8304093567251462,
  "pr_auc": 0.5889292315780872
}