{
  "f1": 0.5238095238095238,
  "roc_auc": 0.7849898580121704,
  "pr_auc": 0.6192541458790157
}