{
  "f1": 0.5,
  "roc_auc": 0.7027777777777777,
  "pr_auc": 0.5506328937304327
}