{
  "f1": 0.47058823529411764,
  "roc_auc": 0.8484375000000001,
  "pr_auc": 0.6753199855699855
}