{
  "f1": 0.631578947368421,
  "roc_auc": 0.7457627118644068,
  "pr_auc": 0.5077689538368902
}