{
  "f1": 0.5,
  "roc_auc": 0.7332506203473945,
  "pr_auc": 0.44828061193495283
}