{
  "f1": 0.5,
  "roc_auc": 0.7150101419878296,
  "pr_auc": 0.4719305046966913
}