{
  "f1": 0.6808510638297872,
  "roc_auc": 0.8500881834215167,
  "pr_auc": 0.7550722378606092
}