{
  "f1": 0.45454545454545453,
  "roc_auc": 0.7803970223325061,
  "pr_auc": 0.57692510545854
}