{
  "f1": 0.4878048780487805,
  "roc_auc": 0.6800847457627119,
  "pr_auc": 0.47731308671834277
}