{
  "f1": 0.4,
  "roc_auc": 0.6523809523809524,
  "pr_auc": 0.4284164344919954
}