{
  "f1": 0.6538461538461539,
  "roc_auc": 0.825696316262354,
  "pr_auc": 0.6493598994498526
}