{
  "f1": 0.5909090909090909,
  "roc_auc": 0.8080495356037152,
  "pr_auc": 0.6515881367609097
}