{
  "f1": 0.5,
  "roc_auc": 0.7828389830508474,
  "pr_auc": 0.526053843910365
}