{
  "f1": 0.7027027027027027,
  "roc_auc": 0.959016393442623,
  "pr_auc": 0.8557606141089305
}