{
  "f1": 0.6,
  "roc_auc": 0.8188559322033899,
  "pr_auc": 0.6374093945583429
}