{
  "f1": 0.5909090909090909,
  "roc_auc": 0.880225988700565,
  "pr_auc": 0.6967413474017248
}