{
  "f1": 0.5652173913043478,
  "roc_auc": 0.8,
  "pr_auc": 0.7175067420392782
}