{
  "f1": 0.5853658536585366,
  "roc_auc": 0.8355555555555555,
  "pr_auc": 0.6743281757588303
}