{
  "f1": 0.4375,
  "roc_auc": 0.7455555555555555,
  "pr_auc": 0.4679380113316435
}