{
  "f1": 0.6956521739130435,
  "roc_auc": 0.8897707231040564,
  "pr_auc": 0.8062028815246851
}