{
  "f1": 0.5789473684210527,
  "roc_auc": 0.8325062034739454,
  "pr_auc": 0.5745998134932693
}