{
  "f1": 0.5,
  "roc_auc": 0.7530864197530864,
  "pr_auc": 0.5819676686557445
}