{
  "f1": 0.42105263157894735,
  "roc_auc": 0.7402269861286255,
  "pr_auc": 0.45135505271862797
}