{
  "f1": 0.5333333333333333,
  "roc_auc": 0.7997936016511868,
  "pr_auc": 0.6437913782337035
}