{
  "f1": 0.6341463414634146,
  "roc_auc": 0.7996031746031746,
  "pr_auc": 0.5900797925058134
}