{
  "f1": 0.6,
  "roc_auc": 0.7942497753818509,
  "pr_auc": 0.6343417975923393
}