{
  "f1": 0.5,
  "roc_auc": 0.7755359394703657,
  "pr_auc": 0.5576600935839809
}