{
  "f1": 0.5957446808510638,
  "roc_auc": 0.7961722488038276,
  "pr_auc": 0.5794495912497131
}