{
  "f1": 0.5333333333333333,
  "roc_auc": 0.8276573787409701,
  "pr_auc": 0.7263318174967206
}