{
  "f1": 0.4375,
  "roc_auc": 0.7415384615384615,
  "pr_auc": 0.44675670268107237
}