{
  "f1": 0.47619047619047616,
  "roc_auc": 0.7400468384074943,
  "pr_auc": 0.5326745024096304
}