{
  "f1": 0.55,
  "roc_auc": 0.823728813559322,
  "pr_auc": 0.6071194447240958
}