{
  "f1": 0.6,
  "roc_auc": 0.7860040567951319,
  "pr_auc": 0.6118605553904989
}