{
  "f1": 0.5454545454545454,
  "roc_auc": 0.8465909090909091,
  "pr_auc": 0.6484257684380084
}