{
  "f1": 0.4186046511627907,
  "roc_auc": 0.6813559322033897,
  "pr_auc": 0.40395134246461234
}