{
  "f1": 0.6829268292682927,
  "roc_auc": 0.8115079365079365,
  "pr_auc": 0.6795070140953099
}