{
  "f1": 0.5806451612903226,
  "roc_auc": 0.7754342431761786,
  "pr_auc": 0.5489422576336941
}