{
  "f1": 0.5238095238095238,
  "roc_auc": 0.7704918032786885,
  "pr_auc": 0.41617526166398344
}