{
  "f1": 0.5238095238095238,
  "roc_auc": 0.7162698412698413,
  "pr_auc": 0.5941769084299336
}