{
  "f1": 0.65,
  "roc_auc": 0.8744444444444445,
  "pr_auc": 0.6601340784553227
}