{
  "f1": 0.2962962962962963,
  "roc_auc": 0.6661538461538461,
  "pr_auc": 0.3852073376919478
}