{
  "f1": 0.42424242424242425,
  "roc_auc": 0.7089947089947091,
  "pr_auc": 0.36525831003728937
}