{
  "f1": 0.3333333333333333,
  "roc_auc": 0.9545454545454546,
  "pr_auc": 0.5
}