{
  "f1": 0.75,
  "roc_auc": 0.8725490196078431,
  "pr_auc": 0.5930555555555556
}