{
  "f1": 0.25,
  "roc_auc": 0.5714285714285714,
  "pr_auc": 0.3035714285714286
}