{
  "f1": 0.8,
  "roc_auc": 0.8947368421052632,
  "pr_auc": 0.8666666666666667
}