{
  "f1": 0.6153846153846154,
  "roc_auc": 0.7745098039215687,
  "pr_auc": 0.7150432900432899
}