{
  "f1": 0.5333333333333333,
  "roc_auc": 0.7745098039215687,
  "pr_auc": 0.7783882783882784
}