{
  "f1": 0.36363636363636365,
  "roc_auc": 0.7763157894736842,
  "pr_auc": 0.5401785714285714
}