{
  "f1": 0.4444444444444444,
  "roc_auc": 0.9285714285714286,
  "pr_auc": 0.5
}