{
  "f1": 0.5,
  "roc_auc": 0.7037037037037038,
  "pr_auc": 0.5636802810715855
}