{
  "f1": 0.5,
  "roc_auc": 0.8026315789473685,
  "pr_auc": 0.6083333333333333
}