{
  "f1": 0.5,
  "roc_auc": 0.8046875,
  "pr_auc": 0.7580756661639014
}