{
  "f1": 0.625,
  "roc_auc": 0.7666666666666666,
  "pr_auc": 0.7008908371040724
}