{
  "f1": 0.25,
  "roc_auc": 0.6031746031746031,
  "pr_auc": 0.22905982905982908
}