{
  "f1": 0.5714285714285714,
  "roc_auc": 0.8148148148148149,
  "pr_auc": 0.5819716775599129
}