{
  "f1": 0.3333333333333333,
  "roc_auc": 0.4907407407407407,
  "pr_auc": 0.4181216931216931
}