{
  "f1": 0.5333333333333333,
  "roc_auc": 0.6785714285714285,
  "pr_auc": 0.5641742315655358
}