{
  "f1": 0.18181818181818182,
  "roc_auc": 0.7166666666666667,
  "pr_auc": 0.4843304843304843
}