{
  "f1": 0.5454545454545454,
  "roc_auc": 0.6470588235294118,
  "pr_auc": 0.43441558441558437
}