{
  "f1": 0.36363636363636365,
  "roc_auc": 0.736842105263158,
  "pr_auc": 0.4375
}