{
  "f1": 0.0,
  "roc_auc": 0.4761904761904762,
  "pr_auc": 0.11805555555555555
}