{
  "f1": 0.4,
  "roc_auc": 0.6888888888888889,
  "pr_auc": 0.5253588516746412
}