{
  "mean": 0.22754732068159175,
  "std": 0.1314066680830626,
  "dist": [
    0.5,
    0.1,
    0.25,
    0.1818181818181818,
    0.0,
    0.1333333333333333,
    0.0,
    0.3333333333333333,
    0.2666666666666666,
    0.3,
    0.1904761904761904,
    0.0,
    0.5,
    0.1428571428571428,
    0.3,
    0.1538461538461538,
    0.0,
    0.2857142857142857,
    0.3478260869565217,
    0.2857142857142857,
    0.1176470588235294,
    0.3809523809523809,
    0.2857142857142857,
    0.1818181818181818,
    0.1333333333333333,
    0.3333333333333333,
    0.4,
    0.375,
    0.0869565217391304,
    0.1176470588235294,
    0.3529411764705882,
    0.1333333333333333,
    0.2222222222222222,
    0.2352941176470588,
    0.1818181818181818,
    0.1538461538461538,
    0.1666666666666666,
    0.25,
    0.4285714285714285,
    0.1333333333333333,
    0.4,
    0.3076923076923077,
    0.0,
    0.3636363636363636,
    0.1666666666666666,
    0.3076923076923077,
    0.1333333333333333,
    0.1538461538461538,
    0.4285714285714285,
    0.1739130434782608
  ]
}