{
  "t_test": {
    "t_stat": -1.427942698433581,
    "p_value": 0.15965123576112203
  },
  "wilcoxon": {
    "w_stat": 452.5,
    "p_value": 0.16457622087619184
  }
}