{
  "f1": 0.5098039215686274,
  "roc_auc": 0.7547169811320754,
  "pr_auc": 0.6087611479503083
}