{
  "f1": 0.47368421052631576,
  "roc_auc": 0.6977687626774848,
  "pr_auc": 0.4804082960178012
}