{
  "f1": 0.4444444444444444,
  "roc_auc": 0.7321428571428571,
  "pr_auc": 0.4896464491206358
}