{
  "f1": 0.3448275862068966,
  "roc_auc": 0.6907692307692308,
  "pr_auc": 0.3036285936285936
}