{
  "f1": 0.7368421052631579,
  "roc_auc": 0.9601873536299765,
  "pr_auc": 0.826927787431989
}