{
  "f1": 0.4782608695652174,
  "roc_auc": 0.8,
  "pr_auc": 0.654058201058201
}