{
  "f1": 0.5581395348837209,
  "roc_auc": 0.8166666666666667,
  "pr_auc": 0.5357150805923597
}