{
  "f1": 0.6382978723404256,
  "roc_auc": 0.8465608465608466,
  "pr_auc": 0.8064691394898189
}