{
  "f1": 0.5384615384615384,
  "roc_auc": 0.7962962962962963,
  "pr_auc": 0.5097146850353855
}