{
  "f1": 0.2857142857142857,
  "roc_auc": 0.2368421052631579,
  "pr_auc": 0.18590250329380764
}