{
  "f1": 0.46153846153846156,
  "roc_auc": 0.5982142857142857,
  "pr_auc": 0.5228485799914371
}