{
  "f1": 0.0,
  "roc_auc": 0.381578947368421,
  "pr_auc": 0.192287784679089
}