{
  "f1": 0.8571428571428571,
  "roc_auc": 0.9666666666666667,
  "pr_auc": 0.8055555555555556
}