{
  "f1": 0.5,
  "roc_auc": 0.8421052631578947,
  "pr_auc": 0.4988095238095238
}