{
  "f1": 0.6153846153846154,
  "roc_auc": 0.625,
  "pr_auc": 0.5378156565656566
}