{
  "f1": 0.5714285714285714,
  "roc_auc": 0.8627450980392156,
  "pr_auc": 0.627020202020202
}