{
  "f1": 0.8,
  "roc_auc": 0.7333333333333333,
  "pr_auc": 0.7192982456140351
}