{
  "f1": 0.4,
  "roc_auc": 0.5925925925925926,
  "pr_auc": 0.4351370851370851
}