{
  "f1": 0.2222222222222222,
  "roc_auc": 0.6904761904761905,
  "pr_auc": 0.19090909090909092
}