{
  "f1": 0.4444444444444444,
  "roc_auc": 0.4444444444444444,
  "pr_auc": 0.45021645021645024
}