{
  "f1": 0.5,
  "roc_auc": 0.5098039215686274,
  "pr_auc": 0.47217412217412214
}