{
  "f1": 0.5,
  "roc_auc": 0.6349206349206349,
  "pr_auc": 0.32323232323232326
}