{
  "f1": 0.0,
  "roc_auc": 0.6190476190476191,
  "pr_auc": 0.1534090909090909
}