{
  "f1": 0.7272727272727273,
  "roc_auc": 0.8105263157894738,
  "pr_auc": 0.8434782608695652
}