{
  "f1": 0.4,
  "roc_auc": 0.42592592592592593,
  "pr_auc": 0.3490973811339944
}