{
  "f1": 0.42857142857142855,
  "roc_auc": 0.6499999999999999,
  "pr_auc": 0.504535742035742
}