{
  "f1": 0.4444444444444444,
  "roc_auc": 0.775,
  "pr_auc": 0.6416666666666666
}