{
  "f1": 0.5454545454545454,
  "roc_auc": 0.7763157894736843,
  "pr_auc": 0.6567982456140351
}