{
  "f1": 0.3333333333333333,
  "roc_auc": 0.6833333333333333,
  "pr_auc": 0.31025641025641026
}