{
  "f1": 0.6,
  "roc_auc": 0.8222222222222223,
  "pr_auc": 0.38062169312169314
}