{
  "f1": 0.64,
  "roc_auc": 0.7534722222222222,
  "pr_auc": 0.601358209691543
}