{
  "f1": 0.47058823529411764,
  "roc_auc": 0.90625,
  "pr_auc": 0.5798611111111112
}