{
  "f1": 0.45454545454545453,
  "roc_auc": 0.8333333333333334,
  "pr_auc": 0.5102704678362573
}