{
  "f1": 0.7058823529411765,
  "roc_auc": 0.9113300492610836,
  "pr_auc": 0.8282312925170068
}