{
  "f1": 0.6363636363636364,
  "roc_auc": 0.8472906403940886,
  "pr_auc": 0.4659340659340659
}