{
  "f1": 0.6153846153846154,
  "roc_auc": 0.90625,
  "pr_auc": 0.46825396825396826
}