{
  "f1": 0.42857142857142855,
  "roc_auc": 0.703125,
  "pr_auc": 0.3207792207792208
}