{
  "f1": 0.42857142857142855,
  "roc_auc": 0.7096774193548386,
  "pr_auc": 0.6694117647058824
}