{
  "f1": 0.47619047619047616,
  "roc_auc": 0.7053571428571429,
  "pr_auc": 0.4075785773366419
}