{
  "f1": 0.5882352941176471,
  "roc_auc": 0.7944444444444444,
  "pr_auc": 0.6422077922077921
}