{
  "f1": 0.42105263157894735,
  "roc_auc": 0.7666666666666667,
  "pr_auc": 0.42628205128205127
}