{
  "f1": 0.3157894736842105,
  "roc_auc": 0.5517241379310345,
  "pr_auc": 0.24668655340924245
}