{
  "f1": 0.4444444444444444,
  "roc_auc": 0.7741935483870968,
  "pr_auc": 0.42881192881192876
}