{
  "f1": 0.7142857142857143,
  "roc_auc": 0.8833333333333334,
  "pr_auc": 0.6878968253968253
}