{
  "f1": 0.5454545454545454,
  "roc_auc": 0.7421875,
  "pr_auc": 0.7152777777777778
}