{
  "f1": 0.42857142857142855,
  "roc_auc": 0.888888888888889,
  "pr_auc": 0.3416666666666666
}