{
  "f1": 0.3076923076923077,
  "roc_auc": 0.6868686868686867,
  "pr_auc": 0.23148148148148145
}