{
  "f1": 0.47058823529411764,
  "roc_auc": 0.8984375,
  "pr_auc": 0.45714285714285713
}