{
  "f1": 0.47058823529411764,
  "roc_auc": 0.832258064516129,
  "pr_auc": 0.4809523809523809
}