{
  "f1": 0.3333333333333333,
  "roc_auc": 0.703125,
  "pr_auc": 0.252072192513369
}