{
  "f1": 0.6,
  "roc_auc": 0.9111111111111112,
  "pr_auc": 0.6515873015873016
}