{
  "f1": 0.631578947368421,
  "roc_auc": 0.8526785714285714,
  "pr_auc": 0.6693108974358974
}