{
  "f1": 0.6,
  "roc_auc": 0.7812500000000001,
  "pr_auc": 0.6157967032967033
}