{
  "f1": 0.5882352941176471,
  "roc_auc": 0.9055555555555557,
  "pr_auc": 0.5896464646464646
}