{
  "f1": 0.7,
  "roc_auc": 0.8883928571428572,
  "pr_auc": 0.6555735930735931
}