{
  "f1": 0.625,
  "roc_auc": 0.9741935483870968,
  "pr_auc": 0.8528571428571428
}