{
  "f1": 0.47619047619047616,
  "roc_auc": 0.7999999999999999,
  "pr_auc": 0.49992287406080504
}