{
  "f1": 0.5263157894736842,
  "roc_auc": 0.85,
  "pr_auc": 0.7094827586206897
}