{
  "f1": 0.5555555555555556,
  "roc_auc": 0.8777777777777778,
  "pr_auc": 0.5746031746031747
}