{
  "f1": 0.625,
  "roc_auc": 0.8055555555555556,
  "pr_auc": 0.5863562091503268
}