{
  "f1": 0.34782608695652173,
  "roc_auc": 0.6833333333333333,
  "pr_auc": 0.3108685503186782
}