{
  "f1": 0.7058823529411765,
  "roc_auc": 0.8275862068965517,
  "pr_auc": 0.7404761904761905
}