{
  "f1": 0.6666666666666666,
  "roc_auc": 0.6190476190476191,
  "pr_auc": 0.5555555555555556
}