{
  "f1": 0.6666666666666666,
  "roc_auc": 0.6875,
  "pr_auc": 0.6091269841269842
}