{
  "f1": 0.5714285714285714,
  "roc_auc": 0.7833333333333333,
  "pr_auc": 0.3611111111111111
}