{
  "f1": 0.2222222222222222,
  "roc_auc": 0.7250000000000001,
  "pr_auc": 0.7190998329156224
}