{
  "f1": 0.2857142857142857,
  "roc_auc": 0.6018518518518519,
  "pr_auc": 0.5458185132098176
}