{
  "f1": 0.0,
  "roc_auc": 0.609375,
  "pr_auc": 0.1717948717948718
}