{
  "f1": 0.35294117647058826,
  "roc_auc": 0.5833333333333334,
  "pr_auc": 0.40588624338624335
}