{
  "f1": 0.2,
  "roc_auc": 0.43434343434343436,
  "pr_auc": 0.11666666666666667
}