{
  "f1": 0.0,
  "roc_auc": 0.3359375,
  "pr_auc": 0.09993315508021391
}