{
  "f1": 0.35294117647058826,
  "roc_auc": 0.5777777777777778,
  "pr_auc": 0.28298923298923295
}