{
  "f1": 0.15384615384615385,
  "roc_auc": 0.47767857142857145,
  "pr_auc": 0.32867895693865523
}