{
  "f1": 0.2,
  "roc_auc": 0.359375,
  "pr_auc": 0.13776683087027913
}