{
  "f1": 0.0,
  "roc_auc": 0.45588235294117646,
  "pr_auc": 0.07393483709273183
}