{
  "f1": 0.3333333333333333,
  "roc_auc": 0.6116071428571428,
  "pr_auc": 0.398935469237012
}