{
  "f1": 0.375,
  "roc_auc": 0.7421875,
  "pr_auc": 0.3181818181818182
}