{
  "f1": 0.42857142857142855,
  "roc_auc": 0.787037037037037,
  "pr_auc": 0.5343915343915344
}