{
  "f1": 0.25,
  "roc_auc": 0.738095238095238,
  "pr_auc": 0.25757575757575757
}