{
  "f1": 0.2,
  "roc_auc": 0.537037037037037,
  "pr_auc": 0.4154056755601378
}