{
  "f1": 0.2222222222222222,
  "roc_auc": 0.7666666666666667,
  "pr_auc": 0.5119047619047619
}