{
  "f1": 0.25,
  "roc_auc": 0.5263157894736843,
  "pr_auc": 0.25181159420289856
}