{
  "f1": 0.2857142857142857,
  "roc_auc": 0.7727272727272727,
  "pr_auc": 0.16666666666666666
}