{
  "f1": 0.47058823529411764,
  "roc_auc": 0.8828125,
  "pr_auc": 0.4131944444444444
}