{
  "f1": 0.5,
  "roc_auc": 0.6157635467980296,
  "pr_auc": 0.39042207792207784
}