{
  "f1": 0.46153846153846156,
  "roc_auc": 0.7265625,
  "pr_auc": 0.3645833333333333
}