{
  "f1": 0.5882352941176471,
  "roc_auc": 0.7555555555555555,
  "pr_auc": 0.44465488215488214
}