{
  "f1": 0.45454545454545453,
  "roc_auc": 0.8,
  "pr_auc": 0.4252136752136752
}