{
  "f1": 0.5333333333333333,
  "roc_auc": 0.8333333333333333,
  "pr_auc": 0.5706682206682206
}