{
  "f1": 0.7142857142857143,
  "roc_auc": 0.8277777777777778,
  "pr_auc": 0.6864087301587302
}