{
  "f1": 0.4,
  "roc_auc": 0.7677419354838709,
  "pr_auc": 0.6049853372434018
}