{
  "f1": 0.5333333333333333,
  "roc_auc": 0.7666666666666667,
  "pr_auc": 0.5294117647058824
}