{
  "f1": 0.631578947368421,
  "roc_auc": 0.916256157635468,
  "pr_auc": 0.6694400837257979
}