{
  "f1": 0.6666666666666666,
  "roc_auc": 0.7857142857142858,
  "pr_auc": 0.7603471449758992
}