{
  "f1": 0.6666666666666666,
  "roc_auc": 0.9161290322580645,
  "pr_auc": 0.5192857142857142
}