{
  "f1": 0.6,
  "roc_auc": 0.8125000000000001,
  "pr_auc": 0.7601959244222672
}