{
  "f1": 0.6666666666666666,
  "roc_auc": 0.9453125,
  "pr_auc": 0.5666666666666667
}