{
  "f1": 0.5333333333333333,
  "roc_auc": 0.8888888888888888,
  "pr_auc": 0.6090298590298591
}