{
  "f1": 0.6153846153846154,
  "roc_auc": 0.7931034482758621,
  "pr_auc": 0.6203981592637055
}