{
  "f1": 0.625,
  "roc_auc": 0.8944444444444445,
  "pr_auc": 0.4958694083694084
}