{
  "f1": 0.47058823529411764,
  "roc_auc": 0.8774193548387096,
  "pr_auc": 0.6944444444444444
}