{
  "f1": 0.6666666666666666,
  "roc_auc": 0.7806451612903227,
  "pr_auc": 0.6948717948717948
}