{
  "f1": 0.42857142857142855,
  "roc_auc": 0.75,
  "pr_auc": 0.36160979543332483
}