{
  "f1": 0.0,
  "roc_auc": 0.4949494949494949,
  "pr_auc": 0.11616161616161616
}