{
  "f1": 0.46153846153846156,
  "roc_auc": 0.921875,
  "pr_auc": 0.7644230769230769
}