{
  "f1": 0.4,
  "roc_auc": 0.8333333333333334,
  "pr_auc": 0.42003968253968255
}