{
  "f1": 0.625,
  "roc_auc": 0.9111111111111112,
  "pr_auc": 0.7259920634920635
}