{
  "f1": 0.7058823529411765,
  "roc_auc": 0.8258928571428571,
  "pr_auc": 0.5228869047619047
}