{
  "f1": 0.6666666666666666,
  "roc_auc": 0.9261083743842364,
  "pr_auc": 0.8843537414965985
}