{
  "f1": 0.5882352941176471,
  "roc_auc": 0.7008928571428572,
  "pr_auc": 0.43814865689865695
}