{
  "f1": 0.7272727272727273,
  "roc_auc": 0.9458128078817735,
  "pr_auc": 0.853113553113553
}