{
  "f1": 0.5333333333333333,
  "roc_auc": 0.9055555555555557,
  "pr_auc": 0.6686507936507936
}