{
  "f1": 0.47058823529411764,
  "roc_auc": 0.8444444444444446,
  "pr_auc": 0.5699074074074074
}