{
  "f1": 0.5,
  "roc_auc": 0.7276785714285714,
  "pr_auc": 0.539691091954023
}