{
  "f1": 0.2857142857142857,
  "roc_auc": 0.6,
  "pr_auc": 0.40984427141268076
}