{
  "f1": 0.2857142857142857,
  "roc_auc": 0.7225806451612904,
  "pr_auc": 0.37751322751322747
}