{
  "f1": 0.2857142857142857,
  "roc_auc": 0.5566502463054188,
  "pr_auc": 0.26368546306175417
}