{
  "f1": 0.6153846153846154,
  "roc_auc": 0.8055555555555556,
  "pr_auc": 0.5829059829059828
}