{
  "f1": 0.2222222222222222,
  "roc_auc": 0.5858585858585859,
  "pr_auc": 0.2525252525252525
}