{
  "f1": 0.3076923076923077,
  "roc_auc": 0.5044642857142857,
  "pr_auc": 0.2995157318195477
}