{
  "f1": 0.4444444444444444,
  "roc_auc": 0.9393939393939393,
  "pr_auc": 0.7777777777777777
}