{
  "f1": 0.25,
  "roc_auc": 0.6166666666666666,
  "pr_auc": 0.27948028673835124
}