{
  "f1": 0.46153846153846156,
  "roc_auc": 0.6953125,
  "pr_auc": 0.24047619047619045
}