{
  "f1": 0.15384615384615385,
  "roc_auc": 0.6193548387096774,
  "pr_auc": 0.20746031746031746
}