{
  "f1": 0.36363636363636365,
  "roc_auc": 0.5960591133004925,
  "pr_auc": 0.4787303033101353
}