{
  "f1": 0.0,
  "roc_auc": 0.5353535353535352,
  "pr_auc": 0.12222222222222222
}