{
  "f1": 0.47058823529411764,
  "roc_auc": 0.8705357142857142,
  "pr_auc": 0.7388888888888889
}