{
  "f1": 0.5454545454545454,
  "roc_auc": 0.6798029556650247,
  "pr_auc": 0.5208045314900154
}