{
  "f1": 0.46153846153846156,
  "roc_auc": 0.6774193548387097,
  "pr_auc": 0.44759139784946234
}