{
  "f1": 0.16666666666666666,
  "roc_auc": 0.6015625,
  "pr_auc": 0.3665247795682578
}