{
  "f1": 0.375,
  "roc_auc": 0.6777777777777778,
  "pr_auc": 0.2771338575217886
}