{
  "f1": 0.0,
  "roc_auc": 0.3939393939393939,
  "pr_auc": 0.09220779220779221
}