{
  "f1": 0.16666666666666666,
  "roc_auc": 0.546875,
  "pr_auc": 0.15506508205998867
}