{
  "f1": 0.4,
  "roc_auc": 0.703125,
  "pr_auc": 0.37972085385878485
}