{
  "f1": 0.4,
  "roc_auc": 0.65625,
  "pr_auc": 0.3655913978494624
}