{
  "f1": 0.375,
  "roc_auc": 0.6833333333333333,
  "pr_auc": 0.3211880711880712
}