{
  "f1": 0.5555555555555556,
  "roc_auc": 0.8177339901477831,
  "pr_auc": 0.6891614132993442
}