{
  "mean": 0.43366734321749795,
  "std": 0.1442488945040527,
  "dist": [
    0.6666666666666666,
    0.5,
    0.4285714285714285,
    0.2666666666666666,
    0.25,
    0.5,
    0.4705882352941176,
    0.5263157894736842,
    0.0,
    0.5,
    0.3333333333333333,
    0.6,
    0.3636363636363636,
    0.5714285714285714,
    0.2857142857142857,
    0.48,
    0.4,
    0.5333333333333333,
    0.4444444444444444,
    0.2857142857142857,
    0.3529411764705882,
    0.2,
    0.5454545454545454,
    0.6666666666666666,
    0.4,
    0.4,
    0.4705882352941176,
    0.4285714285714285,
    0.7142857142857143,
    0.1818181818181818,
    0.6666666666666666,
    0.4,
    0.1538461538461538,
    0.5714285714285714,
    0.4285714285714285,
    0.4210526315789473,
    0.5882352941176471,
    0.4615384615384615,
    0.3636363636363636,
    0.3636363636363636,
    0.4,
    0.375,
    0.5,
    0.5333333333333333,
    0.4,
    0.6666666666666666,
    0.5,
    0.25,
    0.4444444444444444,
    0.4285714285714285
  ]
}