{
  "t_test": {
    "t_stat": 0.6031778046659355,
    "p_value": 0.5491723305272663
  },
  "wilcoxon": {
    "w_stat": 471.0,
    "p_value": 0.4476582837145925
  }
}