{
  "mean": 0.4733386613386613,
  "std": 0.1784978001627073,
  "dist": [
    0.1666666666666666,
    0.5714285714285714,
    0.6,
    0.8888888888888888,
    0.3636363636363636,
    0.9090909090909092,
    0.5454545454545454,
    0.2222222222222222,
    0.3333333333333333,
    0.3333333333333333,
    0.6666666666666666,
    0.4,
    0.5454545454545454,
    0.2857142857142857,
    0.3333333333333333,
    0.6666666666666666,
    0.5714285714285714,
    0.5454545454545454,
    0.5454545454545454,
    0.0,
    0.5,
    0.4,
    0.5333333333333333,
    0.6666666666666666,
    0.3333333333333333,
    0.6153846153846154,
    0.2857142857142857,
    0.25,
    0.6153846153846154,
    0.5,
    0.2222222222222222,
    0.5454545454545454,
    0.5,
    0.5,
    0.6153846153846154,
    0.4,
    0.5,
    0.5,
    0.3636363636363636,
    0.6666666666666666,
    0.2222222222222222,
    0.5333333333333333,
    0.4444444444444444,
    0.6666666666666666,
    0.5714285714285714,
    0.5714285714285714,
    0.25,
    0.4,
    0.6666666666666666,
    0.3333333333333333
  ]
}