{
  "t_test": {
    "t_stat": 4.808408551760393,
    "p_value": 1.4874771145995936e-05
  },
  "wilcoxon": {
    "w_stat": 130.0,
    "p_value": 3.434815342454058e-05
  }
}