{
  "mean": 0.4684213564213564,
  "std": 0.16787796872655594,
  "dist": [
    0.2,
    0.5714285714285714,
    0.5454545454545454,
    0.75,
    0.4444444444444444,
    0.7272727272727273,
    0.6,
    0.25,
    0.4,
    0.3333333333333333,
    0.5714285714285714,
    0.4,
    0.6,
    0.3333333333333333,
    0.4,
    0.7272727272727273,
    0.3333333333333333,
    0.6,
    0.5454545454545454,
    0.0,
    0.4,
    0.4444444444444444,
    0.5333333333333333,
    0.6666666666666666,
    0.4,
    0.5454545454545454,
    0.3333333333333333,
    0.3333333333333333,
    0.5714285714285714,
    0.5,
    0.25,
    0.6,
    0.4,
    0.4,
    0.6666666666666666,
    0.4444444444444444,
    0.5714285714285714,
    0.5,
    0.2222222222222222,
    0.6666666666666666,
    0.2222222222222222,
    0.5714285714285714,
    0.5714285714285714,
    0.5,
    0.5714285714285714,
    0.6666666666666666,
    0.25,
    0.2857142857142857,
    0.75,
    0.25
  ]
}