{
  "t_test": {
    "t_stat": 6.7698638571002405,
    "p_value": 1.5078184818129007e-08
  },
  "wilcoxon": {
    "w_stat": 51.0,
    "p_value": 2.2205336759282884e-06
  }
}