{
  "mean": 0.4174211213622978,
  "std": 0.1669987600220202,
  "dist": [
    0.1538461538461538,
    0.5,
    0.5454545454545454,
    0.6666666666666666,
    0.4,
    0.7272727272727273,
    0.5454545454545454,
    0.2,
    0.3636363636363636,
    0.25,
    0.5333333333333333,
    0.3636363636363636,
    0.6,
    0.2222222222222222,
    0.3333333333333333,
    0.7272727272727273,
    0.2222222222222222,
    0.5,
    0.5,
    0.0,
    0.3333333333333333,
    0.4,
    0.5,
    0.5,
    0.4,
    0.5,
    0.2857142857142857,
    0.2222222222222222,
    0.5714285714285714,
    0.4444444444444444,
    0.1818181818181818,
    0.5,
    0.3636363636363636,
    0.4,
    0.6666666666666666,
    0.3636363636363636,
    0.5714285714285714,
    0.4444444444444444,
    0.2,
    0.5714285714285714,
    0.2222222222222222,
    0.5,
    0.3636363636363636,
    0.5714285714285714,
    0.5,
    0.5,
    0.2,
    0.2,
    0.7058823529411765,
    0.3333333333333333
  ]
}