{
  "f1": 0.7142857142857143,
  "roc_auc": 0.9215686274509803,
  "pr_auc": 0.8690476190476191
}