{
  "f1": 0.2857142857142857,
  "roc_auc": 0.6052631578947368,
  "pr_auc": 0.3252164502164502
}