{
  "f1": 0.625,
  "roc_auc": 0.7232142857142857,
  "pr_auc": 0.6471088435374148
}