{
  "f1": 0.6666666666666666,
  "roc_auc": 0.9736842105263158,
  "pr_auc": 0.9166666666666666
}