{
  "f1": 0.5454545454545454,
  "roc_auc": 0.8666666666666667,
  "pr_auc": 0.7333333333333334
}