{
  "f1": 0.5454545454545454,
  "roc_auc": 0.7870370370370371,
  "pr_auc": 0.6472222222222221
}