{
  "f1": 0.2857142857142857,
  "roc_auc": 0.7166666666666668,
  "pr_auc": 0.32407407407407407
}