{
  "f1": 0.3333333333333333,
  "roc_auc": 0.7037037037037037,
  "pr_auc": 0.5290204678362573
}