{
  "f1": 0.5333333333333333,
  "roc_auc": 0.7254901960784315,
  "pr_auc": 0.5646825396825397
}