{
  "f1": 0.5454545454545454,
  "roc_auc": 0.8222222222222223,
  "pr_auc": 0.7698412698412698
}