{
  "f1": 0.4444444444444444,
  "roc_auc": 0.8833333333333333,
  "pr_auc": 0.6666666666666666
}