{
  "f1": 0.5,
  "roc_auc": 0.7142857142857143,
  "pr_auc": 0.5526315789473684
}