{
  "f1": 0.4,
  "roc_auc": 0.8026315789473685,
  "pr_auc": 0.5333333333333333
}