{
  "f1": 0.25,
  "roc_auc": 0.7142857142857142,
  "pr_auc": 0.2159090909090909
}