{
  "f1": 0.2857142857142857,
  "roc_auc": 0.8333333333333334,
  "pr_auc": 0.375
}