{
  "f1": 0.7142857142857143,
  "roc_auc": 0.892156862745098,
  "pr_auc": 0.798611111111111
}