{
  "f1": 0.5555555555555556,
  "roc_auc": 0.7916666666666667,
  "pr_auc": 0.6801303475935829
}