{
  "f1": 0.4444444444444444,
  "roc_auc": 0.85,
  "pr_auc": 0.5777777777777777
}