{
  "f1": 0.6153846153846154,
  "roc_auc": 0.8518518518518519,
  "pr_auc": 0.7574786324786325
}