{
  "f1": 0.8333333333333334,
  "roc_auc": 0.8529411764705883,
  "pr_auc": 0.8248538011695906
}