{
  "f1": 0.7272727272727273,
  "roc_auc": 0.9684210526315788,
  "pr_auc": 0.925
}