{
  "f1": 0.7142857142857143,
  "roc_auc": 0.9333333333333332,
  "pr_auc": 0.7961904761904761
}