{
  "f1": 0.6666666666666666,
  "roc_auc": 0.9296875,
  "pr_auc": 0.8552579365079365
}