{
  "f1": 0.5,
  "roc_auc": 0.7105263157894738,
  "pr_auc": 0.5604166666666667
}