{
  "f1": 0.0,
  "roc_auc": 0.39705882352941174,
  "pr_auc": 0.06631578947368422
}