{
  "f1": 0.3,
  "roc_auc": 0.7265625,
  "pr_auc": 0.2173611111111111
}