{
  "f1": 0.14285714285714285,
  "roc_auc": 0.6328125,
  "pr_auc": 0.17074102368220015
}