{
  "f1": 0.16666666666666666,
  "roc_auc": 0.75,
  "pr_auc": 0.16666666666666669
}