{
  "f1": 0.0,
  "roc_auc": 0.6161616161616162,
  "pr_auc": 0.1304093567251462
}