{
  "f1": 0.13333333333333333,
  "roc_auc": 0.6464646464646464,
  "pr_auc": 0.14215686274509803
}