{
  "f1": 0.1111111111111111,
  "roc_auc": 0.5234375,
  "pr_auc": 0.15071428571428572
}