{
  "f1": 0.1111111111111111,
  "roc_auc": 0.6323529411764706,
  "pr_auc": 0.10555555555555556
}