{
  "f1": 0.2222222222222222,
  "roc_auc": 0.6911764705882353,
  "pr_auc": 0.175
}