{
  "f1": 0.26666666666666666,
  "roc_auc": 0.7578125,
  "pr_auc": 0.3107638888888889
}