{
  "f1": 0.26666666666666666,
  "roc_auc": 0.8282828282828283,
  "pr_auc": 0.3402777777777778
}