{
  "f1": 0.0,
  "roc_auc": 0.5390625,
  "pr_auc": 0.1381162181471779
}