{
  "f1": 0.13333333333333333,
  "roc_auc": 0.6262626262626263,
  "pr_auc": 0.13596491228070176
}