{
  "f1": 0.2,
  "roc_auc": 0.7373737373737375,
  "pr_auc": 0.1888888888888889
}