{
  "f1": 0.13333333333333333,
  "roc_auc": 0.6911764705882353,
  "pr_auc": 0.12142857142857143
}