{
  "f1": 0.3333333333333333,
  "roc_auc": 0.7806451612903225,
  "pr_auc": 0.3776143790849673
}