{
  "f1": 0.3076923076923077,
  "roc_auc": 0.6387096774193548,
  "pr_auc": 0.22543904518329072
}