{
  "f1": 0.13333333333333333,
  "roc_auc": 0.6764705882352942,
  "pr_auc": 0.1213235294117647
}