{
  "f1": 0.3157894736842105,
  "roc_auc": 0.6640625,
  "pr_auc": 0.19498737373737374
}