{
  "f1": 0.46153846153846156,
  "roc_auc": 0.903225806451613,
  "pr_auc": 0.6858119658119658
}