{
  "f1": 0.15384615384615385,
  "roc_auc": 0.71875,
  "pr_auc": 0.21250000000000002
}