{
  "f1": 0.26666666666666666,
  "roc_auc": 0.671875,
  "pr_auc": 0.2184782608695652
}