{
  "f1": 0.5454545454545454,
  "roc_auc": 0.7931034482758621,
  "pr_auc": 0.7162207105064249
}