{
  "f1": 0.6153846153846154,
  "roc_auc": 0.8444444444444444,
  "pr_auc": 0.8030913978494624
}