{
  "f1": 0.14285714285714285,
  "roc_auc": 0.7833333333333332,
  "pr_auc": 0.4405002405002405
}