{
  "f1": 0.5714285714285714,
  "roc_auc": 0.8451612903225807,
  "pr_auc": 0.74
}