{
  "f1": 0.3076923076923077,
  "roc_auc": 0.7741935483870968,
  "pr_auc": 0.46476190476190476
}