{
  "f1": 0.3076923076923077,
  "roc_auc": 0.7611111111111111,
  "pr_auc": 0.4080615942028985
}