{
  "f1": 0.5,
  "roc_auc": 0.7053571428571428,
  "pr_auc": 0.40852272727272726
}