{
  "f1": 0.6153846153846154,
  "roc_auc": 0.9548387096774194,
  "pr_auc": 0.8333333333333333
}