{
  "f1": 0.5263157894736842,
  "roc_auc": 0.7991071428571428,
  "pr_auc": 0.553753591954023
}