{
  "f1": 0.5555555555555556,
  "roc_auc": 0.7783251231527093,
  "pr_auc": 0.4104308390022676
}