{
  "f1": 0.46153846153846156,
  "roc_auc": 0.8166666666666667,
  "pr_auc": 0.6177248677248677
}