{
  "f1": 0.36363636363636365,
  "roc_auc": 0.8383838383838385,
  "pr_auc": 0.33882783882783885
}