{
  "f1": 0.7142857142857143,
  "roc_auc": 0.8999999999999999,
  "pr_auc": 0.6084267040149394
}