{
  "f1": 0.5263157894736842,
  "roc_auc": 0.8226600985221675,
  "pr_auc": 0.4256646248242887
}