{
  "f1": 0.7777777777777778,
  "roc_auc": 0.9330357142857143,
  "pr_auc": 0.8065476190476191
}