{
  "f1": 0.6666666666666666,
  "roc_auc": 0.8444444444444446,
  "pr_auc": 0.5731837606837606
}