{
  "f1": 0.6666666666666666,
  "roc_auc": 0.9055555555555556,
  "pr_auc": 0.7202380952380951
}