{
  "f1": 0.42857142857142855,
  "roc_auc": 0.864516129032258,
  "pr_auc": 0.46869796869796865
}