{
  "f1": 0.2222222222222222,
  "roc_auc": 0.7419354838709677,
  "pr_auc": 0.27549019607843134
}