{
  "f1": 0.4,
  "roc_auc": 0.7722222222222223,
  "pr_auc": 0.46738841504287726
}