{
  "f1": 0.5333333333333333,
  "roc_auc": 0.8580645161290323,
  "pr_auc": 0.7343434343434343
}