{
  "f1": 0.7,
  "roc_auc": 0.9655172413793103,
  "pr_auc": 0.8885281385281385
}