{
  "f1": 0.5882352941176471,
  "roc_auc": 0.7455357142857143,
  "pr_auc": 0.4302900326797386
}