{
  "f1": 0.47619047619047616,
  "roc_auc": 0.8555555555555555,
  "pr_auc": 0.5649331662489557
}