{
  "f1": 0.5833333333333334,
  "roc_auc": 0.7569444444444444,
  "pr_auc": 0.6292141542353767
}