{
  "f1": 0.5333333333333333,
  "roc_auc": 0.8777777777777778,
  "pr_auc": 0.6978335991493886
}