{
  "f1": 0.5333333333333333,
  "roc_auc": 0.7388888888888889,
  "pr_auc": 0.38253968253968257
}