{
  "f1": 0.5454545454545454,
  "roc_auc": 0.8177339901477833,
  "pr_auc": 0.7126984126984126
}