{
  "f1": 0.5714285714285714,
  "roc_auc": 0.9032258064516129,
  "pr_auc": 0.5800000000000001
}