{
  "f1": 0.2857142857142857,
  "roc_auc": 0.6967741935483871,
  "pr_auc": 0.489037037037037
}