{
  "f1": 0.46153846153846156,
  "roc_auc": 0.828125,
  "pr_auc": 0.5097744360902255
}