{
  "f1": 0.2857142857142857,
  "roc_auc": 0.696969696969697,
  "pr_auc": 0.1606060606060606
}