{
  "f1": 0.625,
  "roc_auc": 0.8555555555555555,
  "pr_auc": 0.48289760348583877
}