{
  "f1": 0.5333333333333333,
  "roc_auc": 0.8451612903225806,
  "pr_auc": 0.4634920634920635
}