{
  "f1": 0.2,
  "roc_auc": 0.6969696969696969,
  "pr_auc": 0.16566113624937157
}