{
  "f1": 0.5555555555555556,
  "roc_auc": 0.8222222222222222,
  "pr_auc": 0.38270202020202027
}