{
  "f1": 0.5263157894736842,
  "roc_auc": 0.7633928571428572,
  "pr_auc": 0.4536122311827957
}