{
  "f1": 0.4444444444444444,
  "roc_auc": 0.7734375,
  "pr_auc": 0.32916666666666666
}