{
  "f1": 0.625,
  "roc_auc": 0.8666666666666666,
  "pr_auc": 0.4565527065527065
}