{
  "f1": 0.5714285714285714,
  "roc_auc": 0.85,
  "pr_auc": 0.5224358974358975
}