{
  "f1": 0.2,
  "roc_auc": 0.7575757575757576,
  "pr_auc": 0.2933723196881092
}