{
  "mean": 0.2703665100846417,
  "std": 0.12114847680419766,
  "dist": [
    0.3157894736842105,
    0.3478260869565217,
    0.2,
    0.2222222222222222,
    0.2222222222222222,
    0.2352941176470588,
    0.2,
    0.4444444444444444,
    0.25,
    0.2222222222222222,
    0.3,
    0.0,
    0.3529411764705882,
    0.3076923076923077,
    0.4,
    0.1538461538461538,
    0.1176470588235294,
    0.2,
    0.5333333333333333,
    0.4285714285714285,
    0.2352941176470588,
    0.4210526315789473,
    0.2666666666666666,
    0.1538461538461538,
    0.2666666666666666,
    0.3157894736842105,
    0.1538461538461538,
    0.4,
    0.2222222222222222,
    0.2857142857142857,
    0.2857142857142857,
    0.125,
    0.4444444444444444,
    0.1666666666666666,
    0.3333333333333333,
    0.0,
    0.2857142857142857,
    0.2608695652173913,
    0.4444444444444444,
    0.25,
    0.375,
    0.4615384615384615,
    0.2857142857142857,
    0.2352941176470588,
    0.0,
    0.2,
    0.375,
    0.125,
    0.4285714285714285,
    0.2608695652173913
  ]
}