{
  "t_test": {
    "t_stat": -2.646443174097249,
    "p_value": 0.010906239242191973
  },
  "wilcoxon": {
    "w_stat": 247.0,
    "p_value": 0.017411133752684486
  }
}