{
  "mean": 0.3018650440260347,
  "std": 0.1198029120153189,
  "dist": [
    0.4210526315789473,
    0.4,
    0.2857142857142857,
    0.1538461538461538,
    0.2222222222222222,
    0.25,
    0.1666666666666666,
    0.3636363636363636,
    0.3333333333333333,
    0.3809523809523809,
    0.2727272727272727,
    0.0,
    0.375,
    0.2857142857142857,
    0.6,
    0.25,
    0.1111111111111111,
    0.4210526315789473,
    0.4210526315789473,
    0.3529411764705882,
    0.3,
    0.4545454545454545,
    0.25,
    0.1428571428571428,
    0.3529411764705882,
    0.3,
    0.1538461538461538,
    0.4444444444444444,
    0.2857142857142857,
    0.3529411764705882,
    0.3809523809523809,
    0.375,
    0.3636363636363636,
    0.1333333333333333,
    0.2666666666666666,
    0.0,
    0.2857142857142857,
    0.4166666666666667,
    0.4444444444444444,
    0.2857142857142857,
    0.3,
    0.4,
    0.4166666666666667,
    0.2352941176470588,
    0.1538461538461538,
    0.3076923076923077,
    0.375,
    0.125,
    0.3529411764705882,
    0.3703703703703703
  ]
}