{
  "f1": 0.16666666666666666,
  "roc_auc": 0.5161290322580645,
  "pr_auc": 0.17365706757011104
}