{
  "f1": 0.5714285714285714,
  "roc_auc": 0.7635467980295566,
  "pr_auc": 0.589821089726213
}