{
  "f1": 0.18181818181818182,
  "roc_auc": 0.6157635467980295,
  "pr_auc": 0.37834197224040117
}