{
  "f1": 0.3076923076923077,
  "roc_auc": 0.5444444444444444,
  "pr_auc": 0.3767195767195767
}