{
  "f1": 0.3076923076923077,
  "roc_auc": 0.5763546798029556,
  "pr_auc": 0.4298637636872931
}