{
  "f1": 0.5,
  "roc_auc": 0.6258064516129032,
  "pr_auc": 0.5752380952380952
}