{
  "f1": 0.2,
  "roc_auc": 0.7171717171717171,
  "pr_auc": 0.27489177489177485
}