{
  "f1": 0.0,
  "roc_auc": 0.3828125,
  "pr_auc": 0.10694444444444444
}