{
  "f1": 0.5333333333333333,
  "roc_auc": 0.7857142857142857,
  "pr_auc": 0.6036591404238463
}