{
  "f1": 0.2,
  "roc_auc": 0.5223214285714286,
  "pr_auc": 0.3902435208469691
}