{
  "f1": 0.5454545454545454,
  "roc_auc": 0.788888888888889,
  "pr_auc": 0.5503561253561253
}