{
  "f1": 0.14285714285714285,
  "roc_auc": 0.5656565656565656,
  "pr_auc": 0.24236111111111108
}