{
  "f1": 0.46153846153846156,
  "roc_auc": 0.6964285714285714,
  "pr_auc": 0.5646999285544178
}