{
  "f1": 0.3333333333333333,
  "roc_auc": 0.6277777777777778,
  "pr_auc": 0.3727207977207977
}