{
  "f1": 0.5,
  "roc_auc": 0.7321428571428571,
  "pr_auc": 0.6545569586530264
}