{
  "f1": 0.4,
  "roc_auc": 0.7935483870967742,
  "pr_auc": 0.3749074454956808
}