{
  "f1": 0.5333333333333333,
  "roc_auc": 0.6995073891625615,
  "pr_auc": 0.5595238095238095
}