{
  "f1": 0.2857142857142857,
  "roc_auc": 0.49032258064516115,
  "pr_auc": 0.2666013071895425
}