{
  "f1": 0.2,
  "roc_auc": 0.5078125,
  "pr_auc": 0.3447526737967914
}