{
  "f1": 0.5,
  "roc_auc": 0.6944444444444445,
  "pr_auc": 0.34839563065369517
}