{
  "f1": 0.4444444444444444,
  "roc_auc": 0.9705882352941176,
  "pr_auc": 0.5833333333333333
}