{
  "f1": 0.0,
  "roc_auc": 0.5294117647058824,
  "pr_auc": 0.08388157894736842
}