{
  "f1": 0.5454545454545454,
  "roc_auc": 0.8,
  "pr_auc": 0.5250992063492064
}