{
  "f1": 0.2222222222222222,
  "roc_auc": 0.484375,
  "pr_auc": 0.17991500527651805
}