{
  "f1": 0.35294117647058826,
  "roc_auc": 0.7111111111111111,
  "pr_auc": 0.4185185185185185
}