{
  "f1": 0.3076923076923077,
  "roc_auc": 0.561111111111111,
  "pr_auc": 0.30842490842490844
}