{
  "f1": 0.4,
  "roc_auc": 0.625615763546798,
  "pr_auc": 0.48888204707170224
}