{
  "f1": 0.3333333333333333,
  "roc_auc": 0.6967741935483871,
  "pr_auc": 0.43663003663003663
}