{
  "f1": 0.0,
  "roc_auc": 0.34343434343434337,
  "pr_auc": 0.08253968253968254
}