{
  "f1": 0.4444444444444444,
  "roc_auc": 0.6171875,
  "pr_auc": 0.35768398268398266
}