{
  "f1": 0.0,
  "roc_auc": 0.5142857142857142,
  "pr_auc": 0.05555555555555555
}