{
  "f1": 0.6666666666666666,
  "roc_auc": 0.8265107212475633,
  "pr_auc": 0.7834587688754356
}