{
  "f1": 0.5714285714285714,
  "roc_auc": 0.8143540669856459,
  "pr_auc": 0.7269740862311787
}