{
  "f1": 0.45714285714285713,
  "roc_auc": 0.6359126984126984,
  "pr_auc": 0.48567466578219265
}