{
  "f1": 0.5185185185185185,
  "roc_auc": 0.7953125,
  "pr_auc": 0.5829910477661602
}