{
  "f1": 0.4117647058823529,
  "roc_auc": 0.6600496277915633,
  "pr_auc": 0.44838693790100437
}