{
  "f1": 0.6111111111111112,
  "roc_auc": 0.872316384180791,
  "pr_auc": 0.8154192474192474
}