{
  "f1": 0.35714285714285715,
  "roc_auc": 0.6107954545454545,
  "pr_auc": 0.3237620321679639
}