{
  "f1": 0.35294117647058826,
  "roc_auc": 0.7189695550351287,
  "pr_auc": 0.4381651484675419
}