{
  "f1": 0.1875,
  "roc_auc": 0.6243386243386243,
  "pr_auc": 0.24580371280564617
}