{
  "f1": 0.47368421052631576,
  "roc_auc": 0.6954887218045113,
  "pr_auc": 0.4885020230572107
}