{
  "f1": 0.21428571428571427,
  "roc_auc": 0.6734374999999999,
  "pr_auc": 0.20911668917361825
}