{
  "f1": 0.6060606060606061,
  "roc_auc": 0.8171500630517025,
  "pr_auc": 0.543140433284664
}