{
  "f1": 0.625,
  "roc_auc": 0.8655367231638419,
  "pr_auc": 0.7407392013995788
}