{
  "f1": 0.4375,
  "roc_auc": 0.7647907647907648,
  "pr_auc": 0.4629481762256882
}