{
  "f1": 0.4117647058823529,
  "roc_auc": 0.7328042328042329,
  "pr_auc": 0.46569763106338574
}