{
  "f1": 0.2962962962962963,
  "roc_auc": 0.6538461538461539,
  "pr_auc": 0.274118887866108
}