{
  "f1": 0.41379310344827586,
  "roc_auc": 0.7667493796526054,
  "pr_auc": 0.5614582911720029
}