{
  "f1": 0.4117647058823529,
  "roc_auc": 0.6411111111111112,
  "pr_auc": 0.3965876331460758
}