{
  "f1": 0.5625,
  "roc_auc": 0.7525423728813558,
  "pr_auc": 0.6020394243812668
}