{
  "f1": 0.32,
  "roc_auc": 0.6637717121588089,
  "pr_auc": 0.29436826573554264
}