{
  "f1": 0.5,
  "roc_auc": 0.8249158249158248,
  "pr_auc": 0.58129205457104
}