{
  "f1": 0.45714285714285713,
  "roc_auc": 0.7339181286549707,
  "pr_auc": 0.4571567023552626
}