{
  "f1": 0.35294117647058826,
  "roc_auc": 0.7203302373581011,
  "pr_auc": 0.48751648012369886
}