{
  "f1": 0.6470588235294118,
  "roc_auc": 0.8997844827586207,
  "pr_auc": 0.803503483627954
}