{
  "f1": 0.4,
  "roc_auc": 0.7446236559139785,
  "pr_auc": 0.4754487816573446
}