{
  "f1": 0.47058823529411764,
  "roc_auc": 0.7779156327543424,
  "pr_auc": 0.48416132478632484
}