{
  "f1": 0.35714285714285715,
  "roc_auc": 0.6647727272727273,
  "pr_auc": 0.3562159548614634
}