{
  "f1": 0.37037037037037035,
  "roc_auc": 0.7008547008547008,
  "pr_auc": 0.5531119413637358
}