{
  "f1": 0.41379310344827586,
  "roc_auc": 0.608050847457627,
  "pr_auc": 0.5162802169699314
}