{
  "f1": 0.6222222222222222,
  "roc_auc": 0.7380952380952381,
  "pr_auc": 0.6623558695641076
}