{
  "f1": 0.3448275862068966,
  "roc_auc": 0.7129943502824859,
  "pr_auc": 0.448328910511573
}