{
  "f1": 0.5,
  "roc_auc": 0.7582846003898636,
  "pr_auc": 0.5275891217053144
}