{
  "f1": 0.5,
  "roc_auc": 0.7798594847775175,
  "pr_auc": 0.5701229643266142
}