{
  "f1": 0.16,
  "roc_auc": 0.47727272727272724,
  "pr_auc": 0.23727322016145283
}