{
  "f1": 0.4444444444444444,
  "roc_auc": 0.7053571428571428,
  "pr_auc": 0.5407769992623083
}