{
  "f1": 0.35294117647058826,
  "roc_auc": 0.6533333333333333,
  "pr_auc": 0.4258156763962888
}