{
  "f1": 0.5128205128205128,
  "roc_auc": 0.7119617224880382,
  "pr_auc": 0.526748496199961
}