{
  "f1": 0.5384615384615384,
  "roc_auc": 0.7742749054224465,
  "pr_auc": 0.5342746313631423
}