{
  "f1": 0.2857142857142857,
  "roc_auc": 0.707089552238806,
  "pr_auc": 0.2908031684627429
}