{
  "f1": 0.48484848484848486,
  "roc_auc": 0.8201058201058201,
  "pr_auc": 0.493066472035904
}