{
  "f1": 0.5641025641025641,
  "roc_auc": 0.7866666666666667,
  "pr_auc": 0.49462821492233255
}