{
  "f1": 0.42424242424242425,
  "roc_auc": 0.7667493796526054,
  "pr_auc": 0.5426831529674339
}