{
  "f1": 0.5142857142857142,
  "roc_auc": 0.8213399503722085,
  "pr_auc": 0.49737220801621523
}