{
  "f1": 0.625,
  "roc_auc": 0.90625,
  "pr_auc": 0.7370543630269031
}