{
  "f1": 0.4666666666666667,
  "roc_auc": 0.7306791569086651,
  "pr_auc": 0.5159696311078287
}