{
  "f1": 0.6976744186046512,
  "roc_auc": 0.9148325358851674,
  "pr_auc": 0.7039947280368238
}