{
  "f1": 0.47058823529411764,
  "roc_auc": 0.6815415821501014,
  "pr_auc": 0.4872183110510595
}