{
  "f1": 0.43243243243243246,
  "roc_auc": 0.705952380952381,
  "pr_auc": 0.46514913712937933
}