{
  "f1": 0.4,
  "roc_auc": 0.8077922077922077,
  "pr_auc": 0.2677124045545098
}