{
  "f1": 0.5714285714285714,
  "roc_auc": 0.8482142857142858,
  "pr_auc": 0.6092477570738439
}