{
  "f1": 0.11764705882352941,
  "roc_auc": 0.5446428571428572,
  "pr_auc": 0.13802270326254262
}