{
  "f1": 0.3076923076923077,
  "roc_auc": 0.8555555555555556,
  "pr_auc": 0.2833333333333333
}