{
  "f1": 0.26666666666666666,
  "roc_auc": 0.788135593220339,
  "pr_auc": 0.37941176470588234
}