{
  "f1": 0.5,
  "roc_auc": 0.7806122448979591,
  "pr_auc": 0.6768601768601767
}