{
  "f1": 0.2857142857142857,
  "roc_auc": 0.7,
  "pr_auc": 0.4094503439524477
}