{
  "f1": 0.13333333333333333,
  "roc_auc": 0.7198275862068965,
  "pr_auc": 0.13988095238095238
}