{
  "f1": 0.35294117647058826,
  "roc_auc": 0.8415584415584416,
  "pr_auc": 0.5889704931084241
}