{
  "f1": 0.46153846153846156,
  "roc_auc": 0.8706896551724137,
  "pr_auc": 0.2857142857142857
}