{
  "f1": 0.5555555555555556,
  "roc_auc": 0.8903061224489797,
  "pr_auc": 0.4554112554112554
}