{
  "f1": 0.25,
  "roc_auc": 0.6586206896551725,
  "pr_auc": 0.16619047619047617
}