{
  "f1": 0.5333333333333333,
  "roc_auc": 0.744047619047619,
  "pr_auc": 0.5287301587301587
}