{
  "f1": 0.3076923076923077,
  "roc_auc": 0.796875,
  "pr_auc": 0.2853174603174603
}