{
  "f1": 0.42857142857142855,
  "roc_auc": 0.8585858585858586,
  "pr_auc": 0.30757575757575756
}