{
  "f1": 0.3333333333333333,
  "roc_auc": 0.828125,
  "pr_auc": 0.6333333333333333
}