{
  "f1": 0.5454545454545454,
  "roc_auc": 0.8838709677419355,
  "pr_auc": 0.4712087912087912
}