{
  "f1": 0.3333333333333333,
  "roc_auc": 0.7354838709677419,
  "pr_auc": 0.33039215686274503
}