{
  "f1": 0.36363636363636365,
  "roc_auc": 0.8382352941176471,
  "pr_auc": 0.2111111111111111
}