{
  "f1": 0.2,
  "roc_auc": 0.578125,
  "pr_auc": 0.19208937198067633
}