{
  "f1": 0.2,
  "roc_auc": 0.8235294117647058,
  "pr_auc": 0.5714285714285714
}