{
  "f1": 0.2857142857142857,
  "roc_auc": 0.6969696969696969,
  "pr_auc": 0.42810457516339867
}