{
  "f1": 0.2,
  "roc_auc": 0.6161616161616161,
  "pr_auc": 0.1916533758639022
}