{
  "f1": 0.4,
  "roc_auc": 0.797979797979798,
  "pr_auc": 0.22186147186147184
}