{
  "f1": 0.4444444444444444,
  "roc_auc": 0.8282828282828282,
  "pr_auc": 0.3111111111111111
}