{
  "f1": 0.4444444444444444,
  "roc_auc": 0.7935483870967741,
  "pr_auc": 0.5655555555555556
}