{
  "f1": 0.4,
  "roc_auc": 0.8676470588235294,
  "pr_auc": 0.24285714285714285
}