{
  "f1": 0.15384615384615385,
  "roc_auc": 0.5625,
  "pr_auc": 0.1613123993558776
}