{
  "f1": 0.42857142857142855,
  "roc_auc": 0.796875,
  "pr_auc": 0.29513888888888884
}