{
  "f1": 0.2857142857142857,
  "roc_auc": 0.7777777777777778,
  "pr_auc": 0.27485380116959063
}