{
  "f1": 0.7272727272727273,
  "roc_auc": 0.9921875,
  "pr_auc": 0.95
}