{
  "f1": 0.125,
  "roc_auc": 0.515625,
  "pr_auc": 0.1412128612128612
}