{
  "f1": 0.3333333333333333,
  "roc_auc": 0.797979797979798,
  "pr_auc": 0.5476190476190476
}