{
  "f1": 0.375,
  "roc_auc": 0.7890625,
  "pr_auc": 0.37499999999999994
}