{
  "f1": 0.3333333333333333,
  "roc_auc": 0.7096774193548387,
  "pr_auc": 0.30203717850776673
}