{
  "f1": 0.2,
  "roc_auc": 0.595959595959596,
  "pr_auc": 0.18792270531400967
}