{
  "f1": 0.4,
  "roc_auc": 0.9191919191919192,
  "pr_auc": 0.5916666666666666
}