{
  "f1": 0.16666666666666666,
  "roc_auc": 0.5548387096774194,
  "pr_auc": 0.19384829059829062
}