{
  "f1": 0.36363636363636365,
  "roc_auc": 0.609375,
  "pr_auc": 0.355
}