{
  "f1": 0.4444444444444444,
  "roc_auc": 0.6722222222222222,
  "pr_auc": 0.5349326599326599
}