{
  "f1": 0.15384615384615385,
  "roc_auc": 0.515625,
  "pr_auc": 0.14326414326414327
}