{
  "f1": 0.2222222222222222,
  "roc_auc": 0.8823529411764707,
  "pr_auc": 0.3611111111111111
}