{
  "f1": 0.2222222222222222,
  "roc_auc": 0.296875,
  "pr_auc": 0.19287163141118516
}