{
  "f1": 0.35294117647058826,
  "roc_auc": 0.5888888888888888,
  "pr_auc": 0.3940972222222222
}