{
  "f1": 0.42857142857142855,
  "roc_auc": 0.8055555555555556,
  "pr_auc": 0.5646464646464646
}