{
  "f1": 0.0,
  "roc_auc": 0.7070707070707071,
  "pr_auc": 0.19624819624819623
}