{
  "f1": 0.0,
  "roc_auc": 0.3535353535353535,
  "pr_auc": 0.11743295019157088
}