{
  "f1": 0.6153846153846154,
  "roc_auc": 0.8555555555555556,
  "pr_auc": 0.5969444444444445
}