{
  "f1": 0.46153846153846156,
  "roc_auc": 0.6305418719211823,
  "pr_auc": 0.5070294784580498
}