{
  "f1": 0.42105263157894735,
  "roc_auc": 0.6696428571428571,
  "pr_auc": 0.5105979260391025
}