{
  "f1": 0.46153846153846156,
  "roc_auc": 0.6645161290322581,
  "pr_auc": 0.48587301587301585
}