{
  "f1": 0.3333333333333333,
  "roc_auc": 0.703225806451613,
  "pr_auc": 0.2865384615384615
}