{
  "f1": 0.16666666666666666,
  "roc_auc": 0.7272727272727273,
  "pr_auc": 0.17866161616161616
}