{
  "f1": 0.3333333333333333,
  "roc_auc": 0.5419354838709677,
  "pr_auc": 0.2921008403361345
}