{
  "f1": 0.375,
  "roc_auc": 0.8277777777777778,
  "pr_auc": 0.5159632034632035
}