{
  "f1": 0.375,
  "roc_auc": 0.6354679802955665,
  "pr_auc": 0.4266216310571149
}