{
  "f1": 0.47058823529411764,
  "roc_auc": 0.8666666666666667,
  "pr_auc": 0.6242063492063492
}