{
  "f1": 0.16666666666666666,
  "roc_auc": 0.7171717171717171,
  "pr_auc": 0.2722222222222222
}