{
  "f1": 0.0,
  "roc_auc": 0.5234375,
  "pr_auc": 0.1603937728937729
}