{
  "f1": 0.3333333333333333,
  "roc_auc": 0.611111111111111,
  "pr_auc": 0.3991411813992459
}