{
  "f1": 0.5882352941176471,
  "roc_auc": 0.7832512315270935,
  "pr_auc": 0.6223489395758304
}