{
  "f1": 0.47058823529411764,
  "roc_auc": 0.7980295566502463,
  "pr_auc": 0.5679399965114251
}