{
  "f1": 0.16666666666666666,
  "roc_auc": 0.5491071428571428,
  "pr_auc": 0.32197776510539483
}