{
  "f1": 0.3076923076923077,
  "roc_auc": 0.5611111111111111,
  "pr_auc": 0.39276895943562606
}