{
  "f1": 0.3076923076923077,
  "roc_auc": 0.7290322580645161,
  "pr_auc": 0.41835497835497837
}