{
  "f1": 0.5,
  "roc_auc": 0.7723214285714286,
  "pr_auc": 0.562635118149824
}