{
  "f1": 0.15384615384615385,
  "roc_auc": 0.609375,
  "pr_auc": 0.37357954545454547
}