{
  "f1": 0.4,
  "roc_auc": 0.8989898989898989,
  "pr_auc": 0.4111111111111111
}