{
  "f1": 0.4444444444444444,
  "roc_auc": 0.7678571428571428,
  "pr_auc": 0.568525641025641
}