{
  "f1": 0.46153846153846156,
  "roc_auc": 0.7612903225806452,
  "pr_auc": 0.5423809523809524
}