{
  "f1": 0.4,
  "roc_auc": 0.8222222222222222,
  "pr_auc": 0.49285714285714277
}