{
  "f1": 0.4,
  "roc_auc": 0.8580645161290322,
  "pr_auc": 0.3925757575757576
}