{
  "f1": 0.46153846153846156,
  "roc_auc": 0.8275862068965517,
  "pr_auc": 0.6642265601892932
}