{
  "f1": 0.42857142857142855,
  "roc_auc": 0.8046875,
  "pr_auc": 0.6634615384615384
}