{
  "f1": 0.43478260869565216,
  "roc_auc": 0.6770833333333334,
  "pr_auc": 0.46025641850132515
}