{
  "f1": 0.2,
  "roc_auc": 0.5238095238095237,
  "pr_auc": 0.42777777777777776
}