{
  "f1": 0.5882352941176471,
  "roc_auc": 0.8046875,
  "pr_auc": 0.7576923076923077
}