{
  "f1": 0.4,
  "roc_auc": 0.736842105263158,
  "pr_auc": 0.5541666666666667
}