{
  "f1": 0.3076923076923077,
  "roc_auc": 0.5657894736842105,
  "pr_auc": 0.2692982456140351
}