{
  "f1": 0.5714285714285714,
  "roc_auc": 0.9047619047619048,
  "pr_auc": 0.41666666666666663
}