{
  "f1": 0.6153846153846154,
  "roc_auc": 0.8222222222222223,
  "pr_auc": 0.6190476190476191
}