{
  "f1": 0.46153846153846156,
  "roc_auc": 0.7368421052631579,
  "pr_auc": 0.5275735294117647
}