{
  "f1": 0.75,
  "roc_auc": 0.8823529411764706,
  "pr_auc": 0.6763888888888888
}