{
  "f1": 0.36363636363636365,
  "roc_auc": 0.6973684210526316,
  "pr_auc": 0.6180555555555556
}