{
  "f1": 0.4444444444444444,
  "roc_auc": 0.7,
  "pr_auc": 0.5978711484593837
}