{
  "f1": 0.25,
  "roc_auc": 0.7857142857142858,
  "pr_auc": 0.2777777777777778
}