{
  "f1": 0.6153846153846154,
  "roc_auc": 0.8703703703703703,
  "pr_auc": 0.8166666666666667
}