{
  "f1": 0.47058823529411764,
  "roc_auc": 0.6071428571428571,
  "pr_auc": 0.4971219256933543
}