{
  "f1": 0.75,
  "roc_auc": 0.9523809523809523,
  "pr_auc": 0.7555555555555555
}