{
  "f1": 0.4444444444444444,
  "roc_auc": 0.7105263157894737,
  "pr_auc": 0.5041666666666667
}