{
  "f1": 0.2222222222222222,
  "roc_auc": 0.5666666666666667,
  "pr_auc": 0.2767857142857143
}