{
  "f1": 0.5,
  "roc_auc": 0.8333333333333334,
  "pr_auc": 0.5542424242424242
}