{
  "f1": 0.5,
  "roc_auc": 0.7999999999999999,
  "pr_auc": 0.626984126984127
}