{
  "f1": 0.5714285714285714,
  "roc_auc": 0.7156862745098038,
  "pr_auc": 0.5674603174603174
}