{
  "f1": 0.5,
  "roc_auc": 0.8833333333333334,
  "pr_auc": 0.6095238095238096
}