{
  "f1": 0.5,
  "roc_auc": 0.588235294117647,
  "pr_auc": 0.35774976657329594
}