{
  "f1": 0.3333333333333333,
  "roc_auc": 0.7142857142857143,
  "pr_auc": 0.3269230769230769
}