{
  "f1": 0.5882352941176471,
  "roc_auc": 0.7083333333333333,
  "pr_auc": 0.4961709042591395
}