{
  "f1": 0.625,
  "roc_auc": 0.8333333333333333,
  "pr_auc": 0.7754901960784314
}