{
  "f1": 0.5714285714285714,
  "roc_auc": 0.8101135190918471,
  "pr_auc": 0.6089673023359541
}