{
  "f1": 0.4,
  "roc_auc": 0.7014051522248244,
  "pr_auc": 0.49665280809009027
}