{
  "f1": 0.35555555555555557,
  "roc_auc": 0.6377118644067796,
  "pr_auc": 0.41813690437498885
}