{
  "f1": 0.6486486486486487,
  "roc_auc": 0.9297423887587822,
  "pr_auc": 0.8134708049886621
}