{
  "f1": 0.5909090909090909,
  "roc_auc": 0.8338983050847457,
  "pr_auc": 0.6870795792955681
}