{
  "f1": 0.5789473684210527,
  "roc_auc": 0.827543424317618,
  "pr_auc": 0.6088612614699571
}