{
  "f1": 0.4117647058823529,
  "roc_auc": 0.69,
  "pr_auc": 0.4661838122910532
}