{
  "f1": 0.5625,
  "roc_auc": 0.7627118644067796,
  "pr_auc": 0.46289062532617864
}