{
  "f1": 0.6956521739130435,
  "roc_auc": 0.847442680776014,
  "pr_auc": 0.7187595876054784
}