{
  "f1": 0.5714285714285714,
  "roc_auc": 0.7617224880382775,
  "pr_auc": 0.5849104943978983
}