{
  "f1": 0.3870967741935484,
  "roc_auc": 0.7076923076923077,
  "pr_auc": 0.343021151602744
}