{
  "f1": 0.5581395348837209,
  "roc_auc": 0.7389060887512899,
  "pr_auc": 0.5746190666242704
}