{
  "f1": 0.5416666666666666,
  "roc_auc": 0.7222222222222222,
  "pr_auc": 0.4583491179323334
}