{
  "f1": 0.5454545454545454,
  "roc_auc": 0.7589285714285714,
  "pr_auc": 0.5655600712767694
}