{
  "f1": 0.5294117647058824,
  "roc_auc": 0.7089249492900609,
  "pr_auc": 0.5062335679366617
}