{
  "f1": 0.5238095238095238,
  "roc_auc": 0.7083333333333334,
  "pr_auc": 0.44840863631860817
}