{
  "f1": 0.5625,
  "roc_auc": 0.8366477272727273,
  "pr_auc": 0.5744693937661348
}