{
  "f1": 0.5365853658536586,
  "roc_auc": 0.7777777777777777,
  "pr_auc": 0.5264700807960395
}