{
  "f1": 0.6086956521739131,
  "roc_auc": 0.7777777777777779,
  "pr_auc": 0.5165550288920858
}