{
  "f1": 0.5238095238095238,
  "roc_auc": 0.7923728813559322,
  "pr_auc": 0.5899354870550523
}