{
  "f1": 0.5454545454545454,
  "roc_auc": 0.7595459236326111,
  "pr_auc": 0.6281436116818888
}