{
  "f1": 0.32,
  "roc_auc": 0.6046153846153847,
  "pr_auc": 0.2458771004172273
}