{
  "f1": 0.6521739130434783,
  "roc_auc": 0.798941798941799,
  "pr_auc": 0.6739893285107024
}