{
  "f1": 0.5,
  "roc_auc": 0.7447033898305085,
  "pr_auc": 0.4629847589363761
}