{
  "f1": 0.4888888888888889,
  "roc_auc": 0.756440281030445,
  "pr_auc": 0.3749667919221641
}