{
  "f1": 0.47368421052631576,
  "roc_auc": 0.7518610421836229,
  "pr_auc": 0.5158505075538893
}