{
  "f1": 0.4878048780487805,
  "roc_auc": 0.7576064908722109,
  "pr_auc": 0.53148744174912
}