{
  "f1": 0.625,
  "roc_auc": 0.7628032345013477,
  "pr_auc": 0.6036617001179809
}