{
  "f1": 0.4444444444444444,
  "roc_auc": 0.6842592592592591,
  "pr_auc": 0.5601022764766127
}