{
  "f1": 0.5405405405405406,
  "roc_auc": 0.8088888888888889,
  "pr_auc": 0.5583722849522256
}