{
  "f1": 0.5263157894736842,
  "roc_auc": 0.7616645649432535,
  "pr_auc": 0.48203168075135516
}