{
  "f1": 0.45,
  "roc_auc": 0.7073446327683616,
  "pr_auc": 0.4812181161715303
}