{
  "f1": 0.5294117647058824,
  "roc_auc": 0.7481389578163772,
  "pr_auc": 0.4445324811522296
}