{
  "f1": 0.375,
  "roc_auc": 0.771875,
  "pr_auc": 0.4852214702824459
}