{
  "f1": 0.47619047619047616,
  "roc_auc": 0.7119617224880382,
  "pr_auc": 0.5091712224821474
}