{
  "f1": 0.65,
  "roc_auc": 0.8184523809523809,
  "pr_auc": 0.7073019383151521
}