{
  "f1": 0.41025641025641024,
  "roc_auc": 0.6451977401129942,
  "pr_auc": 0.3901477844536368
}