{
  "f1": 0.5581395348837209,
  "roc_auc": 0.7795414462081128,
  "pr_auc": 0.5633944253563765
}