{
  "f1": 0.6511627906976745,
  "roc_auc": 0.8382749326145553,
  "pr_auc": 0.7246009325057956
}