{
  "f1": 0.36363636363636365,
  "roc_auc": 0.6957671957671958,
  "pr_auc": 0.3364657804374624
}