{
  "f1": 0.55,
  "roc_auc": 0.7464503042596349,
  "pr_auc": 0.6109051945770614
}