{
  "f1": 0.4186046511627907,
  "roc_auc": 0.7255555555555555,
  "pr_auc": 0.5291332666818033
}