{
  "f1": 0.42424242424242425,
  "roc_auc": 0.6687344913151365,
  "pr_auc": 0.36996116765075576
}