{
  "f1": 0.45714285714285713,
  "roc_auc": 0.7288776796973518,
  "pr_auc": 0.4466115137673842
}