{
  "f1": 0.4186046511627907,
  "roc_auc": 0.674937965260546,
  "pr_auc": 0.33349901997897
}