{
  "f1": 0.47619047619047616,
  "roc_auc": 0.739406779661017,
  "pr_auc": 0.4292761079777802
}