{
  "f1": 0.45714285714285713,
  "roc_auc": 0.7,
  "pr_auc": 0.49738739207507554
}