{
  "f1": 0.5555555555555556,
  "roc_auc": 0.6949317738791423,
  "pr_auc": 0.4560959252050417
}