{
  "f1": 0.47058823529411764,
  "roc_auc": 0.7261904761904762,
  "pr_auc": 0.3940681283148968
}