{
  "f1": 0.5116279069767442,
  "roc_auc": 0.760593220338983,
  "pr_auc": 0.5455032537035955
}