{
  "f1": 0.46153846153846156,
  "roc_auc": 0.703125,
  "pr_auc": 0.6518308080808081
}