{
  "f1": 0.6153846153846154,
  "roc_auc": 0.8039215686274509,
  "pr_auc": 0.7976190476190476
}