{
  "f1": 0.0,
  "roc_auc": 0.5476190476190477,
  "pr_auc": 0.14583333333333331
}