{
  "f1": 0.5,
  "roc_auc": 0.7500000000000001,
  "pr_auc": 0.662878787878788
}