{
  "f1": 0.2857142857142857,
  "roc_auc": 0.855263157894737,
  "pr_auc": 0.5932539682539683
}