{
  "f1": 0.2222222222222222,
  "roc_auc": 0.3815789473684211,
  "pr_auc": 0.24641608391608394
}