{
  "f1": 0.5714285714285714,
  "roc_auc": 0.8374999999999999,
  "pr_auc": 0.7166666666666667
}