{
  "f1": 0.5714285714285714,
  "roc_auc": 0.5888888888888889,
  "pr_auc": 0.5711688311688312
}