{
  "f1": 0.5454545454545454,
  "roc_auc": 0.6222222222222222,
  "pr_auc": 0.4154545454545454
}