{
  "f1": 0.2222222222222222,
  "roc_auc": 0.5526315789473685,
  "pr_auc": 0.2593434343434343
}