{
  "f1": 0.5333333333333333,
  "roc_auc": 0.6339285714285714,
  "pr_auc": 0.6011760768380578
}