{
  "f1": 0.3333333333333333,
  "roc_auc": 0.48148148148148145,
  "pr_auc": 0.4094616239117518
}