{
  "f1": 0.5,
  "roc_auc": 0.7236842105263158,
  "pr_auc": 0.6704545454545454
}