{
  "f1": 0.4,
  "roc_auc": 0.5980392156862745,
  "pr_auc": 0.38036616161616166
}