{
  "f1": 0.6153846153846154,
  "roc_auc": 0.8627450980392157,
  "pr_auc": 0.8138528138528138
}