{
  "f1": 0.4,
  "roc_auc": 0.880952380952381,
  "pr_auc": 0.3666666666666667
}