{
  "f1": 0.6666666666666666,
  "roc_auc": 0.9111111111111111,
  "pr_auc": 0.7753968253968253
}