{
  "f1": 0.4,
  "roc_auc": 0.9047619047619048,
  "pr_auc": 0.7777777777777777
}