{
  "f1": 0.3333333333333333,
  "roc_auc": 0.7166666666666667,
  "pr_auc": 0.39215686274509803
}