{
  "f1": 0.5,
  "roc_auc": 0.6578947368421052,
  "pr_auc": 0.3768115942028985
}