{
  "f1": 0.5,
  "roc_auc": 0.7333333333333334,
  "pr_auc": 0.34444444444444444
}