{
  "f1": 0.7142857142857143,
  "roc_auc": 0.9313725490196078,
  "pr_auc": 0.8631313131313131
}