{
  "f1": 0.4,
  "roc_auc": 0.5462962962962963,
  "pr_auc": 0.46880765862964
}