{
  "f1": 0.25,
  "roc_auc": 0.5858585858585859,
  "pr_auc": 0.16203703703703703
}