{
  "f1": 0.2857142857142857,
  "roc_auc": 0.926470588235294,
  "pr_auc": 0.41666666666666663
}