{
  "f1": 0.2222222222222222,
  "roc_auc": 0.4921875,
  "pr_auc": 0.15595525649873476
}