{
  "f1": 0.2857142857142857,
  "roc_auc": 0.484375,
  "pr_auc": 0.34696969696969693
}