{
  "f1": 0.9090909090909091,
  "roc_auc": 0.9935483870967742,
  "pr_auc": 0.9666666666666666
}