{
  "f1": 0.2222222222222222,
  "roc_auc": 0.42857142857142855,
  "pr_auc": 0.30849959219524437
}