{
  "f1": 0.4444444444444444,
  "roc_auc": 0.6451612903225807,
  "pr_auc": 0.319047619047619
}