{
  "f1": 0.5454545454545454,
  "roc_auc": 0.7093596059113301,
  "pr_auc": 0.5632753945561828
}