{
  "f1": 0.5454545454545454,
  "roc_auc": 0.8444444444444444,
  "pr_auc": 0.6805555555555555
}