{
  "f1": 0.2222222222222222,
  "roc_auc": 0.541871921182266,
  "pr_auc": 0.3298340548340548
}