{
  "f1": 0.4,
  "roc_auc": 0.5656565656565657,
  "pr_auc": 0.41318681318681316
}