{
  "f1": 0.5714285714285714,
  "roc_auc": 0.7723214285714286,
  "pr_auc": 0.6085044122544122
}