{
  "f1": 0.0,
  "roc_auc": 0.6171875,
  "pr_auc": 0.22095959595959597
}