{
  "f1": 0.3333333333333333,
  "roc_auc": 0.7676767676767677,
  "pr_auc": 0.3119047619047619
}