{
  "f1": 0.7142857142857143,
  "roc_auc": 0.8226600985221675,
  "pr_auc": 0.7618622448979591
}