{
  "f1": 0.0,
  "roc_auc": 0.6640625,
  "pr_auc": 0.3179563492063492
}