{
  "f1": 0.4,
  "roc_auc": 0.8080808080808081,
  "pr_auc": 0.4388888888888889
}