{
  "f1": 0.0,
  "roc_auc": 0.46875,
  "pr_auc": 0.13155876381682835
}