{
  "f1": 0.5714285714285714,
  "roc_auc": 0.8303571428571428,
  "pr_auc": 0.6967819435466495
}