{
  "f1": 0.4444444444444444,
  "roc_auc": 0.78125,
  "pr_auc": 0.4017857142857143
}