{
  "f1": 0.0,
  "roc_auc": 0.4903225806451613,
  "pr_auc": 0.15577898803705253
}