{
  "f1": 0.2857142857142857,
  "roc_auc": 0.6453201970443351,
  "pr_auc": 0.5099956649326397
}