{
  "f1": 0.36363636363636365,
  "roc_auc": 0.5369458128078818,
  "pr_auc": 0.44745790789434053
}