{
  "f1": 0.4,
  "roc_auc": 0.7555555555555555,
  "pr_auc": 0.5837477337477337
}