{
  "f1": 0.25,
  "roc_auc": 0.5888888888888888,
  "pr_auc": 0.43764568764568756
}