{
  "f1": 0.2857142857142857,
  "roc_auc": 0.5735294117647058,
  "pr_auc": 0.2833333333333333
}