{
  "f1": 0.5333333333333333,
  "roc_auc": 0.6964285714285714,
  "pr_auc": 0.5062318428697739
}