{
  "f1": 0.36363636363636365,
  "roc_auc": 0.65,
  "pr_auc": 0.3376068376068376
}