{
  "f1": 0.4,
  "roc_auc": 0.6262626262626263,
  "pr_auc": 0.41189931350114417
}