{
  "f1": 0.4,
  "roc_auc": 0.6222222222222222,
  "pr_auc": 0.3111111111111111
}