{
  "f1": 0.6,
  "roc_auc": 0.7055555555555556,
  "pr_auc": 0.5806938159879336
}