{
  "f1": 0.5714285714285714,
  "roc_auc": 0.6774193548387096,
  "pr_auc": 0.5849350649350649
}