{
  "f1": 0.2222222222222222,
  "roc_auc": 0.6551724137931034,
  "pr_auc": 0.5127437641723356
}