{
  "f1": 0.5,
  "roc_auc": 0.5935483870967743,
  "pr_auc": 0.5384920634920636
}