{
  "f1": 0.7142857142857143,
  "roc_auc": 0.9055555555555556,
  "pr_auc": 0.6367063492063493
}