{
  "f1": 0.45161290322580644,
  "roc_auc": 0.6844444444444444,
  "pr_auc": 0.4569904290952773
}