{
  "f1": 0.5,
  "roc_auc": 0.6865079365079365,
  "pr_auc": 0.41023815598843555
}