{
  "f1": 0.4375,
  "roc_auc": 0.6847414880201765,
  "pr_auc": 0.4333827936769113
}