{
  "f1": 0.55,
  "roc_auc": 0.7435406698564593,
  "pr_auc": 0.6301152620441626
}