{
  "f1": 0.5882352941176471,
  "roc_auc": 0.7839756592292089,
  "pr_auc": 0.6496997620271165
}