{
  "f1": 0.6842105263157895,
  "roc_auc": 0.8400412796697626,
  "pr_auc": 0.6878184343566149
}