{
  "f1": 0.5161290322580645,
  "roc_auc": 0.8325062034739454,
  "pr_auc": 0.6762673572900064
}