{
  "f1": 0.6666666666666666,
  "roc_auc": 0.784688995215311,
  "pr_auc": 0.6335289869667128
}