{
  "f1": 0.4864864864864865,
  "roc_auc": 0.7655555555555555,
  "pr_auc": 0.5362438317667196
}