{
  "f1": 0.6,
  "roc_auc": 0.8079922027290448,
  "pr_auc": 0.558822139279762
}