{
  "f1": 0.48484848484848486,
  "roc_auc": 0.7767969735182849,
  "pr_auc": 0.5339101719536502
}