{
  "f1": 0.5161290322580645,
  "roc_auc": 0.875,
  "pr_auc": 0.6555194805194805
}