{
  "f1": 0.5777777777777777,
  "roc_auc": 0.7403414195867026,
  "pr_auc": 0.5674491823863257
}