{
  "f1": 0.5945945945945946,
  "roc_auc": 0.7680084745762711,
  "pr_auc": 0.5434816541074717
}