{
  "f1": 0.3870967741935484,
  "roc_auc": 0.662531017369727,
  "pr_auc": 0.3526509038163173
}