{
  "f1": 0.47619047619047616,
  "roc_auc": 0.7063492063492064,
  "pr_auc": 0.5346801726875736
}