{
  "f1": 0.48484848484848486,
  "roc_auc": 0.7002341920374707,
  "pr_auc": 0.4621113213064616
}