{
  "f1": 0.7027027027027027,
  "roc_auc": 0.8757062146892656,
  "pr_auc": 0.8043725475304422
}