{
  "f1": 0.46153846153846156,
  "roc_auc": 0.7307692307692308,
  "pr_auc": 0.3919093762372066
}