{
  "f1": 0.6341463414634146,
  "roc_auc": 0.8165784832451499,
  "pr_auc": 0.6327148132613527
}