{
  "f1": 0.5365853658536586,
  "roc_auc": 0.7843137254901961,
  "pr_auc": 0.6887860455144539
}