{
  "f1": 0.6153846153846154,
  "roc_auc": 0.8065476190476191,
  "pr_auc": 0.5992650514855657
}