{
  "f1": 0.6086956521739131,
  "roc_auc": 0.8271604938271605,
  "pr_auc": 0.74518081665592
}