{
  "f1": 0.5945945945945946,
  "roc_auc": 0.7525354969574036,
  "pr_auc": 0.5971451876063789
}