{
  "f1": 0.5,
  "roc_auc": 0.694047619047619,
  "pr_auc": 0.4922553498859442
}