{
  "f1": 0.6511627906976745,
  "roc_auc": 0.8139329805996472,
  "pr_auc": 0.675392358521915
}