{
  "f1": 0.4864864864864865,
  "roc_auc": 0.7622950819672131,
  "pr_auc": 0.3755530015926414
}