{
  "f1": 0.7317073170731707,
  "roc_auc": 0.876010781671159,
  "pr_auc": 0.7900955972945023
}