{
  "f1": 0.6857142857142857,
  "roc_auc": 0.8611111111111112,
  "pr_auc": 0.7495533240156896
}