{
  "f1": 0.5454545454545454,
  "roc_auc": 0.7860169491525424,
  "pr_auc": 0.6120038969670991
}