{
  "f1": 0.6470588235294118,
  "roc_auc": 0.8733333333333333,
  "pr_auc": 0.655941230925751
}