{
  "f1": 0.5333333333333333,
  "roc_auc": 0.738095238095238,
  "pr_auc": 0.4447466486594638
}