{
  "f1": 0.6666666666666666,
  "roc_auc": 0.8101694915254237,
  "pr_auc": 0.6323652567217529
}