{
  "f1": 0.45714285714285713,
  "roc_auc": 0.7431761786600497,
  "pr_auc": 0.4890776650897045
}