{
  "f1": 0.4666666666666667,
  "roc_auc": 0.7692307692307693,
  "pr_auc": 0.5170600634242687
}