{
  "f1": 0.43243243243243246,
  "roc_auc": 0.7059553349875931,
  "pr_auc": 0.454385615437807
}