{
  "f1": 0.5405405405405406,
  "roc_auc": 0.7933333333333333,
  "pr_auc": 0.612011060299392
}