{
  "f1": 0.5,
  "roc_auc": 0.7807909604519774,
  "pr_auc": 0.6003673683135298
}