{
  "f1": 0.75,
  "roc_auc": 0.9391100702576112,
  "pr_auc": 0.8531630099321128
}