{
  "f1": 0.6153846153846154,
  "roc_auc": 0.7708978328173375,
  "pr_auc": 0.6879640782135616
}