{
  "f1": 0.48484848484848486,
  "roc_auc": 0.744421906693712,
  "pr_auc": 0.5111017275773009
}