{
  "f1": 0.48484848484848486,
  "roc_auc": 0.7552966101694916,
  "pr_auc": 0.5319086402953938
}