{
  "f1": 0.3870967741935484,
  "roc_auc": 0.6779661016949152,
  "pr_auc": 0.4634013398985508
}