{
  "f1": 0.18181818181818182,
  "roc_auc": 0.5461538461538461,
  "pr_auc": 0.23413164097411188
}