{
  "f1": 0.43902439024390244,
  "roc_auc": 0.6843220338983051,
  "pr_auc": 0.5069994959378521
}