{
  "f1": 0.5555555555555556,
  "roc_auc": 0.8040254237288136,
  "pr_auc": 0.6255792328690657
}