{
  "f1": 0.4444444444444444,
  "roc_auc": 0.8328125,
  "pr_auc": 0.6099959525569282
}