{
  "f1": 0.48484848484848486,
  "roc_auc": 0.746588693957115,
  "pr_auc": 0.5646259813620129
}