{
  "f1": 0.5454545454545454,
  "roc_auc": 0.8580645161290322,
  "pr_auc": 0.661904761904762
}