{
  "f1": 0.5,
  "roc_auc": 0.9055555555555557,
  "pr_auc": 0.5813492063492063
}