{
  "f1": 0.5333333333333333,
  "roc_auc": 0.7222222222222222,
  "pr_auc": 0.44885620915032676
}