{
  "f1": 0.5,
  "roc_auc": 0.828125,
  "pr_auc": 0.5871212121212122
}