{
  "f1": 0.6363636363636364,
  "roc_auc": 0.9901477832512315,
  "pr_auc": 0.9682539682539681
}