{
  "f1": 0.5555555555555556,
  "roc_auc": 0.8666666666666667,
  "pr_auc": 0.6138888888888888
}