{
  "f1": 0.5882352941176471,
  "roc_auc": 0.7783251231527094,
  "pr_auc": 0.49993330665599567
}