{
  "f1": 0.6,
  "roc_auc": 0.8828125,
  "pr_auc": 0.39924242424242423
}