{
  "f1": 0.7058823529411765,
  "roc_auc": 0.9277777777777778,
  "pr_auc": 0.6256313131313131
}