{
  "f1": 0.6153846153846154,
  "roc_auc": 0.8402777777777778,
  "pr_auc": 0.7511276455026455
}