{
  "f1": 0.5454545454545454,
  "roc_auc": 0.8866995073891626,
  "pr_auc": 0.7337282600440496
}