{
  "f1": 0.5,
  "roc_auc": 0.7354838709677419,
  "pr_auc": 0.6283088235294118
}