{
  "f1": 0.25,
  "roc_auc": 0.8585858585858586,
  "pr_auc": 0.5213675213675213
}