{
  "f1": 0.3076923076923077,
  "roc_auc": 0.787878787878788,
  "pr_auc": 0.2222222222222222
}