{
  "f1": 0.7777777777777778,
  "roc_auc": 0.9419642857142857,
  "pr_auc": 0.8269345238095238
}