{
  "f1": 0.5454545454545454,
  "roc_auc": 0.812807881773399,
  "pr_auc": 0.42848639455782317
}