{
  "f1": 0.5263157894736842,
  "roc_auc": 0.8080357142857143,
  "pr_auc": 0.6364583333333333
}