{
  "f1": 0.5882352941176471,
  "roc_auc": 0.8055555555555557,
  "pr_auc": 0.7452380952380953
}