{
  "f1": 0.5,
  "roc_auc": 0.8833333333333333,
  "pr_auc": 0.7713804713804714
}