{
  "f1": 0.6666666666666666,
  "roc_auc": 0.8944444444444444,
  "pr_auc": 0.6203703703703703
}