{
  "f1": 0.5454545454545454,
  "roc_auc": 0.7578125,
  "pr_auc": 0.7785714285714286
}