{
  "f1": 0.5333333333333333,
  "roc_auc": 0.9296875,
  "pr_auc": 0.740909090909091
}