{
  "f1": 0.631578947368421,
  "roc_auc": 0.8348214285714286,
  "pr_auc": 0.5332848084886128
}