{
  "f1": 0.5555555555555556,
  "roc_auc": 0.7767857142857143,
  "pr_auc": 0.50203081232493
}