{
  "f1": 0.625,
  "roc_auc": 0.8833333333333333,
  "pr_auc": 0.5569716775599128
}