{
  "f1": 0.6666666666666666,
  "roc_auc": 0.9388888888888889,
  "pr_auc": 0.7876373626373626
}