{
  "f1": 0.6666666666666666,
  "roc_auc": 0.903225806451613,
  "pr_auc": 0.4809523809523809
}