{
  "f1": 0.6666666666666666,
  "roc_auc": 0.9055555555555557,
  "pr_auc": 0.724537037037037
}