{
  "f1": 0.5714285714285714,
  "roc_auc": 0.7832512315270936,
  "pr_auc": 0.6618738404452691
}