{
  "f1": 0.36363636363636365,
  "roc_auc": 0.8585858585858587,
  "pr_auc": 0.40476190476190477
}