{
  "f1": 0.26666666666666666,
  "roc_auc": 0.78125,
  "pr_auc": 0.34013157894736845
}