{
  "f1": 0.5714285714285714,
  "roc_auc": 0.9096774193548387,
  "pr_auc": 0.5942857142857143
}