{
  "f1": 0.631578947368421,
  "roc_auc": 0.85,
  "pr_auc": 0.511476948976949
}