{
  "mean": 0.24826214943888458,
  "std": 0.11456418531369002,
  "dist": [
    0.4347826086956521,
    0.2142857142857142,
    0.2222222222222222,
    0.1538461538461538,
    0.2,
    0.1666666666666666,
    0.125,
    0.3478260869565217,
    0.3529411764705882,
    0.2727272727272727,
    0.24,
    0.0,
    0.375,
    0.2105263157894736,
    0.4347826086956521,
    0.1111111111111111,
    0.0,
    0.3333333333333333,
    0.4,
    0.4,
    0.16,
    0.4166666666666667,
    0.2105263157894736,
    0.1333333333333333,
    0.3157894736842105,
    0.2,
    0.25,
    0.4166666666666667,
    0.1739130434782608,
    0.2105263157894736,
    0.2857142857142857,
    0.2105263157894736,
    0.3478260869565217,
    0.2,
    0.2105263157894736,
    0.1333333333333333,
    0.1052631578947368,
    0.4137931034482758,
    0.4,
    0.1052631578947368,
    0.3636363636363636,
    0.3,
    0.2307692307692307,
    0.2,
    0.1428571428571428,
    0.2666666666666666,
    0.1904761904761904,
    0.0952380952380952,
    0.4210526315789473,
    0.3076923076923077
  ]
}