{
  "t_test": {
    "t_stat": -4.3219171114009285,
    "p_value": 7.547081530393663e-05
  },
  "wilcoxon": {
    "w_stat": 232.0,
    "p_value": 0.00015371326324564304
  }
}