{
  "mean": 0.29462040765803044,
  "std": 0.11909702140832579,
  "dist": [
    0.5,
    0.2608695652173913,
    0.2666666666666666,
    0.1666666666666666,
    0.2352941176470588,
    0.2666666666666666,
    0.3333333333333333,
    0.3,
    0.2352941176470588,
    0.3478260869565217,
    0.3,
    0.125,
    0.4285714285714285,
    0.2222222222222222,
    0.4210526315789473,
    0.25,
    0.0,
    0.4,
    0.4705882352941176,
    0.375,
    0.3157894736842105,
    0.4545454545454545,
    0.375,
    0.0,
    0.2,
    0.2105263157894736,
    0.3333333333333333,
    0.5,
    0.2727272727272727,
    0.2222222222222222,
    0.375,
    0.125,
    0.4,
    0.2727272727272727,
    0.3076923076923077,
    0.1538461538461538,
    0.1538461538461538,
    0.4166666666666667,
    0.5,
    0.1904761904761904,
    0.3,
    0.4285714285714285,
    0.25,
    0.2222222222222222,
    0.3636363636363636,
    0.375,
    0.2666666666666666,
    0.1176470588235294,
    0.375,
    0.3478260869565217
  ]
}