{
  "f1": 0.5555555555555556,
  "roc_auc": 0.7946428571428572,
  "pr_auc": 0.5940806878306878
}