{
  "f1": 0.3076923076923077,
  "roc_auc": 0.45982142857142855,
  "pr_auc": 0.2687726286287596
}