{
  "f1": 0.5882352941176471,
  "roc_auc": 0.7635467980295566,
  "pr_auc": 0.4528929851510496
}