{
  "f1": 0.36363636363636365,
  "roc_auc": 0.5870967741935484,
  "pr_auc": 0.23458333333333337
}