{
  "f1": 0.4,
  "roc_auc": 0.7380952380952381,
  "pr_auc": 0.3333333333333333
}