{
  "f1": 0.6666666666666666,
  "roc_auc": 0.6333333333333333,
  "pr_auc": 0.43236714975845414
}