{
  "f1": 0.5714285714285714,
  "roc_auc": 0.7301587301587302,
  "pr_auc": 0.4444444444444444
}