{
  "f1": 0.3333333333333333,
  "roc_auc": 0.6984126984126984,
  "pr_auc": 0.3106060606060606
}