{
  "f1": 0.3333333333333333,
  "roc_auc": 0.4473684210526316,
  "pr_auc": 0.26209273182957393
}