{
  "f1": 0.2222222222222222,
  "roc_auc": 0.39814814814814814,
  "pr_auc": 0.3577082803627426
}