{
  "f1": 0.5,
  "roc_auc": 0.6339285714285714,
  "pr_auc": 0.588095238095238
}