{
  "f1": 0.4,
  "roc_auc": 0.47777777777777786,
  "pr_auc": 0.32761904761904764
}