{
  "f1": 0.6,
  "roc_auc": 0.8289473684210527,
  "pr_auc": 0.550595238095238
}