{
  "f1": 0.75,
  "roc_auc": 0.8157894736842106,
  "pr_auc": 0.5458333333333333
}