{
  "f1": 0.42857142857142855,
  "roc_auc": 0.45833333333333337,
  "pr_auc": 0.3877864782276547
}