{
  "f1": 0.25,
  "roc_auc": 0.35555555555555557,
  "pr_auc": 0.35172161172161176
}