{
  "f1": 0.6666666666666666,
  "roc_auc": 0.6447368421052632,
  "pr_auc": 0.6079545454545454
}