{
  "f1": 0.5714285714285714,
  "roc_auc": 0.5263157894736842,
  "pr_auc": 0.49962121212121213
}