{
  "f1": 0.5714285714285714,
  "roc_auc": 0.703125,
  "pr_auc": 0.7081821687084845
}