{
  "f1": 0.6,
  "roc_auc": 0.9500000000000001,
  "pr_auc": 0.7555555555555555
}