{
  "f1": 0.25,
  "roc_auc": 0.3026315789473684,
  "pr_auc": 0.1748663101604278
}