{
  "f1": 0.18181818181818182,
  "roc_auc": 0.42592592592592593,
  "pr_auc": 0.36388684415000205
}