{
  "f1": 0.6666666666666666,
  "roc_auc": 0.784313725490196,
  "pr_auc": 0.7477124183006535
}