{
  "f1": 0.9090909090909091,
  "roc_auc": 0.8431372549019608,
  "pr_auc": 0.8787878787878787
}