{
  "f1": 0.5,
  "roc_auc": 0.6862745098039216,
  "pr_auc": 0.5252136752136752
}