{
  "f1": 0.4864864864864865,
  "roc_auc": 0.7277542372881356,
  "pr_auc": 0.4858204012153049
}