{
  "f1": 0.6382978723404256,
  "roc_auc": 0.808641975308642,
  "pr_auc": 0.7274627018058875
}