{
  "f1": 0.6222222222222222,
  "roc_auc": 0.8536155202821869,
  "pr_auc": 0.7451403759863939
}