{
  "f1": 0.358974358974359,
  "roc_auc": 0.6878306878306878,
  "pr_auc": 0.5162038957101893
}