{
  "f1": 0.5454545454545454,
  "roc_auc": 0.6987829614604463,
  "pr_auc": 0.5731448789651339
}