{
  "f1": 0.65,
  "roc_auc": 0.848158131176999,
  "pr_auc": 0.7845664775123202
}