{
  "f1": 0.47619047619047616,
  "roc_auc": 0.6907407407407408,
  "pr_auc": 0.6111325723109996
}