{
  "f1": 0.46153846153846156,
  "roc_auc": 0.7645933014354067,
  "pr_auc": 0.5143963455326818
}