{
  "f1": 0.4,
  "roc_auc": 0.6785714285714286,
  "pr_auc": 0.4338015694167119
}