{
  "f1": 0.3870967741935484,
  "roc_auc": 0.7552966101694916,
  "pr_auc": 0.4856101309775517
}