{
  "f1": 0.3870967741935484,
  "roc_auc": 0.7184615384615384,
  "pr_auc": 0.3912254892885684
}