{
  "f1": 0.3870967741935484,
  "roc_auc": 0.7066666666666666,
  "pr_auc": 0.43632279987883826
}