{
  "f1": 0.4,
  "roc_auc": 0.7307692307692308,
  "pr_auc": 0.46293733845259166
}