{
  "f1": 0.3888888888888889,
  "roc_auc": 0.7422222222222222,
  "pr_auc": 0.4422431172431172
}