{
  "f1": 0.5,
  "roc_auc": 0.7484787018255579,
  "pr_auc": 0.6516643415148623
}