{
  "f1": 0.6111111111111112,
  "roc_auc": 0.9203747072599531,
  "pr_auc": 0.7960826210826211
}