{
  "f1": 0.4117647058823529,
  "roc_auc": 0.6574162679425837,
  "pr_auc": 0.535168625436728
}