{
  "f1": 0.5,
  "roc_auc": 0.7667698658410732,
  "pr_auc": 0.6449675660748326
}