{
  "f1": 0.55,
  "roc_auc": 0.8177777777777778,
  "pr_auc": 0.6384928162252564
}