{
  "f1": 0.6111111111111112,
  "roc_auc": 0.8559322033898304,
  "pr_auc": 0.7359529475975344
}