{
  "f1": 0.3870967741935484,
  "roc_auc": 0.691046658259773,
  "pr_auc": 0.37011396044277795
}