{
  "f1": 0.42424242424242425,
  "roc_auc": 0.8082386363636364,
  "pr_auc": 0.580752596273888
}