{
  "f1": 0.43243243243243246,
  "roc_auc": 0.7222222222222223,
  "pr_auc": 0.5877059102044352
}