{
  "f1": 0.5263157894736842,
  "roc_auc": 0.8111455108359134,
  "pr_auc": 0.6745897498473632
}