{
  "f1": 0.5161290322580645,
  "roc_auc": 0.7333333333333334,
  "pr_auc": 0.6338938593840554
}