{
  "f1": 0.3333333333333333,
  "roc_auc": 0.6534391534391534,
  "pr_auc": 0.2878051171269833
}