{
  "f1": 0.45714285714285713,
  "roc_auc": 0.6517857142857143,
  "pr_auc": 0.42788936926338883
}