{
  "f1": 0.45714285714285713,
  "roc_auc": 0.6920077972709551,
  "pr_auc": 0.5555194092706104
}