{
  "f1": 0.45714285714285713,
  "roc_auc": 0.7028397565922921,
  "pr_auc": 0.6185916686376196
}