{
  "f1": 0.6222222222222222,
  "roc_auc": 0.8086253369272237,
  "pr_auc": 0.612996222559064
}