{
  "f1": 0.29411764705882354,
  "roc_auc": 0.5954802259887005,
  "pr_auc": 0.30670133128367494
}