{
  "f1": 0.43243243243243246,
  "roc_auc": 0.7129943502824858,
  "pr_auc": 0.4598287084573236
}