{
  "f1": 0.35294117647058826,
  "roc_auc": 0.6859375000000001,
  "pr_auc": 0.4296961578059252
}