{
  "f1": 0.4,
  "roc_auc": 0.694047619047619,
  "pr_auc": 0.5081722210069183
}