{
  "f1": 0.46153846153846156,
  "roc_auc": 0.7641325536062379,
  "pr_auc": 0.5633964170789508
}