{
  "f1": 0.43902439024390244,
  "roc_auc": 0.7058823529411765,
  "pr_auc": 0.4715853280165062
}