{
  "f1": 0.6486486486486487,
  "roc_auc": 0.8234126984126985,
  "pr_auc": 0.7536291374188236
}