{
  "f1": 0.4,
  "roc_auc": 0.711943793911007,
  "pr_auc": 0.43973108045925957
}