{
  "f1": 0.5789473684210527,
  "roc_auc": 0.896045197740113,
  "pr_auc": 0.6450217745217744
}