{
  "f1": 0.4444444444444444,
  "roc_auc": 0.7566666666666666,
  "pr_auc": 0.5790433866157136
}