{
  "f1": 0.5714285714285714,
  "roc_auc": 0.7548500881834215,
  "pr_auc": 0.6008171340049837
}