{
  "f1": 0.4,
  "roc_auc": 0.6377171215880894,
  "pr_auc": 0.31049671138015306
}