{
  "f1": 0.34146341463414637,
  "roc_auc": 0.5646186440677965,
  "pr_auc": 0.3413734629127976
}