{
  "f1": 0.46153846153846156,
  "roc_auc": 0.7711864406779662,
  "pr_auc": 0.6208557849394392
}