{
  "f1": 0.3783783783783784,
  "roc_auc": 0.7049180327868853,
  "pr_auc": 0.3217644435979339
}