{
  "f1": 0.35294117647058826,
  "roc_auc": 0.7250945775535939,
  "pr_auc": 0.4746502094217756
}