{
  "f1": 0.35294117647058826,
  "roc_auc": 0.6650124069478909,
  "pr_auc": 0.3031189233872421
}