{
  "f1": 0.5714285714285714,
  "roc_auc": 0.7709551656920078,
  "pr_auc": 0.6163655935012247
}