{
  "f1": 0.5161290322580645,
  "roc_auc": 0.7694915254237289,
  "pr_auc": 0.6368847379077042
}