{
  "f1": 0.55,
  "roc_auc": 0.7648305084745763,
  "pr_auc": 0.49083511389434115
}