{
  "f1": 0.4878048780487805,
  "roc_auc": 0.7515762925598991,
  "pr_auc": 0.5063273740292374
}