{
  "f1": 0.42857142857142855,
  "roc_auc": 0.6861244019138757,
  "pr_auc": 0.5025652812623653
}