{
  "f1": 0.6,
  "roc_auc": 0.7648809523809523,
  "pr_auc": 0.5656650598710994
}