{
  "f1": 0.3783783783783784,
  "roc_auc": 0.6898263027295285,
  "pr_auc": 0.41539237553888775
}