{
  "f1": 0.2777777777777778,
  "roc_auc": 0.6640625,
  "pr_auc": 0.44377046972635203
}