{
  "mean": 0.47986212793054894,
  "std": 0.13835788588057385,
  "dist": [
    0.7,
    0.3333333333333333,
    0.7142857142857143,
    0.2666666666666666,
    0.4285714285714285,
    0.4,
    0.5714285714285714,
    0.5882352941176471,
    0.2,
    0.5555555555555556,
    0.3076923076923077,
    0.8,
    0.5,
    0.5263157894736842,
    0.1538461538461538,
    0.64,
    0.5,
    0.4444444444444444,
    0.4444444444444444,
    0.3076923076923077,
    0.4444444444444444,
    0.5714285714285714,
    0.4615384615384615,
    0.5,
    0.5,
    0.625,
    0.5555555555555556,
    0.3076923076923077,
    0.4761904761904761,
    0.4615384615384615,
    0.631578947368421,
    0.5,
    0.4,
    0.4615384615384615,
    0.4285714285714285,
    0.5454545454545454,
    0.5263157894736842,
    0.4,
    0.3636363636363636,
    0.5714285714285714,
    0.5882352941176471,
    0.625,
    0.5263157894736842,
    0.4705882352941176,
    0.1666666666666666,
    0.5333333333333333,
    0.5263157894736842,
    0.3529411764705882,
    0.375,
    0.7142857142857143
  ]
}