{
  "t_test": {
    "t_stat": -1.129140612632407,
    "p_value": 0.26433621975297744
  },
  "wilcoxon": {
    "w_stat": 487.0,
    "p_value": 0.21185883863228483
  }
}