{
  "f1": 0.5,
  "roc_auc": 0.8666666666666667,
  "pr_auc": 0.7038220551378446
}