{
  "f1": 0.6666666666666666,
  "roc_auc": 0.8709677419354839,
  "pr_auc": 0.7597402597402596
}