{
  "f1": 0.8,
  "roc_auc": 0.9388888888888889,
  "pr_auc": 0.7132936507936508
}