{
  "f1": 0.6,
  "roc_auc": 0.8620689655172414,
  "pr_auc": 0.5118506493506493
}