{
  "f1": 0.5,
  "roc_auc": 0.8451612903225807,
  "pr_auc": 0.6283333333333332
}