{
  "f1": 0.7272727272727273,
  "roc_auc": 0.8029556650246306,
  "pr_auc": 0.7617989417989417
}