{
  "f1": 0.7692307692307693,
  "roc_auc": 0.7586206896551724,
  "pr_auc": 0.7525396825396826
}