{
  "f1": 0.36363636363636365,
  "roc_auc": 0.6903225806451612,
  "pr_auc": 0.44
}