{
  "f1": 0.7058823529411765,
  "roc_auc": 0.7991071428571428,
  "pr_auc": 0.7766774891774891
}