{
  "f1": 0.7142857142857143,
  "roc_auc": 0.9419354838709677,
  "pr_auc": 0.6226190476190475
}