{
  "f1": 0.5333333333333333,
  "roc_auc": 0.7142857142857143,
  "pr_auc": 0.44384662956091525
}