{
  "f1": 0.5,
  "roc_auc": 0.796875,
  "pr_auc": 0.40062111801242234
}