{
  "f1": 0.7692307692307693,
  "roc_auc": 0.8333333333333334,
  "pr_auc": 0.8611111111111112
}