{
  "f1": 0.8,
  "roc_auc": 0.9609375,
  "pr_auc": 0.6458333333333333
}