{
  "f1": 0.75,
  "roc_auc": 0.9166666666666667,
  "pr_auc": 0.6925925925925925
}