{
  "f1": 0.47058823529411764,
  "roc_auc": 0.7666666666666666,
  "pr_auc": 0.47896825396825393
}