{
  "f1": 0.8,
  "roc_auc": 0.9196428571428571,
  "pr_auc": 0.6896291208791209
}