{
  "f1": 0.7777777777777778,
  "roc_auc": 0.9556650246305419,
  "pr_auc": 0.8329931972789115
}