{
  "f1": 0.3333333333333333,
  "roc_auc": 0.8181818181818182,
  "pr_auc": 0.2685185185185185
}