{
  "f1": 0.4,
  "roc_auc": 0.8277777777777776,
  "pr_auc": 0.48475135975135974
}