{
  "f1": 0.6666666666666666,
  "roc_auc": 0.8482142857142857,
  "pr_auc": 0.6000160256410256
}