{
  "f1": 0.6,
  "roc_auc": 0.734375,
  "pr_auc": 0.6777777777777778
}