{
  "f1": 0.5454545454545454,
  "roc_auc": 0.6516129032258065,
  "pr_auc": 0.4819047619047619
}