{
  "f1": 0.36363636363636365,
  "roc_auc": 0.7777777777777778,
  "pr_auc": 0.40227455716586147
}