{
  "f1": 0.2,
  "roc_auc": 0.7684729064039408,
  "pr_auc": 0.493798185941043
}