{
  "f1": 0.0,
  "roc_auc": 0.6796875,
  "pr_auc": 0.21068376068376068
}