{
  "f1": 0.4444444444444444,
  "roc_auc": 0.7474747474747474,
  "pr_auc": 0.24206349206349204
}