{
  "f1": 0.5882352941176471,
  "roc_auc": 0.8611111111111112,
  "pr_auc": 0.4629629629629629
}