{
  "f1": 0.42857142857142855,
  "roc_auc": 0.7444444444444445,
  "pr_auc": 0.42084377610693396
}