{
  "f1": 0.6153846153846154,
  "roc_auc": 0.9166666666666667,
  "pr_auc": 0.673941798941799
}