{
  "f1": 0.7058823529411765,
  "roc_auc": 0.8526785714285714,
  "pr_auc": 0.6946512300572403
}