{
  "f1": 0.6153846153846154,
  "roc_auc": 0.896774193548387,
  "pr_auc": 0.7231092436974789
}