{
  "f1": 0.25,
  "roc_auc": 0.7578125,
  "pr_auc": 0.2583333333333333
}