{
  "f1": 0.625,
  "roc_auc": 0.8437499999999999,
  "pr_auc": 0.5657601181498241
}