{
  "mean": 0.3815020730903084,
  "std": 0.21664369851024873,
  "dist": [
    0.0,
    0.4615384615384615,
    0.5454545454545454,
    0.5714285714285714,
    0.375,
    0.3636363636363636,
    0.3076923076923077,
    0.2222222222222222,
    0.4705882352941176,
    0.8,
    0.4444444444444444,
    0.4,
    0.5333333333333333,
    0.4,
    0.1818181818181818,
    0.25,
    0.625,
    0.0,
    0.4,
    0.4285714285714285,
    0.3636363636363636,
    0.6666666666666666,
    0.3636363636363636,
    0.0,
    0.3333333333333333,
    0.1666666666666666,
    0.5454545454545454,
    0.8333333333333334,
    0.2857142857142857,
    0.0,
    0.1818181818181818,
    0.4705882352941176,
    0.4444444444444444,
    0.6666666666666666,
    0.0,
    0.6153846153846154,
    0.4615384615384615,
    0.2,
    0.1818181818181818,
    0.5,
    0.4,
    0.8,
    0.3076923076923077,
    0.2857142857142857,
    0.4,
    0.0,
    0.4615384615384615,
    0.4444444444444444,
    0.2,
    0.7142857142857143
  ]
}