{
  "t_test": {
    "t_stat": 5.363452651619696,
    "p_value": 2.200156306801363e-06
  },
  "wilcoxon": {
    "w_stat": 87.0,
    "p_value": 1.9171642278052086e-06
  }
}