{
  "f1": 0.2,
  "roc_auc": 0.4838709677419355,
  "pr_auc": 0.17007899507899507
}