{
  "f1": 0.26666666666666666,
  "roc_auc": 0.4722222222222222,
  "pr_auc": 0.20886383731211317
}