{
  "f1": 0.0,
  "roc_auc": 0.4646464646464646,
  "pr_auc": 0.10067340067340068
}