{
  "f1": 0.0,
  "roc_auc": 0.4140625,
  "pr_auc": 0.11418067226890755
}