{
  "f1": 0.14285714285714285,
  "roc_auc": 0.5546875,
  "pr_auc": 0.1885397761645493
}