{
  "f1": 0.0,
  "roc_auc": 0.43434343434343436,
  "pr_auc": 0.10952380952380952
}