{
  "f1": 0.3333333333333333,
  "roc_auc": 0.6111111111111112,
  "pr_auc": 0.3357473544973545
}