{
  "f1": 0.46153846153846156,
  "roc_auc": 0.7222222222222222,
  "pr_auc": 0.5774712002972873
}