{
  "f1": 0.0,
  "roc_auc": 0.19999999999999996,
  "pr_auc": 0.034482758620689655
}