{
  "f1": 0.3333333333333333,
  "roc_auc": 0.7388888888888889,
  "pr_auc": 0.3564178876678876
}