{
  "f1": 0.26666666666666666,
  "roc_auc": 0.5333333333333333,
  "pr_auc": 0.2616091470258137
}