{
  "f1": 0.4,
  "roc_auc": 0.6741071428571428,
  "pr_auc": 0.5780680973615756
}