{
  "f1": 0.35294117647058826,
  "roc_auc": 0.6444444444444444,
  "pr_auc": 0.48220785440613023
}