{
  "f1": 0.375,
  "roc_auc": 0.7142857142857143,
  "pr_auc": 0.581768942831216
}