{
  "f1": 0.5,
  "roc_auc": 0.6967741935483871,
  "pr_auc": 0.6645833333333333
}