{
  "f1": 0.42105263157894735,
  "roc_auc": 0.6919642857142857,
  "pr_auc": 0.5428053830227744
}