{
  "f1": 0.4,
  "roc_auc": 0.7419354838709677,
  "pr_auc": 0.4495454545454546
}