{
  "f1": 0.6,
  "roc_auc": 0.8828125,
  "pr_auc": 0.5083333333333333
}