{
  "f1": 0.2222222222222222,
  "roc_auc": 0.6969696969696969,
  "pr_auc": 0.2676767676767677
}