{
  "f1": 0.16666666666666666,
  "roc_auc": 0.3660714285714286,
  "pr_auc": 0.22980302824942295
}