{
  "f1": 0.5333333333333333,
  "roc_auc": 0.7192118226600985,
  "pr_auc": 0.5367608581894296
}