{
  "f1": 0.3076923076923077,
  "roc_auc": 0.4778325123152709,
  "pr_auc": 0.3087314925970388
}