{
  "f1": 0.16666666666666666,
  "roc_auc": 0.595959595959596,
  "pr_auc": 0.24166666666666667
}