{
  "f1": 0.5555555555555556,
  "roc_auc": 0.8275862068965518,
  "pr_auc": 0.642032967032967
}