{
  "f1": 0.18181818181818182,
  "roc_auc": 0.45454545454545453,
  "pr_auc": 0.1691358024691358
}