{
  "f1": 0.16666666666666666,
  "roc_auc": 0.5234375,
  "pr_auc": 0.3482142857142857
}