{
  "f1": 0.5333333333333333,
  "roc_auc": 0.6798029556650247,
  "pr_auc": 0.5028811524609844
}