{
  "f1": 0.36363636363636365,
  "roc_auc": 0.671875,
  "pr_auc": 0.36685463659147866
}