{
  "f1": 0.16666666666666666,
  "roc_auc": 0.458128078817734,
  "pr_auc": 0.24202741702741704
}