{
  "f1": 0.375,
  "roc_auc": 0.7055555555555556,
  "pr_auc": 0.34485294117647053
}