{
  "f1": 0.2857142857142857,
  "roc_auc": 0.6403940886699507,
  "pr_auc": 0.4301175015460729
}