{
  "f1": 0.3333333333333333,
  "roc_auc": 0.6774193548387097,
  "pr_auc": 0.35309523809523813
}