{
  "f1": 0.4888888888888889,
  "roc_auc": 0.7751756440281031,
  "pr_auc": 0.4042901765302086
}