{
  "f1": 0.5263157894736842,
  "roc_auc": 0.7868852459016393,
  "pr_auc": 0.5606135752570387
}