{
  "f1": 0.41025641025641024,
  "roc_auc": 0.8,
  "pr_auc": 0.5312445384773294
}