{
  "f1": 0.5531914893617021,
  "roc_auc": 0.7936507936507937,
  "pr_auc": 0.6207399741848292
}