{
  "f1": 0.5217391304347826,
  "roc_auc": 0.7931034482758621,
  "pr_auc": 0.6334783631464336
}