{
  "mean": 0.48511243611179306,
  "std": 0.10466009702919539,
  "dist": [
    0.4782608695652174,
    0.5882352941176471,
    0.4761904761904761,
    0.3243243243243243,
    0.5625,
    0.4545454545454545,
    0.4186046511627907,
    0.3428571428571428,
    0.6,
    0.6086956521739131,
    0.2564102564102564,
    0.5106382978723404,
    0.5714285714285714,
    0.5142857142857142,
    0.5769230769230769,
    0.4666666666666667,
    0.4210526315789473,
    0.5714285714285714,
    0.4347826086956521,
    0.5333333333333333,
    0.375,
    0.5833333333333334,
    0.4864864864864865,
    0.5333333333333333,
    0.4347826086956521,
    0.4680851063829787,
    0.4864864864864865,
    0.5405405405405406,
    0.5777777777777777,
    0.3809523809523809,
    0.5925925925925926,
    0.4761904761904761,
    0.3720930232558139,
    0.375,
    0.5945945945945946,
    0.3255813953488372,
    0.45,
    0.5555555555555556,
    0.76,
    0.3076923076923077,
    0.3243243243243243,
    0.5116279069767442,
    0.3555555555555555,
    0.6666666666666666,
    0.5853658536585366,
    0.5581395348837209,
    0.5,
    0.3333333333333333,
    0.5116279069767442,
    0.5217391304347826
  ]
}