{
  "t_test": {
    "t_stat": 10.279069733671154,
    "p_value": 8.009151479682864e-14
  },
  "wilcoxon": {
    "w_stat": 14.0,
    "p_value": 2.6253872967106627e-09
  }
}