{
  "mean": 0.4235751104944318,
  "std": 0.10156940487083246,
  "dist": [
    0.4210526315789473,
    0.5306122448979592,
    0.4090909090909091,
    0.2564102564102564,
    0.5161290322580645,
    0.3783783783783784,
    0.3636363636363636,
    0.2777777777777778,
    0.4736842105263157,
    0.6086956521739131,
    0.2222222222222222,
    0.4285714285714285,
    0.45,
    0.4,
    0.5833333333333334,
    0.303030303030303,
    0.3333333333333333,
    0.5365853658536586,
    0.4090909090909091,
    0.5365853658536586,
    0.2941176470588235,
    0.4489795918367347,
    0.5142857142857142,
    0.4736842105263157,
    0.4,
    0.4545454545454545,
    0.4102564102564102,
    0.4117647058823529,
    0.5,
    0.35,
    0.5490196078431373,
    0.3636363636363636,
    0.3333333333333333,
    0.3333333333333333,
    0.5,
    0.3333333333333333,
    0.3783783783783784,
    0.4324324324324324,
    0.6956521739130435,
    0.2564102564102564,
    0.2790697674418604,
    0.4615384615384615,
    0.3333333333333333,
    0.5238095238095238,
    0.5714285714285714,
    0.4615384615384615,
    0.4615384615384615,
    0.3,
    0.45,
    0.4651162790697674
  ]
}