{
  "f1": 0.125,
  "roc_auc": 0.7231638418079096,
  "pr_auc": 0.13618538324420676
}