{
  "f1": 0.16666666666666666,
  "roc_auc": 0.8448275862068966,
  "pr_auc": 0.3980861244019139
}