{
  "f1": 0.11764705882352941,
  "roc_auc": 0.6724137931034483,
  "pr_auc": 0.1100293173251431
}