{
  "f1": 0.4444444444444444,
  "roc_auc": 0.7386831275720165,
  "pr_auc": 0.3525747942414609
}