{
  "f1": 0.4,
  "roc_auc": 0.7589285714285715,
  "pr_auc": 0.5529040404040404
}