{
  "f1": 0.0,
  "roc_auc": 0.5862068965517242,
  "pr_auc": 0.12614401727304952
}