{
  "f1": 0.3076923076923077,
  "roc_auc": 0.7575757575757576,
  "pr_auc": 0.4288888888888889
}