{
  "f1": 0.16666666666666666,
  "roc_auc": 0.7265625,
  "pr_auc": 0.2792780748663102
}