{
  "f1": 0.0,
  "roc_auc": 0.6470588235294118,
  "pr_auc": 0.10882352941176471
}