{
  "f1": 0.46153846153846156,
  "roc_auc": 0.8046875,
  "pr_auc": 0.42261904761904756
}