{
  "f1": 0.16666666666666666,
  "roc_auc": 0.7941176470588236,
  "pr_auc": 0.20192307692307693
}