{
  "f1": 0.5714285714285714,
  "roc_auc": 0.9047619047619049,
  "pr_auc": 0.45
}