{
  "f1": 0.4444444444444444,
  "roc_auc": 0.855263157894737,
  "pr_auc": 0.4861111111111111
}