{
  "f1": 0.25,
  "roc_auc": 0.5740740740740741,
  "pr_auc": 0.5087301587301587
}