{
  "mean": 0.49295526695526687,
  "std": 0.179712332008708,
  "dist": [
    0.3636363636363636,
    0.8,
    0.4,
    0.6666666666666666,
    0.4444444444444444,
    0.8,
    0.6666666666666666,
    0.2222222222222222,
    0.4444444444444444,
    0.2857142857142857,
    0.5714285714285714,
    0.2222222222222222,
    0.6666666666666666,
    0.2857142857142857,
    0.8,
    0.8,
    0.5,
    0.6,
    0.3636363636363636,
    0.0,
    0.5454545454545454,
    0.5,
    0.5,
    0.5714285714285714,
    0.3333333333333333,
    0.5714285714285714,
    0.6666666666666666,
    0.4,
    0.4285714285714285,
    0.5,
    0.2857142857142857,
    0.6,
    0.6666666666666666,
    0.2857142857142857,
    0.5454545454545454,
    0.5714285714285714,
    0.5,
    0.6666666666666666,
    0.2222222222222222,
    0.5454545454545454,
    0.2857142857142857,
    0.5333333333333333,
    0.5,
    0.5,
    0.6666666666666666,
    0.6666666666666666,
    0.2857142857142857,
    0.4,
    0.7142857142857143,
    0.2857142857142857
  ]
}