{
  "t_test": {
    "t_stat": 2.160099177945186,
    "p_value": 0.035684185893734836
  },
  "wilcoxon": {
    "w_stat": 270.5,
    "p_value": 0.060726089778699976
  }
}