{
  "f1": 0.4864864864864865,
  "roc_auc": 0.6716269841269842,
  "pr_auc": 0.49602320776922326
}