{
  "f1": 0.37037037037037035,
  "roc_auc": 0.7230769230769231,
  "pr_auc": 0.4684087173767256
}