{
  "f1": 0.25806451612903225,
  "roc_auc": 0.5170454545454546,
  "pr_auc": 0.19762138269819282
}