{
  "f1": 0.4117647058823529,
  "roc_auc": 0.7676767676767677,
  "pr_auc": 0.4733121654174286
}