{
  "f1": 0.5909090909090909,
  "roc_auc": 0.7992202729044834,
  "pr_auc": 0.7149991956418027
}