{
  "f1": 0.48484848484848486,
  "roc_auc": 0.7679900744416874,
  "pr_auc": 0.5699236731558806
}