{
  "f1": 0.5777777777777777,
  "roc_auc": 0.754066985645933,
  "pr_auc": 0.6267450819552074
}