{
  "f1": 0.3684210526315789,
  "roc_auc": 0.7213114754098361,
  "pr_auc": 0.527667837042837
}