{
  "f1": 0.25806451612903225,
  "roc_auc": 0.675,
  "pr_auc": 0.2298069547200785
}