{
  "f1": 0.43902439024390244,
  "roc_auc": 0.6699999999999999,
  "pr_auc": 0.41165914535765435
}