{
  "f1": 0.48,
  "roc_auc": 0.6990740740740741,
  "pr_auc": 0.6050412890705984
}