{
  "f1": 0.5263157894736842,
  "roc_auc": 0.7755359394703657,
  "pr_auc": 0.5314468592962575
}