{
  "f1": 0.45,
  "roc_auc": 0.6676413255360624,
  "pr_auc": 0.5268339269055039
}