{
  "f1": 0.5581395348837209,
  "roc_auc": 0.8015873015873016,
  "pr_auc": 0.6332863233892982
}