{
  "f1": 0.5,
  "roc_auc": 0.6734279918864097,
  "pr_auc": 0.5137881704137467
}