{
  "f1": 0.6666666666666666,
  "roc_auc": 0.8677248677248677,
  "pr_auc": 0.7779885656494552
}