{
  "f1": 0.3333333333333333,
  "roc_auc": 0.607909604519774,
  "pr_auc": 0.3774927646983677
}