{
  "f1": 0.4186046511627907,
  "roc_auc": 0.7081339712918661,
  "pr_auc": 0.6064614028097053
}