{
  "f1": 0.5416666666666666,
  "roc_auc": 0.7521531100478469,
  "pr_auc": 0.5666414854409307
}