{
  "f1": 0.49056603773584906,
  "roc_auc": 0.7292768959435626,
  "pr_auc": 0.5710223745156549
}