{
  "f1": 0.5116279069767442,
  "roc_auc": 0.7870762711864406,
  "pr_auc": 0.6441986288756576
}