{
  "f1": 0.4444444444444444,
  "roc_auc": 0.7099621689785625,
  "pr_auc": 0.4197874764406205
}