{
  "f1": 0.5238095238095238,
  "roc_auc": 0.8722084367245658,
  "pr_auc": 0.7234794934716908
}