{
  "f1": 0.6046511627906976,
  "roc_auc": 0.8621468926553671,
  "pr_auc": 0.7114900680524376
}