{
  "f1": 0.34782608695652173,
  "roc_auc": 0.6761786600496278,
  "pr_auc": 0.3953909017356452
}