{
  "f1": 0.5531914893617021,
  "roc_auc": 0.8011695906432749,
  "pr_auc": 0.6198646829366663
}