{
  "f1": 0.6521739130434783,
  "roc_auc": 0.8409703504043127,
  "pr_auc": 0.7224287926693058
}