{
  "f1": 0.3783783783783784,
  "roc_auc": 0.6988888888888889,
  "pr_auc": 0.4677348620279852
}