{
  "f1": 0.631578947368421,
  "roc_auc": 0.9391100702576113,
  "pr_auc": 0.8050217620697424
}