{
  "f1": 0.4782608695652174,
  "roc_auc": 0.7786885245901639,
  "pr_auc": 0.41005666954230013
}