{
  "f1": 0.5416666666666666,
  "roc_auc": 0.8410732714138287,
  "pr_auc": 0.6793004196339101
}