{
  "f1": 0.35555555555555557,
  "roc_auc": 0.6451271186440678,
  "pr_auc": 0.41258576056760293
}