{
  "f1": 0.5142857142857142,
  "roc_auc": 0.8551136363636365,
  "pr_auc": 0.6394907242158828
}