{
  "f1": 0.5333333333333333,
  "roc_auc": 0.7915376676986584,
  "pr_auc": 0.6809523825549731
}