{
  "f1": 0.45454545454545453,
  "roc_auc": 0.6994047619047619,
  "pr_auc": 0.49407421808282276
}