{
  "f1": 0.4,
  "roc_auc": 0.7353629976580796,
  "pr_auc": 0.5672551874330259
}