{
  "f1": 0.46511627906976744,
  "roc_auc": 0.7900608519269778,
  "pr_auc": 0.6554870934122607
}