{
  "f1": 0.5238095238095238,
  "roc_auc": 0.7976694915254238,
  "pr_auc": 0.6669963800372636
}