{
  "f1": 0.5581395348837209,
  "roc_auc": 0.781947261663286,
  "pr_auc": 0.6759804764999893
}