{
  "f1": 0.4444444444444444,
  "roc_auc": 0.7233250620347395,
  "pr_auc": 0.4628702108420919
}