{
  "f1": 0.47619047619047616,
  "roc_auc": 0.7322033898305085,
  "pr_auc": 0.5014357682919541
}