{
  "f1": 0.4583333333333333,
  "roc_auc": 0.7811111111111111,
  "pr_auc": 0.6268309502674827
}