{
  "f1": 0.3076923076923077,
  "roc_auc": 0.5938461538461538,
  "pr_auc": 0.26888666701672087
}