{
  "f1": 0.46153846153846156,
  "roc_auc": 0.7270471464019851,
  "pr_auc": 0.44978650650968466
}