{
  "f1": 0.5925925925925926,
  "roc_auc": 0.7861635220125786,
  "pr_auc": 0.6325147868380951
}