{
  "f1": 0.6530612244897959,
  "roc_auc": 0.826278659611993,
  "pr_auc": 0.7912695946670512
}