{
  "f1": 0.5365853658536586,
  "roc_auc": 0.7966666666666666,
  "pr_auc": 0.6053007056529628
}