{
  "f1": 0.6363636363636364,
  "roc_auc": 0.8373015873015873,
  "pr_auc": 0.7513024277959807
}