{
  "f1": 0.35294117647058826,
  "roc_auc": 0.7138461538461538,
  "pr_auc": 0.39167936380646884
}