{
  "f1": 0.4,
  "roc_auc": 0.7034739454094292,
  "pr_auc": 0.38684075025917253
}