{
  "f1": 0.4090909090909091,
  "roc_auc": 0.7182203389830508,
  "pr_auc": 0.40634871680738616
}