{
  "f1": 0.4,
  "roc_auc": 0.6970899470899471,
  "pr_auc": 0.31727365996233925
}