{
  "f1": 0.32432432432432434,
  "roc_auc": 0.7921875,
  "pr_auc": 0.5242888806889544
}