{
  "f1": 0.45,
  "roc_auc": 0.7011904761904761,
  "pr_auc": 0.48085581567309776
}