{
  "f1": 0.5909090909090909,
  "roc_auc": 0.7971781305114638,
  "pr_auc": 0.5752884057822065
}