{
  "f1": 0.5641025641025641,
  "roc_auc": 0.8033333333333333,
  "pr_auc": 0.548927167367065
}