{
  "f1": 0.45714285714285713,
  "roc_auc": 0.7226190476190477,
  "pr_auc": 0.45067861481760907
}