{
  "f1": 0.5714285714285714,
  "roc_auc": 0.8388888888888889,
  "pr_auc": 0.7328571428571428
}