{
  "f1": 0.25,
  "roc_auc": 0.8484848484848485,
  "pr_auc": 0.34090909090909094
}