{
  "f1": 0.3076923076923077,
  "roc_auc": 0.7277777777777777,
  "pr_auc": 0.351797385620915
}