{
  "f1": 0.0,
  "roc_auc": 0.6571428571428571,
  "pr_auc": 0.07692307692307693
}