{
  "f1": 0.5333333333333333,
  "roc_auc": 0.8177339901477833,
  "pr_auc": 0.6877435064935065
}