{
  "f1": 0.8,
  "roc_auc": 0.9419642857142858,
  "pr_auc": 0.7217261904761906
}