{
  "f1": 0.47058823529411764,
  "roc_auc": 0.8903225806451613,
  "pr_auc": 0.6666666666666667
}