{
  "f1": 0.6666666666666666,
  "roc_auc": 0.7361111111111112,
  "pr_auc": 0.6224846504258269
}