{
  "f1": 0.6,
  "roc_auc": 0.6903225806451614,
  "pr_auc": 0.5486772486772487
}