{
  "f1": 0.6666666666666666,
  "roc_auc": 0.8111111111111111,
  "pr_auc": 0.6164021164021164
}