{
  "f1": 0.4,
  "roc_auc": 0.7373737373737373,
  "pr_auc": 0.18097643097643099
}