{
  "f1": 0.7692307692307693,
  "roc_auc": 0.9019607843137255,
  "pr_auc": 0.8571428571428571
}