{
  "f1": 0.4444444444444444,
  "roc_auc": 0.7236842105263158,
  "pr_auc": 0.4255952380952381
}