{
  "f1": 0.5714285714285714,
  "roc_auc": 0.7962962962962963,
  "pr_auc": 0.7837301587301587
}