{
  "f1": 0.4,
  "roc_auc": 0.5666666666666667,
  "pr_auc": 0.5401143790849674
}