{
  "f1": 0.5333333333333333,
  "roc_auc": 0.6640625,
  "pr_auc": 0.46738816738816735
}