{
  "f1": 0.6666666666666666,
  "roc_auc": 0.881578947368421,
  "pr_auc": 0.5791666666666666
}