{
  "f1": 0.6666666666666666,
  "roc_auc": 0.7058823529411764,
  "pr_auc": 0.704970760233918
}