{
  "f1": 0.7692307692307693,
  "roc_auc": 0.9,
  "pr_auc": 0.6783333333333332
}