{
  "f1": 0.6666666666666666,
  "roc_auc": 0.7105263157894737,
  "pr_auc": 0.48712121212121207
}