{
  "f1": 0.2857142857142857,
  "roc_auc": 0.6166666666666667,
  "pr_auc": 0.45555555555555555
}