{
  "f1": 0.2857142857142857,
  "roc_auc": 0.65,
  "pr_auc": 0.2991452991452992
}