{
  "f1": 0.5714285714285714,
  "roc_auc": 0.7450980392156863,
  "pr_auc": 0.6789682539682539
}