{
  "f1": 0.6666666666666666,
  "roc_auc": 0.8026315789473685,
  "pr_auc": 0.5416666666666666
}