{
  "f1": 0.25,
  "roc_auc": 0.746031746031746,
  "pr_auc": 0.28535353535353536
}