{
  "f1": 0.2222222222222222,
  "roc_auc": 0.44736842105263164,
  "pr_auc": 0.2656746031746032
}