{
  "f1": 0.5333333333333333,
  "roc_auc": 0.625,
  "pr_auc": 0.5200680272108844
}