{
  "f1": 0.5714285714285714,
  "roc_auc": 0.8571428571428572,
  "pr_auc": 0.6464646464646464
}