{
  "f1": 0.36363636363636365,
  "roc_auc": 0.6111111111111112,
  "pr_auc": 0.4803675856307435
}