{
  "f1": 0.2222222222222222,
  "roc_auc": 0.35526315789473684,
  "pr_auc": 0.17358058608058607
}