{
  "f1": 0.5,
  "roc_auc": 0.6176470588235294,
  "pr_auc": 0.3985145573380867
}