{
  "f1": 0.2857142857142857,
  "roc_auc": 0.8333333333333333,
  "pr_auc": 0.30952380952380953
}