{
  "mean": 0.31224858474858475,
  "std": 0.20359106586594936,
  "dist": [
    0.375,
    0.25,
    0.3333333333333333,
    0.4,
    0.25,
    0.2857142857142857,
    0.4,
    0.2222222222222222,
    0.5,
    0.2857142857142857,
    0.0,
    0.1818181818181818,
    0.5714285714285714,
    0.4615384615384615,
    0.3636363636363636,
    0.4,
    0.6666666666666666,
    0.25,
    0.1818181818181818,
    0.1666666666666666,
    0.6666666666666666,
    0.2222222222222222,
    0.3333333333333333,
    0.2222222222222222,
    0.0,
    0.5454545454545454,
    0.0,
    0.2857142857142857,
    0.3636363636363636,
    0.2222222222222222,
    0.4615384615384615,
    0.8888888888888888,
    0.2,
    0.0,
    0.0,
    0.0,
    0.1818181818181818,
    0.6666666666666666,
    0.2222222222222222,
    0.5454545454545454,
    0.0,
    0.3636363636363636,
    0.4615384615384615,
    0.4444444444444444,
    0.25,
    0.5333333333333333,
    0.4,
    0.3636363636363636,
    0.2222222222222222,
    0.0
  ]
}