{
  "t_test": {
    "t_stat": 2.5728232259366495,
    "p_value": 0.013167000777858876
  },
  "wilcoxon": {
    "w_stat": 316.5,
    "p_value": 0.01438864466673486
  }
}