{
  "f1": 0.2,
  "roc_auc": 0.823529411764706,
  "pr_auc": 0.2159090909090909
}