{
  "f1": 0.16666666666666666,
  "roc_auc": 0.8088235294117647,
  "pr_auc": 0.19090909090909092
}