{
  "f1": 0.4,
  "roc_auc": 0.890625,
  "pr_auc": 0.44166666666666665
}