{
  "f1": 0.0,
  "roc_auc": 0.7352941176470588,
  "pr_auc": 0.1388888888888889
}