{
  "f1": 0.0,
  "roc_auc": 0.6617647058823529,
  "pr_auc": 0.11212121212121212
}