{
  "f1": 0.18181818181818182,
  "roc_auc": 0.618421052631579,
  "pr_auc": 0.3112373737373737
}