{
  "f1": 0.2222222222222222,
  "roc_auc": 0.5873015873015872,
  "pr_auc": 0.27677224736048267
}