{
  "f1": 0.2857142857142857,
  "roc_auc": 0.8636363636363636,
  "pr_auc": 0.25
}