{
  "f1": 0.4,
  "roc_auc": 0.8333333333333333,
  "pr_auc": 0.3694444444444444
}