{
  "f1": 0.5555555555555556,
  "roc_auc": 0.8823529411764706,
  "pr_auc": 0.7464285714285713
}