{
  "f1": 0.7272727272727273,
  "roc_auc": 0.9789473684210527,
  "pr_auc": 0.9428571428571428
}