{
  "f1": 0.5,
  "roc_auc": 0.9206349206349207,
  "pr_auc": 0.6666666666666667
}