{
  "f1": 0.6666666666666666,
  "roc_auc": 0.8431372549019608,
  "pr_auc": 0.7152777777777777
}