{
  "f1": 0.36363636363636365,
  "roc_auc": 0.5740740740740741,
  "pr_auc": 0.4020138358373653
}