{
  "f1": 0.6153846153846154,
  "roc_auc": 0.7058823529411764,
  "pr_auc": 0.4371184371184371
}