{
  "f1": 0.42857142857142855,
  "roc_auc": 0.6973684210526316,
  "pr_auc": 0.3576388888888889
}