{
  "f1": 0.2222222222222222,
  "roc_auc": 0.5333333333333333,
  "pr_auc": 0.43358395989974935
}