{
  "f1": 0.5,
  "roc_auc": 0.7619047619047619,
  "pr_auc": 0.34090909090909094
}