{
  "f1": 0.26666666666666666,
  "roc_auc": 0.4074074074074074,
  "pr_auc": 0.42363431053025885
}