{
  "f1": 0.2222222222222222,
  "roc_auc": 0.6,
  "pr_auc": 0.2847222222222222
}