{
  "f1": 0.2222222222222222,
  "roc_auc": 0.6052631578947368,
  "pr_auc": 0.2790616246498599
}