{
  "f1": 0.42857142857142855,
  "roc_auc": 0.7685185185185186,
  "pr_auc": 0.4816137566137566
}