{
  "f1": 0.46153846153846156,
  "roc_auc": 0.7894736842105263,
  "pr_auc": 0.4666666666666667
}