{
  "f1": 0.36363636363636365,
  "roc_auc": 0.7763157894736843,
  "pr_auc": 0.4568452380952381
}