{
  "mean": 0.39969545177904314,
  "std": 0.15979973805935394,
  "dist": [
    0.5333333333333333,
    0.4705882352941176,
    0.3636363636363636,
    0.3333333333333333,
    0.3333333333333333,
    0.4,
    0.5,
    0.5714285714285714,
    0.2857142857142857,
    0.2222222222222222,
    0.2222222222222222,
    0.5555555555555556,
    0.3636363636363636,
    0.3333333333333333,
    0.5454545454545454,
    0.4210526315789473,
    0.4444444444444444,
    0.5,
    0.5,
    0.2222222222222222,
    0.4615384615384615,
    0.0,
    0.4,
    0.5333333333333333,
    0.5333333333333333,
    0.5,
    0.375,
    0.2222222222222222,
    0.6153846153846154,
    0.3636363636363636,
    0.5,
    0.375,
    0.5714285714285714,
    0.5,
    0.0,
    0.5,
    0.5333333333333333,
    0.4444444444444444,
    0.2857142857142857,
    0.2,
    0.2857142857142857,
    0.6153846153846154,
    0.4210526315789473,
    0.4,
    0.3333333333333333,
    0.5454545454545454,
    0.7368421052631579,
    0.0,
    0.4444444444444444,
    0.1666666666666666
  ]
}