{
  "t_test": {
    "t_stat": -0.6936355814138911,
    "p_value": 0.49118601241057447
  },
  "wilcoxon": {
    "w_stat": 515.0,
    "p_value": 0.4540064489900403
  }
}