rep,fold,f1,roc_auc,pr_auc
1,1,0.5882352941176471,0.8620689655172413,0.7231292517006802
1,2,0.3076923076923077,0.7611111111111111,0.4080615942028985
1,3,0.5,0.9055555555555557,0.5813492063492063
1,4,0.15384615384615385,0.7676767676767677,0.20419580419580421
