{
  "f1": 0.2,
  "roc_auc": 0.5833333333333334,
  "pr_auc": 0.28104575163398693
}