{
  "f1": 0.4,
  "roc_auc": 0.6842105263157895,
  "pr_auc": 0.5327380952380952
}