{
  "f1": 0.2,
  "roc_auc": 0.5657894736842106,
  "pr_auc": 0.42045454545454547
}