{
  "f1": 0.5,
  "roc_auc": 0.768472906403941,
  "pr_auc": 0.5560944802324113
}