{
  "f1": 0.16666666666666666,
  "roc_auc": 0.6009852216748769,
  "pr_auc": 0.3759288330716902
}