{
  "f1": 0.36363636363636365,
  "roc_auc": 0.788888888888889,
  "pr_auc": 0.4222222222222222
}