{
  "f1": 0.5,
  "roc_auc": 0.8392857142857144,
  "pr_auc": 0.7097569290874245
}