{
  "f1": 0.2,
  "roc_auc": 0.7373737373737373,
  "pr_auc": 0.2253968253968254
}