{
  "f1": 0.42105263157894735,
  "roc_auc": 0.7277777777777779,
  "pr_auc": 0.4820611061990372
}