{
  "f1": 0.26666666666666666,
  "roc_auc": 0.5862068965517241,
  "pr_auc": 0.3663097136781347
}