{
  "f1": 0.14285714285714285,
  "roc_auc": 0.6767676767676767,
  "pr_auc": 0.26142697881828314
}