{
  "f1": 0.14285714285714285,
  "roc_auc": 0.5548387096774194,
  "pr_auc": 0.17616827616827618
}