{
  "f1": 0.5116279069767442,
  "roc_auc": 0.7588516746411483,
  "pr_auc": 0.6186077753616614
}