{
  "f1": 0.43243243243243246,
  "roc_auc": 0.7481389578163772,
  "pr_auc": 0.4191347840518841
}