{
  "f1": 0.5652173913043478,
  "roc_auc": 0.8204334365325077,
  "pr_auc": 0.6331984964180533
}