{
  "f1": 0.5652173913043478,
  "roc_auc": 0.8621468926553673,
  "pr_auc": 0.745904920796095
}