{
  "f1": 0.5,
  "roc_auc": 0.788135593220339,
  "pr_auc": 0.49876558102063545
}