{
  "f1": 0.42857142857142855,
  "roc_auc": 0.7468926553672316,
  "pr_auc": 0.4682486623029358
}