{
  "f1": 0.38095238095238093,
  "roc_auc": 0.7369727047146403,
  "pr_auc": 0.46590080242577814
}