{
  "f1": 0.4864864864864865,
  "roc_auc": 0.7332506203473946,
  "pr_auc": 0.45055653063527606
}