{
  "f1": 0.5714285714285714,
  "roc_auc": 0.8477777777777777,
  "pr_auc": 0.5436433801345445
}