{
  "f1": 0.47368421052631576,
  "roc_auc": 0.8267045454545455,
  "pr_auc": 0.5645087082570088
}