{
  "f1": 0.15384615384615385,
  "roc_auc": 0.5254237288135593,
  "pr_auc": 0.08311965811965813
}