{
  "f1": 0.4,
  "roc_auc": 0.8103896103896103,
  "pr_auc": 0.3609203296703296
}