{
  "f1": 0.21052631578947367,
  "roc_auc": 0.6337662337662338,
  "pr_auc": 0.32331670104518373
}