{
  "f1": 0.15384615384615385,
  "roc_auc": 0.5595238095238095,
  "pr_auc": 0.1531024531024531
}