{
  "f1": 0.2727272727272727,
  "roc_auc": 0.6887755102040816,
  "pr_auc": 0.34335366253524824
}