{
  "f1": 0.23529411764705882,
  "roc_auc": 0.6759259259259258,
  "pr_auc": 0.3208930059784818
}