{
  "f1": 0.2857142857142857,
  "roc_auc": 0.6421052631578947,
  "pr_auc": 0.2248791609667123
}