{
  "f1": 0.2857142857142857,
  "roc_auc": 0.7974137931034483,
  "pr_auc": 0.37575757575757573
}