{
  "f1": 0.0,
  "roc_auc": 0.4632768361581921,
  "pr_auc": 0.05856888209829386
}