{
  "f1": 0.26666666666666666,
  "roc_auc": 0.7241379310344828,
  "pr_auc": 0.24444444444444444
}