{
  "f1": 0.38095238095238093,
  "roc_auc": 0.5844155844155844,
  "pr_auc": 0.44755318086487567
}