{
  "f1": 0.23529411764705882,
  "roc_auc": 0.7324675324675324,
  "pr_auc": 0.3274997688744319
}