{
  "f1": 0.125,
  "roc_auc": 0.6517857142857143,
  "pr_auc": 0.14767316017316018
}