{
  "f1": 0.11764705882352941,
  "roc_auc": 0.2768361581920904,
  "pr_auc": 0.05306949292733875
}