{
  "f1": 0.5454545454545454,
  "roc_auc": 0.7586206896551724,
  "pr_auc": 0.3935185185185185
}