{
  "f1": 0.0,
  "roc_auc": 0.31666666666666665,
  "pr_auc": 0.044944473515902084
}