{
  "f1": 0.14285714285714285,
  "roc_auc": 0.597457627118644,
  "pr_auc": 0.19492094861660078
}