{
  "f1": 0.16666666666666666,
  "roc_auc": 0.6045197740112994,
  "pr_auc": 0.38
}