{
  "f1": 0.25,
  "roc_auc": 0.8779761904761906,
  "pr_auc": 0.4071761571761571
}