{
  "f1": 0.4444444444444444,
  "roc_auc": 0.8389610389610389,
  "pr_auc": 0.4559441212382389
}