{
  "f1": 0.375,
  "roc_auc": 0.8511904761904762,
  "pr_auc": 0.5265462506841817
}