{
  "f1": 0.42857142857142855,
  "roc_auc": 0.7636363636363637,
  "pr_auc": 0.43442916133627085
}