{
  "f1": 0.5333333333333333,
  "roc_auc": 0.8244047619047619,
  "pr_auc": 0.6439270152505446
}