{
  "f1": 0.15384615384615385,
  "roc_auc": 0.6101694915254237,
  "pr_auc": 0.14849624060150374
}