{
  "f1": 0.15384615384615385,
  "roc_auc": 0.7559523809523809,
  "pr_auc": 0.2261016761016761
}