{
  "f1": 0.4,
  "roc_auc": 0.8211538461538461,
  "pr_auc": 0.5955200501253133
}