{
  "f1": 0.0,
  "roc_auc": 0.44396551724137934,
  "pr_auc": 0.0819991302972802
}