{
  "f1": 0.25,
  "roc_auc": 0.5382653061224489,
  "pr_auc": 0.1512087434554535
}