{
  "f1": 0.16666666666666666,
  "roc_auc": 0.8666666666666666,
  "pr_auc": 0.286096256684492
}