{
  "f1": 0.2608695652173913,
  "roc_auc": 0.681122448979592,
  "pr_auc": 0.2990000785002996
}