{
  "f1": 0.16666666666666666,
  "roc_auc": 0.41052631578947374,
  "pr_auc": 0.2656626664725498
}