{
  "f1": 0.2222222222222222,
  "roc_auc": 0.4362244897959183,
  "pr_auc": 0.2738705738705739
}