{
  "f1": 0.3333333333333333,
  "roc_auc": 0.6339285714285714,
  "pr_auc": 0.21520310633213857
}