{
  "f1": 0.16666666666666666,
  "roc_auc": 0.631578947368421,
  "pr_auc": 0.2130106100795756
}