{
  "f1": 0.2857142857142857,
  "roc_auc": 0.6275862068965516,
  "pr_auc": 0.27305729984301413
}