{
  "f1": 0.2727272727272727,
  "roc_auc": 0.6673076923076923,
  "pr_auc": 0.38702397381239884
}