{
  "f1": 0.25,
  "roc_auc": 0.6896551724137931,
  "pr_auc": 0.1683300395256917
}