{
  "f1": 0.375,
  "roc_auc": 0.6458333333333334,
  "pr_auc": 0.392539422112843
}