{
  "f1": 0.36363636363636365,
  "roc_auc": 0.8813559322033898,
  "pr_auc": 0.3277777777777778
}