{
  "f1": 0.25,
  "roc_auc": 0.5864527629233511,
  "pr_auc": 0.35751666721374653
}