{
  "f1": 0.46153846153846156,
  "roc_auc": 0.7974137931034483,
  "pr_auc": 0.7696078431372548
}