{
  "f1": 0.42105263157894735,
  "roc_auc": 0.6981132075471699,
  "pr_auc": 0.3692186771896917
}