{
  "f1": 0.3076923076923077,
  "roc_auc": 0.6350877192982456,
  "pr_auc": 0.4146816346277263
}