{
  "f1": 0.38095238095238093,
  "roc_auc": 0.7230769230769231,
  "pr_auc": 0.45119625744625746
}