{
  "f1": 0.3,
  "roc_auc": 0.7230769230769232,
  "pr_auc": 0.4101379404908817
}