{
  "f1": 0.23529411764705882,
  "roc_auc": 0.6482758620689656,
  "pr_auc": 0.17050264550264552
}