{
  "f1": 0.23529411764705882,
  "roc_auc": 0.6696428571428572,
  "pr_auc": 0.2283189033189033
}