{
  "f1": 0.3076923076923077,
  "roc_auc": 0.6594827586206896,
  "pr_auc": 0.23381370091896408
}