{
  "mean": 0.28049353143147404,
  "std": 0.11483104551967432,
  "dist": [
    0.3333333333333333,
    0.3478260869565217,
    0.3333333333333333,
    0.1333333333333333,
    0.2352941176470588,
    0.3,
    0.1111111111111111,
    0.3157894736842105,
    0.4285714285714285,
    0.3076923076923077,
    0.2222222222222222,
    0.0,
    0.375,
    0.375,
    0.4137931034482758,
    0.2352941176470588,
    0.2222222222222222,
    0.2,
    0.3478260869565217,
    0.4210526315789473,
    0.2608695652173913,
    0.56,
    0.125,
    0.125,
    0.2352941176470588,
    0.25,
    0.2105263157894736,
    0.3157894736842105,
    0.3,
    0.3478260869565217,
    0.4,
    0.25,
    0.3333333333333333,
    0.0952380952380952,
    0.375,
    0.0,
    0.3157894736842105,
    0.2758620689655172,
    0.4705882352941176,
    0.2857142857142857,
    0.3809523809523809,
    0.3333333333333333,
    0.3333333333333333,
    0.2666666666666666,
    0.1052631578947368,
    0.3076923076923077,
    0.2857142857142857,
    0.1111111111111111,
    0.3529411764705882,
    0.3571428571428571
  ]
}