{
  "t_test": {
    "t_stat": 2.103239388622673,
    "p_value": 0.0406028250069557
  },
  "wilcoxon": {
    "w_stat": 416.0,
    "p_value": 0.07770299873257962
  }
}