{
  "mean": 0.3457862137862138,
  "std": 0.20201883115098643,
  "dist": [
    0.0,
    0.4,
    0.5454545454545454,
    0.6666666666666666,
    0.3636363636363636,
    0.3636363636363636,
    0.4444444444444444,
    0.2222222222222222,
    0.4615384615384615,
    0.2857142857142857,
    0.3333333333333333,
    0.3333333333333333,
    0.5333333333333333,
    0.4,
    0.1666666666666666,
    0.2222222222222222,
    0.5333333333333333,
    0.0,
    0.2,
    0.5454545454545454,
    0.4,
    0.5,
    0.2666666666666666,
    0.0,
    0.6666666666666666,
    0.2222222222222222,
    0.3636363636363636,
    0.7142857142857143,
    0.1818181818181818,
    0.0,
    0.1666666666666666,
    0.5333333333333333,
    0.5,
    0.4444444444444444,
    0.0,
    0.5,
    0.4615384615384615,
    0.1666666666666666,
    0.0,
    0.6666666666666666,
    0.1666666666666666,
    0.5714285714285714,
    0.4444444444444444,
    0.2857142857142857,
    0.4285714285714285,
    0.0,
    0.3636363636363636,
    0.5,
    0.1818181818181818,
    0.5714285714285714
  ]
}