{
  "t_test": {
    "t_stat": -2.6538069059379663,
    "p_value": 0.010700868460925436
  },
  "wilcoxon": {
    "w_stat": 180.5,
    "p_value": 0.027579500439828496
  }
}