{
  "f1": 0.75,
  "roc_auc": 0.7105263157894737,
  "pr_auc": 0.5226449275362319
}