{
  "f1": 0.5714285714285714,
  "roc_auc": 0.9888888888888888,
  "pr_auc": 0.9666666666666666
}