{
  "f1": 0.75,
  "roc_auc": 0.9750000000000001,
  "pr_auc": 0.9166666666666666
}