{
  "f1": 0.25,
  "roc_auc": 0.7032258064516129,
  "pr_auc": 0.317948717948718
}