{
  "f1": 0.4,
  "roc_auc": 0.6111111111111112,
  "pr_auc": 0.40733808674985145
}