{
  "f1": 0.15384615384615385,
  "roc_auc": 0.6171875,
  "pr_auc": 0.3698192970822281
}