{
  "f1": 0.47058823529411764,
  "roc_auc": 0.7733990147783252,
  "pr_auc": 0.5792517006802721
}