{
  "f1": 0.5,
  "roc_auc": 0.8888888888888888,
  "pr_auc": 0.7002136752136752
}