{
  "f1": 0.2857142857142857,
  "roc_auc": 0.5625,
  "pr_auc": 0.4085714285714286
}