{
  "f1": 0.4,
  "roc_auc": 0.7741935483870968,
  "pr_auc": 0.3833333333333333
}