{
  "f1": 0.36363636363636365,
  "roc_auc": 0.6555555555555556,
  "pr_auc": 0.37990481740481735
}