{
  "f1": 0.0,
  "roc_auc": 0.34375,
  "pr_auc": 0.10602869352869353
}