{
  "f1": 0.26666666666666666,
  "roc_auc": 0.538888888888889,
  "pr_auc": 0.4007814407814408
}