{
  "f1": 0.2857142857142857,
  "roc_auc": 0.5467980295566502,
  "pr_auc": 0.3848883555780107
}