{
  "f1": 0.0,
  "roc_auc": 0.6617647058823528,
  "pr_auc": 0.11309523809523808
}