{
  "f1": 0.3333333333333333,
  "roc_auc": 0.5357142857142858,
  "pr_auc": 0.4505411255411255
}