{
  "f1": 0.47619047619047616,
  "roc_auc": 0.8275862068965516,
  "pr_auc": 0.6324603174603174
}