{
  "f1": 0.4,
  "roc_auc": 0.8787878787878788,
  "pr_auc": 0.7333333333333334
}