{
  "f1": 0.45454545454545453,
  "roc_auc": 0.7544642857142857,
  "pr_auc": 0.6907327586206897
}