{
  "f1": 0.26666666666666666,
  "roc_auc": 0.5032258064516129,
  "pr_auc": 0.25210084033613445
}