{
  "f1": 0.26666666666666666,
  "roc_auc": 0.6206896551724138,
  "pr_auc": 0.39286932164170013
}