{
  "f1": 0.375,
  "roc_auc": 0.6473214285714286,
  "pr_auc": 0.5480867165242165
}