{
  "f1": 0.5454545454545454,
  "roc_auc": 0.8055555555555556,
  "pr_auc": 0.5158221408221408
}