{
  "f1": 0.42857142857142855,
  "roc_auc": 0.7722222222222223,
  "pr_auc": 0.5119169719169719
}