{
  "f1": 0.5263157894736842,
  "roc_auc": 0.8169642857142857,
  "pr_auc": 0.6350071225071225
}