{
  "f1": 0.42857142857142855,
  "roc_auc": 0.6580645161290323,
  "pr_auc": 0.5614117647058823
}