{
  "f1": 0.46153846153846156,
  "roc_auc": 0.7777777777777778,
  "pr_auc": 0.4798673548673549
}