{
  "f1": 0.0,
  "roc_auc": 0.4296875,
  "pr_auc": 0.11781609195402298
}