{
  "f1": 0.16666666666666666,
  "roc_auc": 0.5757575757575757,
  "pr_auc": 0.18888888888888888
}