{
  "f1": 0.625,
  "roc_auc": 0.8226600985221675,
  "pr_auc": 0.6666256157635468
}