{
  "f1": 0.375,
  "roc_auc": 0.6108374384236452,
  "pr_auc": 0.45727018079959253
}