{
  "f1": 0.18181818181818182,
  "roc_auc": 0.6767676767676768,
  "pr_auc": 0.2587301587301587
}