{
  "f1": 0.36363636363636365,
  "roc_auc": 0.6277777777777778,
  "pr_auc": 0.3606800766283525
}