{
  "f1": 0.35714285714285715,
  "roc_auc": 0.6092307692307692,
  "pr_auc": 0.30966327414603273
}