{
  "f1": 0.5945945945945946,
  "roc_auc": 0.7351694915254238,
  "pr_auc": 0.5030836716942476
}