{
  "f1": 0.3157894736842105,
  "roc_auc": 0.6047619047619048,
  "pr_auc": 0.3929942858221386
}