{
  "f1": 0.5,
  "roc_auc": 0.7261904761904762,
  "pr_auc": 0.5349239673522386
}