{
  "f1": 0.45714285714285713,
  "roc_auc": 0.7133995037220844,
  "pr_auc": 0.4803737999891846
}