{
  "f1": 0.45714285714285713,
  "roc_auc": 0.8068181818181819,
  "pr_auc": 0.5895358535477113
}