{
  "f1": 0.5957446808510638,
  "roc_auc": 0.8262786596119929,
  "pr_auc": 0.7383365936285478
}