{
  "f1": 0.3684210526315789,
  "roc_auc": 0.6403508771929824,
  "pr_auc": 0.494715146689341
}