{
  "f1": 0.45714285714285713,
  "roc_auc": 0.6880952380952381,
  "pr_auc": 0.41061440366454627
}