{
  "f1": 0.6,
  "roc_auc": 0.7584745762711864,
  "pr_auc": 0.5401694392934382
}