{
  "f1": 0.6046511627906976,
  "roc_auc": 0.8677966101694915,
  "pr_auc": 0.7695873015873016
}