{
  "f1": 0.5853658536585366,
  "roc_auc": 0.8090815273477812,
  "pr_auc": 0.6242860506687945
}