{
  "f1": 0.38095238095238093,
  "roc_auc": 0.712484237074401,
  "pr_auc": 0.48497689620640444
}