{
  "f1": 0.34146341463414637,
  "roc_auc": 0.5752118644067796,
  "pr_auc": 0.4263213082556245
}