{
  "f1": 0.5128205128205128,
  "roc_auc": 0.7552693208430913,
  "pr_auc": 0.5201923327835988
}