{
  "f1": 0.43902439024390244,
  "roc_auc": 0.7171610169491525,
  "pr_auc": 0.5623009694321677
}