{
  "f1": 0.7142857142857143,
  "roc_auc": 0.8382936507936508,
  "pr_auc": 0.7958950060171892
}