{
  "f1": 0.45,
  "roc_auc": 0.7107344632768361,
  "pr_auc": 0.46413174506850263
}