{
  "f1": 0.6153846153846154,
  "roc_auc": 0.7674641148325358,
  "pr_auc": 0.5852118652958682
}