{
  "f1": 0.5106382978723404,
  "roc_auc": 0.7688338493292054,
  "pr_auc": 0.6765585470435496
}