{
  "f1": 0.4090909090909091,
  "roc_auc": 0.7803970223325063,
  "pr_auc": 0.606251989126483
}