{
  "f1": 0.4,
  "roc_auc": 0.6823821339950372,
  "pr_auc": 0.4480342022230346
}