{
  "f1": 0.5,
  "roc_auc": 0.7811111111111111,
  "pr_auc": 0.6713451334442068
}