{
  "f1": 0.5142857142857142,
  "roc_auc": 0.7302231237322515,
  "pr_auc": 0.5615848799873492
}