{
  "f1": 0.41379310344827586,
  "roc_auc": 0.7296875,
  "pr_auc": 0.5399080119419102
}