{
  "f1": 0.27586206896551724,
  "roc_auc": 0.5953846153846154,
  "pr_auc": 0.3127188583510131
}