{
  "f1": 0.5555555555555556,
  "roc_auc": 0.7977777777777778,
  "pr_auc": 0.5640459642539536
}