{
  "f1": 0.7058823529411765,
  "roc_auc": 0.9414519906323184,
  "pr_auc": 0.852888183245326
}