{
  "f1": 0.6274509803921569,
  "roc_auc": 0.784366576819407,
  "pr_auc": 0.6651264880128909
}