{
  "f1": 0.45,
  "roc_auc": 0.7129817444219068,
  "pr_auc": 0.5360938680343993
}