{
  "f1": 0.5116279069767442,
  "roc_auc": 0.7083333333333333,
  "pr_auc": 0.5500441181280908
}