{
  "f1": 0.45714285714285713,
  "roc_auc": 0.780580075662043,
  "pr_auc": 0.5812583909303366
}