{
  "f1": 0.5263157894736842,
  "roc_auc": 0.7933333333333333,
  "pr_auc": 0.6500811376550436
}