{
  "f1": 0.6808510638297872,
  "roc_auc": 0.8783068783068784,
  "pr_auc": 0.8283882834293574
}