{
  "f1": 0.5555555555555556,
  "roc_auc": 0.797423887587822,
  "pr_auc": 0.4084694886010675
}