{
  "f1": 0.45,
  "roc_auc": 0.7766749379652605,
  "pr_auc": 0.5816286411784695
}