{
  "f1": 0.5,
  "roc_auc": 0.7708978328173375,
  "pr_auc": 0.6456010941277598
}