{
  "f1": 0.4,
  "roc_auc": 0.7050264550264551,
  "pr_auc": 0.36020112379481856
}