{
  "f1": 0.4897959183673469,
  "roc_auc": 0.6694444444444444,
  "pr_auc": 0.584851506873782
}