{
  "f1": 0.4,
  "roc_auc": 0.654320987654321,
  "pr_auc": 0.4780330902218383
}