{
  "f1": 0.4186046511627907,
  "roc_auc": 0.6813397129186602,
  "pr_auc": 0.5991739820043958
}