{
  "f1": 0.45,
  "roc_auc": 0.6835699797160244,
  "pr_auc": 0.5762379636042698
}