{
  "f1": 0.5238095238095238,
  "roc_auc": 0.788135593220339,
  "pr_auc": 0.5298744547690704
}