{
  "f1": 0.4117647058823529,
  "roc_auc": 0.7952853598014888,
  "pr_auc": 0.5741700455954928
}