{
  "f1": 0.5490196078431373,
  "roc_auc": 0.7394429469901167,
  "pr_auc": 0.5901934306464816
}