{
  "f1": 0.5454545454545454,
  "roc_auc": 0.7310405643738977,
  "pr_auc": 0.5435911034323523
}