{
  "f1": 0.4782608695652174,
  "roc_auc": 0.7777777777777778,
  "pr_auc": 0.5165778279770513
}