{
  "f1": 0.5263157894736842,
  "roc_auc": 0.778888888888889,
  "pr_auc": 0.5301497511285216
}