{
  "f1": 0.7,
  "roc_auc": 0.8462301587301587,
  "pr_auc": 0.7710813820027071
}