{
  "f1": 0.4444444444444444,
  "roc_auc": 0.780952380952381,
  "pr_auc": 0.5184042507557746
}