{
  "f1": 0.3783783783783784,
  "roc_auc": 0.707196029776675,
  "pr_auc": 0.4184586870246697
}