{
  "f1": 0.4,
  "roc_auc": 0.7023809523809524,
  "pr_auc": 0.3158700283431044
}