{
  "f1": 0.6511627906976745,
  "roc_auc": 0.8562443845462713,
  "pr_auc": 0.7305689678148586
}