{
  "f1": 0.4864864864864865,
  "roc_auc": 0.7444168734491314,
  "pr_auc": 0.4020307544555036
}