{
  "f1": 0.6190476190476191,
  "roc_auc": 0.7786596119929454,
  "pr_auc": 0.5882829214115463
}