{
  "f1": 0.5116279069767442,
  "roc_auc": 0.7966666666666666,
  "pr_auc": 0.6341321934417179
}