{
  "f1": 0.45,
  "roc_auc": 0.7141382868937048,
  "pr_auc": 0.5417047513679121
}