{
  "f1": 0.3076923076923077,
  "roc_auc": 0.7890625,
  "pr_auc": 0.44305555555555554
}