{
  "f1": 0.25,
  "roc_auc": 0.796875,
  "pr_auc": 0.33511904761904765
}