{
  "f1": 0.42857142857142855,
  "roc_auc": 0.8484848484848485,
  "pr_auc": 0.29444444444444445
}