{
  "f1": 0.5454545454545454,
  "roc_auc": 0.8903225806451612,
  "pr_auc": 0.7198412698412697
}