{
  "f1": 0.36363636363636365,
  "roc_auc": 0.9705882352941176,
  "pr_auc": 0.75
}