{
  "f1": 0.25,
  "roc_auc": 0.8529411764705882,
  "pr_auc": 0.22619047619047616
}