{
  "f1": 0.5,
  "roc_auc": 0.8064516129032259,
  "pr_auc": 0.49808143547273986
}