{
  "f1": 0.46153846153846156,
  "roc_auc": 0.8671875,
  "pr_auc": 0.6805555555555556
}