{
  "f1": 0.4,
  "roc_auc": 0.765625,
  "pr_auc": 0.2857142857142857
}