{
  "f1": 0.15384615384615385,
  "roc_auc": 0.7058823529411765,
  "pr_auc": 0.12692307692307692
}