{
  "f1": 0.5454545454545454,
  "roc_auc": 0.9393939393939393,
  "pr_auc": 0.6333333333333333
}