{
  "f1": 0.2857142857142857,
  "roc_auc": 0.8383838383838383,
  "pr_auc": 0.7192982456140351
}