{
  "f1": 0.36363636363636365,
  "roc_auc": 0.8970588235294118,
  "pr_auc": 0.6111111111111112
}