{
  "f1": 0.2857142857142857,
  "roc_auc": 0.78125,
  "pr_auc": 0.442241968557758
}