{
  "f1": 0.4444444444444444,
  "roc_auc": 0.9292929292929293,
  "pr_auc": 0.6095238095238096
}