{
  "f1": 0.3333333333333333,
  "roc_auc": 0.765625,
  "pr_auc": 0.251984126984127
}