{
  "f1": 0.3076923076923077,
  "roc_auc": 0.7806451612903227,
  "pr_auc": 0.3133333333333333
}