{
  "mean": 0.4724639928385694,
  "std": 0.10349654129695136,
  "dist": [
    0.4444444444444444,
    0.4761904761904761,
    0.5142857142857142,
    0.303030303030303,
    0.631578947368421,
    0.4848484848484848,
    0.5555555555555556,
    0.3783783783783784,
    0.4102564102564102,
    0.5641025641025641,
    0.4615384615384615,
    0.4571428571428571,
    0.6285714285714286,
    0.3529411764705882,
    0.4878048780487805,
    0.5161290322580645,
    0.3076923076923077,
    0.4615384615384615,
    0.4186046511627907,
    0.6222222222222222,
    0.3448275862068966,
    0.6818181818181818,
    0.4615384615384615,
    0.5,
    0.3333333333333333,
    0.6363636363636364,
    0.3529411764705882,
    0.4324324324324324,
    0.5517241379310345,
    0.4,
    0.5454545454545454,
    0.3428571428571428,
    0.5,
    0.4375,
    0.5405405405405406,
    0.4,
    0.375,
    0.5142857142857142,
    0.5853658536585366,
    0.5,
    0.5161290322580645,
    0.5263157894736842,
    0.4210526315789473,
    0.5789473684210527,
    0.358974358974359,
    0.5238095238095238,
    0.2926829268292683,
    0.2608695652173913,
    0.6,
    0.631578947368421
  ]
}