{
  "t_test": {
    "t_stat": -2.1254152530205523,
    "p_value": 0.038618087522840246
  },
  "wilcoxon": {
    "w_stat": 363.0,
    "p_value": 0.03341645459245313
  }
}