{
  "f1": 0.4864864864864865,
  "roc_auc": 0.8650568181818181,
  "pr_auc": 0.6682472162418687
}