{
  "f1": 0.6153846153846154,
  "roc_auc": 0.7669491525423728,
  "pr_auc": 0.5092116335189765
}