{
  "f1": 0.6086956521739131,
  "roc_auc": 0.7511961722488039,
  "pr_auc": 0.5476641660870869
}