{
  "f1": 0.5238095238095238,
  "roc_auc": 0.763771186440678,
  "pr_auc": 0.5911968179107867
}