{
  "f1": 0.6046511627906976,
  "roc_auc": 0.7951318458417849,
  "pr_auc": 0.6678796088347871
}