{
  "f1": 0.47368421052631576,
  "roc_auc": 0.7295285359801488,
  "pr_auc": 0.41033234579430233
}