{
  "f1": 0.4090909090909091,
  "roc_auc": 0.6811414392059554,
  "pr_auc": 0.3601116073021423
}