{
  "f1": 0.5,
  "roc_auc": 0.7115009746588694,
  "pr_auc": 0.45533070253142494
}