{
  "f1": 0.41025641025641024,
  "roc_auc": 0.6688888888888889,
  "pr_auc": 0.41414783831713214
}