{
  "f1": 0.5909090909090909,
  "roc_auc": 0.7822497420020639,
  "pr_auc": 0.6692674044375995
}