{
  "f1": 0.5957446808510638,
  "roc_auc": 0.8317853457172343,
  "pr_auc": 0.6615250985090053
}