{
  "f1": 0.5,
  "roc_auc": 0.7203302373581011,
  "pr_auc": 0.5880716364588994
}