{
  "f1": 0.7272727272727273,
  "roc_auc": 0.8333333333333334,
  "pr_auc": 0.7107142857142857
}