{
  "f1": 0.8,
  "roc_auc": 0.8947368421052633,
  "pr_auc": 0.8314285714285714
}