{
  "f1": 0.5,
  "roc_auc": 0.7407407407407407,
  "pr_auc": 0.7308712121212121
}