{
  "f1": 0.8888888888888888,
  "roc_auc": 0.9624999999999999,
  "pr_auc": 0.8041666666666667
}