{
  "f1": 0.16666666666666666,
  "roc_auc": 0.6868686868686869,
  "pr_auc": 0.18461538461538463
}