{
  "f1": 0.0,
  "roc_auc": 0.8080808080808081,
  "pr_auc": 0.23882783882783884
}