{
  "f1": 0.25,
  "roc_auc": 0.7575757575757577,
  "pr_auc": 0.23382173382173382
}