{
  "f1": 0.5,
  "roc_auc": 0.7548387096774193,
  "pr_auc": 0.34448621553884706
}