{
  "f1": 0.36363636363636365,
  "roc_auc": 0.8774193548387097,
  "pr_auc": 0.6482142857142857
}