{
  "f1": 0.2222222222222222,
  "roc_auc": 0.7265625,
  "pr_auc": 0.23069852941176472
}