{
  "f1": 0.4,
  "roc_auc": 0.8888888888888887,
  "pr_auc": 0.35555555555555557
}