{
  "f1": 0.3333333333333333,
  "roc_auc": 0.9191919191919191,
  "pr_auc": 0.7575757575757576
}