{
  "f1": 0.2222222222222222,
  "roc_auc": 0.8529411764705883,
  "pr_auc": 0.2361111111111111
}