{
  "f1": 0.3333333333333333,
  "roc_auc": 0.7777777777777779,
  "pr_auc": 0.45604395604395603
}