{
  "f1": 0.14285714285714285,
  "roc_auc": 0.65625,
  "pr_auc": 0.17822802197802198
}