{
  "f1": 0.2,
  "roc_auc": 0.832258064516129,
  "pr_auc": 0.40793650793650793
}