{
  "f1": 0.4,
  "roc_auc": 0.8515625,
  "pr_auc": 0.32916666666666666
}