{
  "f1": 0.2222222222222222,
  "roc_auc": 0.7578125,
  "pr_auc": 0.24318181818181817
}