{
  "f1": 0.42857142857142855,
  "roc_auc": 0.8359375,
  "pr_auc": 0.3888888888888889
}