{
  "f1": 0.25,
  "roc_auc": 0.8282828282828283,
  "pr_auc": 0.28327228327228327
}