{
  "f1": 0.4444444444444444,
  "roc_auc": 0.898989898989899,
  "pr_auc": 0.3694444444444444
}