{
  "f1": 0.2,
  "roc_auc": 0.828125,
  "pr_auc": 0.2998376623376623
}