{
  "f1": 0.3333333333333333,
  "roc_auc": 0.8181818181818181,
  "pr_auc": 0.7142857142857142
}