{
  "f1": 0.5,
  "roc_auc": 0.90625,
  "pr_auc": 0.6904761904761905
}