{
  "f1": 0.2222222222222222,
  "roc_auc": 0.7058823529411764,
  "pr_auc": 0.17763157894736842
}