{
  "f1": 0.4444444444444444,
  "roc_auc": 0.8838709677419354,
  "pr_auc": 0.6383333333333334
}