{
  "f1": 0.36363636363636365,
  "roc_auc": 0.828125,
  "pr_auc": 0.4305555555555556
}