{
  "f1": 0.2,
  "roc_auc": 0.78125,
  "pr_auc": 0.2583333333333333
}