{
  "f1": 0.3333333333333333,
  "roc_auc": 0.7878787878787878,
  "pr_auc": 0.33040935672514615
}