{
  "f1": 0.2222222222222222,
  "roc_auc": 0.75,
  "pr_auc": 0.24642857142857144
}