{
  "f1": 0.0,
  "roc_auc": 0.765625,
  "pr_auc": 0.24377705627705626
}