{
  "f1": 0.3333333333333333,
  "roc_auc": 0.8787878787878787,
  "pr_auc": 0.34444444444444444
}