{
  "f1": 0.2222222222222222,
  "roc_auc": 0.8676470588235293,
  "pr_auc": 0.35
}