{
  "f1": 0.13333333333333333,
  "roc_auc": 0.625,
  "pr_auc": 0.16393849206349206
}