{
  "f1": 0.3333333333333333,
  "roc_auc": 0.796875,
  "pr_auc": 0.32965686274509803
}