{
  "f1": 0.2857142857142857,
  "roc_auc": 0.765625,
  "pr_auc": 0.24734848484848485
}