{
  "f1": 0.3076923076923077,
  "roc_auc": 0.7806451612903225,
  "pr_auc": 0.3431077694235589
}