{
  "f1": 0.18181818181818182,
  "roc_auc": 0.7205882352941178,
  "pr_auc": 0.13247863247863248
}