{
  "f1": 0.36363636363636365,
  "roc_auc": 0.8181818181818182,
  "pr_auc": 0.2777777777777778
}