{
  "f1": 0.42857142857142855,
  "roc_auc": 0.8671875,
  "pr_auc": 0.4568452380952381
}