{
  "f1": 0.25,
  "roc_auc": 0.7058823529411764,
  "pr_auc": 0.15555555555555556
}