{
  "f1": 0.4,
  "roc_auc": 0.9032258064516129,
  "pr_auc": 0.5888888888888888
}