{
  "f1": 0.16666666666666666,
  "roc_auc": 0.8857142857142857,
  "pr_auc": 0.2
}