{
  "f1": 0.18181818181818182,
  "roc_auc": 0.6875,
  "pr_auc": 0.2067982456140351
}