{
  "f1": 0.5333333333333333,
  "roc_auc": 0.875,
  "pr_auc": 0.39166666666666666
}