{
  "f1": 0.3076923076923077,
  "roc_auc": 0.6640625,
  "pr_auc": 0.19345238095238096
}