{
  "f1": 0.21052631578947367,
  "roc_auc": 0.6328125,
  "pr_auc": 0.16658653846153848
}