{
  "f1": 0.2222222222222222,
  "roc_auc": 0.6764705882352942,
  "pr_auc": 0.13596491228070173
}