{
  "f1": 0.2222222222222222,
  "roc_auc": 0.8529411764705882,
  "pr_auc": 0.5833333333333334
}