{
  "f1": 0.6666666666666666,
  "roc_auc": 0.9548387096774194,
  "pr_auc": 0.81
}