{
  "f1": 0.4,
  "roc_auc": 0.8181818181818181,
  "pr_auc": 0.5222222222222221
}