{
  "mean": 0.5179384351768218,
  "std": 0.09270071485722892,
  "dist": [
    0.55,
    0.6122448979591837,
    0.5,
    0.3783783783783784,
    0.5454545454545454,
    0.5945945945945946,
    0.55,
    0.4390243902439024,
    0.4878048780487805,
    0.5531914893617021,
    0.4878048780487805,
    0.5116279069767442,
    0.6,
    0.4736842105263157,
    0.5454545454545454,
    0.5142857142857142,
    0.4117647058823529,
    0.5454545454545454,
    0.5,
    0.6122448979591837,
    0.3636363636363636,
    0.6666666666666666,
    0.5,
    0.6190476190476191,
    0.4102564102564102,
    0.6222222222222222,
    0.45,
    0.5531914893617021,
    0.6060606060606061,
    0.3902439024390244,
    0.6521739130434783,
    0.4102564102564102,
    0.5238095238095238,
    0.5128205128205128,
    0.5,
    0.4102564102564102,
    0.4615384615384615,
    0.5581395348837209,
    0.6956521739130435,
    0.4615384615384615,
    0.3783783783783784,
    0.5531914893617021,
    0.5263157894736842,
    0.5909090909090909,
    0.55,
    0.5490196078431373,
    0.4347826086956521,
    0.2307692307692307,
    0.6363636363636364,
    0.6666666666666666
  ]
}