{
  "t_test": {
    "t_stat": -0.03261559973979956,
    "p_value": 0.9741136253802212
  },
  "wilcoxon": {
    "w_stat": 508.0,
    "p_value": 0.9146051349091648
  }
}