{
  "mean": 0.31507530275022533,
  "std": 0.17436801847395503,
  "dist": [
    0.0,
    0.375,
    0.4285714285714285,
    0.5714285714285714,
    0.375,
    0.3636363636363636,
    0.2666666666666666,
    0.1818181818181818,
    0.4761904761904761,
    0.25,
    0.2857142857142857,
    0.1818181818181818,
    0.5,
    0.3076923076923077,
    0.3333333333333333,
    0.1666666666666666,
    0.5263157894736842,
    0.0,
    0.3636363636363636,
    0.4285714285714285,
    0.4,
    0.4705882352941176,
    0.2666666666666666,
    0.0,
    0.3333333333333333,
    0.1538461538461538,
    0.4615384615384615,
    0.5882352941176471,
    0.2666666666666666,
    0.0,
    0.1538461538461538,
    0.4545454545454545,
    0.4,
    0.5454545454545454,
    0.0,
    0.5,
    0.5,
    0.1666666666666666,
    0.0,
    0.4,
    0.4,
    0.4444444444444444,
    0.25,
    0.2,
    0.375,
    0.0,
    0.2857142857142857,
    0.4444444444444444,
    0.2857142857142857,
    0.625
  ]
}