{
  "t_test": {
    "t_stat": 1.9846998649938714,
    "p_value": 0.052791735027007444
  },
  "wilcoxon": {
    "w_stat": 190.5,
    "p_value": 0.025167239694380946
  }
}