{
  "mean": 0.4769723145351119,
  "std": 0.10358408013338352,
  "dist": [
    0.3902439024390244,
    0.5333333333333333,
    0.55,
    0.3870967741935484,
    0.5517241379310345,
    0.4571428571428571,
    0.5,
    0.25,
    0.5555555555555556,
    0.6046511627906976,
    0.2352941176470588,
    0.5581395348837209,
    0.5714285714285714,
    0.4827586206896552,
    0.5333333333333333,
    0.4137931034482758,
    0.4242424242424242,
    0.5128205128205128,
    0.4878048780487805,
    0.5454545454545454,
    0.375,
    0.5777777777777777,
    0.5,
    0.4848484848484848,
    0.45,
    0.4888888888888889,
    0.4444444444444444,
    0.4516129032258064,
    0.5853658536585366,
    0.4242424242424242,
    0.625,
    0.4324324324324324,
    0.2941176470588235,
    0.4516129032258064,
    0.5555555555555556,
    0.3684210526315789,
    0.5714285714285714,
    0.4705882352941176,
    0.6808510638297872,
    0.25,
    0.2702702702702703,
    0.5,
    0.4242424242424242,
    0.65,
    0.5555555555555556,
    0.5,
    0.6060606060606061,
    0.3636363636363636,
    0.5128205128205128,
    0.4390243902439024
  ]
}