{
  "t_test": {
    "t_stat": 4.235934740536794,
    "p_value": 9.993210226747372e-05
  },
  "wilcoxon": {
    "w_stat": 221.5,
    "p_value": 0.0002895881346433626
  }
}