{
  "mean": 0.45178046432909674,
  "std": 0.10511129097564476,
  "dist": [
    0.3333333333333333,
    0.5454545454545454,
    0.4736842105263157,
    0.4,
    0.5294117647058824,
    0.4444444444444444,
    0.45,
    0.2424242424242424,
    0.5,
    0.6046511627906976,
    0.2352941176470588,
    0.5,
    0.45,
    0.5185185185185185,
    0.5531914893617021,
    0.3703703703703703,
    0.3783783783783784,
    0.5365853658536586,
    0.3902439024390244,
    0.5714285714285714,
    0.3870967741935484,
    0.5333333333333333,
    0.4210526315789473,
    0.5161290322580645,
    0.4186046511627907,
    0.5,
    0.4117647058823529,
    0.3870967741935484,
    0.5714285714285714,
    0.3783783783783784,
    0.5714285714285714,
    0.4,
    0.3243243243243243,
    0.4,
    0.5405405405405406,
    0.3,
    0.5454545454545454,
    0.4848484848484848,
    0.6808510638297872,
    0.2285714285714285,
    0.303030303030303,
    0.4,
    0.4375,
    0.6666666666666666,
    0.4615384615384615,
    0.4324324324324324,
    0.5555555555555556,
    0.3529411764705882,
    0.5789473684210527,
    0.3720930232558139
  ]
}