{
  "f1": 0.14285714285714285,
  "roc_auc": 0.6796875,
  "pr_auc": 0.20416666666666666
}