{
  "f1": 0.15384615384615385,
  "roc_auc": 0.75,
  "pr_auc": 0.3055555555555556
}