{
  "f1": 0.0,
  "roc_auc": 0.6328125,
  "pr_auc": 0.1670255183413078
}