{
  "f1": 0.2857142857142857,
  "roc_auc": 0.703125,
  "pr_auc": 0.5035714285714286
}