{
  "f1": 0.46153846153846156,
  "roc_auc": 0.98989898989899,
  "pr_auc": 0.9166666666666665
}