{
  "f1": 0.14285714285714285,
  "roc_auc": 0.6969696969696969,
  "pr_auc": 0.16666666666666666
}