{
  "f1": 0.0,
  "roc_auc": 0.47058823529411764,
  "pr_auc": 0.08448275862068966
}