{
  "f1": 0.16666666666666666,
  "roc_auc": 0.7474747474747475,
  "pr_auc": 0.19393939393939397
}