{
  "f1": 0.3333333333333333,
  "roc_auc": 0.8709677419354839,
  "pr_auc": 0.6235897435897436
}