{
  "f1": 0.2857142857142857,
  "roc_auc": 0.71875,
  "pr_auc": 0.43759590792838876
}