{
  "f1": 0.0,
  "roc_auc": 0.7878787878787878,
  "pr_auc": 0.21574074074074073
}