{
  "f1": 0.2857142857142857,
  "roc_auc": 0.8258064516129032,
  "pr_auc": 0.4952272727272728
}