{
  "f1": 0.25,
  "roc_auc": 0.8686868686868687,
  "pr_auc": 0.5277777777777778
}