{
  "f1": 0.0,
  "roc_auc": 0.3970588235294118,
  "pr_auc": 0.07575757575757576
}