{
  "f1": 0.18181818181818182,
  "roc_auc": 0.7352941176470589,
  "pr_auc": 0.55
}