{
  "f1": 0.18181818181818182,
  "roc_auc": 0.7373737373737372,
  "pr_auc": 0.2304093567251462
}