{
  "f1": 0.15384615384615385,
  "roc_auc": 0.7058823529411764,
  "pr_auc": 0.21666666666666667
}