{
  "f1": 0.5,
  "roc_auc": 0.8774193548387097,
  "pr_auc": 0.5347222222222222
}