{
  "f1": 0.14285714285714285,
  "roc_auc": 0.7794117647058822,
  "pr_auc": 0.19642857142857142
}