{
  "f1": 0.16666666666666666,
  "roc_auc": 0.6764705882352942,
  "pr_auc": 0.12698412698412698
}