{
  "f1": 0.26666666666666666,
  "roc_auc": 0.6516129032258065,
  "pr_auc": 0.5107327141382869
}