{
  "f1": 0.3076923076923077,
  "roc_auc": 0.8203125,
  "pr_auc": 0.4806818181818182
}