{
  "f1": 0.35294117647058826,
  "roc_auc": 0.875,
  "pr_auc": 0.42976190476190473
}