{
  "f1": 0.5454545454545454,
  "roc_auc": 0.8984375,
  "pr_auc": 0.8088235294117647
}