{
  "f1": 0.18181818181818182,
  "roc_auc": 0.6565656565656566,
  "pr_auc": 0.21481481481481482
}