{
  "f1": 0.5,
  "roc_auc": 0.7358851674641148,
  "pr_auc": 0.5242477667501076
}