{
  "f1": 0.6222222222222222,
  "roc_auc": 0.8386243386243386,
  "pr_auc": 0.7387323317860566
}