{
  "f1": 0.5405405405405406,
  "roc_auc": 0.7648305084745763,
  "pr_auc": 0.46283112930831993
}