{
  "f1": 0.47368421052631576,
  "roc_auc": 0.7081339712918661,
  "pr_auc": 0.5621318304947962
}