{
  "f1": 0.47368421052631576,
  "roc_auc": 0.7559322033898305,
  "pr_auc": 0.5152011597387647
}