{
  "f1": 0.3870967741935484,
  "roc_auc": 0.7215384615384615,
  "pr_auc": 0.43209790209790205
}