{
  "f1": 0.5789473684210527,
  "roc_auc": 0.8259887005649718,
  "pr_auc": 0.6747599929346717
}