{
  "f1": 0.6470588235294118,
  "roc_auc": 0.946135831381733,
  "pr_auc": 0.8393516206016205
}