{
  "f1": 0.5625,
  "roc_auc": 0.8022598870056497,
  "pr_auc": 0.5795801754135087
}