{
  "f1": 0.5714285714285714,
  "roc_auc": 0.846233230134159,
  "pr_auc": 0.6698853333603974
}