{
  "f1": 0.5161290322580645,
  "roc_auc": 0.8678977272727273,
  "pr_auc": 0.6624030417285549
}