{
  "f1": 0.6153846153846154,
  "roc_auc": 0.8015873015873016,
  "pr_auc": 0.5956337723037892
}