{
  "f1": 0.43243243243243246,
  "roc_auc": 0.723196881091618,
  "pr_auc": 0.5400786185327087
}