{
  "f1": 0.42857142857142855,
  "roc_auc": 0.6666666666666667,
  "pr_auc": 0.35963663243075006
}