{
  "f1": 0.5333333333333333,
  "roc_auc": 0.7833333333333333,
  "pr_auc": 0.42655677655677654
}