{
  "f1": 0.7142857142857143,
  "roc_auc": 0.9277777777777778,
  "pr_auc": 0.5968253968253969
}