{
  "f1": 0.4,
  "roc_auc": 0.8777777777777778,
  "pr_auc": 0.6430555555555555
}