{
  "f1": 0.5,
  "roc_auc": 0.8645161290322582,
  "pr_auc": 0.5238095238095237
}