{
  "f1": 0.2,
  "roc_auc": 0.609375,
  "pr_auc": 0.20929621848739496
}