{
  "f1": 0.4,
  "roc_auc": 0.7421875,
  "pr_auc": 0.47196969696969693
}