{
  "f1": 0.25,
  "roc_auc": 0.71875,
  "pr_auc": 0.23031135531135533
}