{
  "f1": 0.375,
  "roc_auc": 0.8333333333333334,
  "pr_auc": 0.5467171717171717
}