{
  "f1": 0.42857142857142855,
  "roc_auc": 0.7734375,
  "pr_auc": 0.35714285714285715
}