{
  "f1": 0.5714285714285714,
  "roc_auc": 0.7722222222222221,
  "pr_auc": 0.7395833333333333
}