{
  "f1": 0.2857142857142857,
  "roc_auc": 0.7870967741935484,
  "pr_auc": 0.30417915417915414
}