{
  "f1": 0.5,
  "roc_auc": 0.7678571428571428,
  "pr_auc": 0.4122012362637363
}