{
  "f1": 0.36363636363636365,
  "roc_auc": 0.7890625,
  "pr_auc": 0.30625
}