{
  "f1": 0.48,
  "roc_auc": 0.670138888888889,
  "pr_auc": 0.44159613135906234
}