{
  "f1": 0.25,
  "roc_auc": 0.8064516129032258,
  "pr_auc": 0.5055555555555555
}