{
  "f1": 0.4,
  "roc_auc": 0.8226600985221675,
  "pr_auc": 0.6586048454469506
}