{
  "f1": 0.42105263157894735,
  "roc_auc": 0.8166666666666667,
  "pr_auc": 0.5884126984126984
}