{
  "f1": 0.47058823529411764,
  "roc_auc": 0.7767857142857144,
  "pr_auc": 0.5113068181818181
}