{
  "f1": 0.6666666666666666,
  "roc_auc": 0.8794642857142857,
  "pr_auc": 0.6409902597402598
}