{
  "f1": 0.5263157894736842,
  "roc_auc": 0.7733990147783251,
  "pr_auc": 0.3649394256537114
}