{
  "f1": 0.36363636363636365,
  "roc_auc": 0.8078817733990148,
  "pr_auc": 0.573118944547516
}