{
  "f1": 0.5882352941176471,
  "roc_auc": 0.8666666666666667,
  "pr_auc": 0.4714285714285714
}