{
  "f1": 0.5714285714285714,
  "roc_auc": 0.8774193548387096,
  "pr_auc": 0.4432900432900433
}