{
  "f1": 0.6,
  "roc_auc": 0.8348214285714286,
  "pr_auc": 0.5382699275362319
}