{
  "f1": 0.35294117647058826,
  "roc_auc": 0.8064516129032258,
  "pr_auc": 0.35036199095022624
}