{
  "f1": 0.15384615384615385,
  "roc_auc": 0.7222222222222222,
  "pr_auc": 0.3020590520590521
}