{
  "f1": 0.26666666666666666,
  "roc_auc": 0.696969696969697,
  "pr_auc": 0.17857142857142855
}