{
  "f1": 0.47058823529411764,
  "roc_auc": 0.7536945812807881,
  "pr_auc": 0.39094534365470324
}