{
  "mean": 0.23841246306313285,
  "std": 0.1266816605260958,
  "dist": [
    0.4761904761904761,
    0.24,
    0.1818181818181818,
    0.125,
    0.1739130434782608,
    0.25,
    0.1111111111111111,
    0.32,
    0.2,
    0.2857142857142857,
    0.1538461538461538,
    0.0,
    0.3529411764705882,
    0.2857142857142857,
    0.4,
    0.1818181818181818,
    0.0,
    0.1904761904761904,
    0.5,
    0.4210526315789473,
    0.24,
    0.4615384615384615,
    0.1111111111111111,
    0.1333333333333333,
    0.1739130434782608,
    0.1904761904761904,
    0.1052631578947368,
    0.3636363636363636,
    0.2727272727272727,
    0.2608695652173913,
    0.3809523809523809,
    0.125,
    0.2962962962962963,
    0.08,
    0.3333333333333333,
    0.0,
    0.1818181818181818,
    0.3846153846153846,
    0.4210526315789473,
    0.1904761904761904,
    0.4166666666666667,
    0.3157894736842105,
    0.2222222222222222,
    0.1,
    0.1176470588235294,
    0.2352941176470588,
    0.2352941176470588,
    0.1,
    0.3636363636363636,
    0.2580645161290322
  ]
}