{
  "t_test": {
    "t_stat": -6.961928558374798,
    "p_value": 7.59852237329121e-09
  },
  "wilcoxon": {
    "w_stat": 69.0,
    "p_value": 4.137783371408345e-07
  }
}