{
  "mean": 0.27720084409241763,
  "std": 0.1698898707983825,
  "dist": [
    0.5882352941176471,
    0.3,
    0.2222222222222222,
    0.1428571428571428,
    0.1538461538461538,
    0.0,
    0.1538461538461538,
    0.4761904761904761,
    0.4,
    0.2857142857142857,
    0.3157894736842105,
    0.0,
    0.375,
    0.2857142857142857,
    0.4,
    0.2352941176470588,
    0.125,
    0.2,
    0.5882352941176471,
    0.3333333333333333,
    0.3157894736842105,
    0.4761904761904761,
    0.2666666666666666,
    0.1818181818181818,
    0.125,
    0.4285714285714285,
    0.2666666666666666,
    0.5714285714285714,
    0.1904761904761904,
    0.1111111111111111,
    0.6,
    0.0,
    0.4705882352941176,
    0.0952380952380952,
    0.1818181818181818,
    0.0,
    0.1052631578947368,
    0.3333333333333333,
    0.4,
    0.4210526315789473,
    0.5,
    0.375,
    0.1904761904761904,
    0.3157894736842105,
    0.0,
    0.1538461538461538,
    0.125,
    0.1428571428571428,
    0.5,
    0.4347826086956521
  ]
}