{
  "t_test": {
    "t_stat": -0.9163687090689931,
    "p_value": 0.363961706134569
  },
  "wilcoxon": {
    "w_stat": 528.5,
    "p_value": 0.4033604049755759
  }
}