{
  "f1": 0.4666666666666667,
  "roc_auc": 0.7706214689265536,
  "pr_auc": 0.49854688720280116
}