{
  "f1": 0.3888888888888889,
  "roc_auc": 0.7526455026455027,
  "pr_auc": 0.47621708378159416
}