{
  "f1": 0.46511627906976744,
  "roc_auc": 0.7302631578947368,
  "pr_auc": 0.48531577669623793
}