{
  "f1": 0.4,
  "roc_auc": 0.7251984126984126,
  "pr_auc": 0.5212033666725128
}