{
  "f1": 0.47058823529411764,
  "roc_auc": 0.7406947890818859,
  "pr_auc": 0.5160622211931893
}