{
  "f1": 0.5555555555555556,
  "roc_auc": 0.8511166253101737,
  "pr_auc": 0.5022801393013431
}