{
  "f1": 0.45,
  "roc_auc": 0.7404761904761904,
  "pr_auc": 0.5699764233096599
}