{
  "f1": 0.4444444444444444,
  "roc_auc": 0.835978835978836,
  "pr_auc": 0.48754260352538686
}