{
  "f1": 0.25,
  "roc_auc": 0.6036931818181819,
  "pr_auc": 0.3268448355695906
}