{
  "f1": 0.4,
  "roc_auc": 0.6855555555555555,
  "pr_auc": 0.39014565814685676
}