{
  "f1": 0.4444444444444444,
  "roc_auc": 0.6821428571428572,
  "pr_auc": 0.49099644374297313
}