{
  "f1": 0.5,
  "roc_auc": 0.7955508474576272,
  "pr_auc": 0.6397805384132974
}