{
  "f1": 0.5263157894736842,
  "roc_auc": 0.7781217750257997,
  "pr_auc": 0.6695036956788984
}