{
  "f1": 0.5581395348837209,
  "roc_auc": 0.6935185185185184,
  "pr_auc": 0.5846833084211005
}