{
  "f1": 0.35294117647058826,
  "roc_auc": 0.6542372881355932,
  "pr_auc": 0.40020525051892264
}