{
  "f1": 0.5555555555555556,
  "roc_auc": 0.8573200992555832,
  "pr_auc": 0.6802920440215521
}