{
  "f1": 0.4117647058823529,
  "roc_auc": 0.7158808933002481,
  "pr_auc": 0.408751593235654
}