{
  "f1": 0.43243243243243246,
  "roc_auc": 0.7634660421545667,
  "pr_auc": 0.40690453106575813
}