{
  "f1": 0.34782608695652173,
  "roc_auc": 0.7298701298701299,
  "pr_auc": 0.3252378886777383
}