{
  "f1": 0.26666666666666666,
  "roc_auc": 0.9265536723163843,
  "pr_auc": 0.5714285714285714
}