{
  "f1": 0.5,
  "roc_auc": 0.6872427983539094,
  "pr_auc": 0.48910523951931817
}