{
  "f1": 0.42857142857142855,
  "roc_auc": 0.7974137931034483,
  "pr_auc": 0.6458333333333334
}