{
  "f1": 0.36363636363636365,
  "roc_auc": 0.5862068965517242,
  "pr_auc": 0.20005760368663594
}