{
  "f1": 0.2222222222222222,
  "roc_auc": 0.6421052631578947,
  "pr_auc": 0.4634583563154992
}