{
  "f1": 0.5,
  "roc_auc": 0.7648809523809523,
  "pr_auc": 0.6346949891067537
}