{
  "f1": 0.21052631578947367,
  "roc_auc": 0.6655172413793103,
  "pr_auc": 0.4734734734734735
}