{
  "f1": 0.19047619047619047,
  "roc_auc": 0.6845238095238095,
  "pr_auc": 0.3148496240601504
}