{
  "f1": 0.26666666666666666,
  "roc_auc": 0.655367231638418,
  "pr_auc": 0.4249512670565302
}