{
  "mean": 0.5161915390004848,
  "std": 0.09684192629466347,
  "dist": [
    0.5263157894736842,
    0.6190476190476191,
    0.5294117647058824,
    0.4,
    0.5142857142857142,
    0.5555555555555556,
    0.4864864864864865,
    0.4848484848484848,
    0.5789473684210527,
    0.5,
    0.4864864864864865,
    0.4864864864864865,
    0.6470588235294118,
    0.4117647058823529,
    0.5714285714285714,
    0.4571428571428571,
    0.3333333333333333,
    0.5365853658536586,
    0.5555555555555556,
    0.6666666666666666,
    0.4,
    0.6530612244897959,
    0.4571428571428571,
    0.6,
    0.4,
    0.6511627906976745,
    0.4666666666666667,
    0.45,
    0.6060606060606061,
    0.4210526315789473,
    0.6829268292682927,
    0.358974358974359,
    0.5294117647058824,
    0.5294117647058824,
    0.5,
    0.3902439024390244,
    0.4117647058823529,
    0.5625,
    0.6808510638297872,
    0.5333333333333333,
    0.5333333333333333,
    0.6111111111111112,
    0.4615384615384615,
    0.5,
    0.5128205128205128,
    0.5116279069767442,
    0.4,
    0.2962962962962963,
    0.6666666666666666,
    0.6842105263157895
  ]
}