{
  "t_test": {
    "t_stat": 3.210002010470815,
    "p_value": 0.0023438712721731273
  },
  "wilcoxon": {
    "w_stat": 250.0,
    "p_value": 0.0008910461954148249
  }
}