{
  "mean": 0.48756382532020665,
  "std": 0.09787956711740808,
  "dist": [
    0.4615384615384615,
    0.4347826086956521,
    0.5142857142857142,
    0.4,
    0.6666666666666666,
    0.5555555555555556,
    0.5405405405405406,
    0.4324324324324324,
    0.4102564102564102,
    0.5238095238095238,
    0.4615384615384615,
    0.4324324324324324,
    0.6111111111111112,
    0.4,
    0.5454545454545454,
    0.5454545454545454,
    0.3333333333333333,
    0.5,
    0.4545454545454545,
    0.5909090909090909,
    0.3529411764705882,
    0.6829268292682927,
    0.5,
    0.5365853658536586,
    0.3428571428571428,
    0.5714285714285714,
    0.4,
    0.5641025641025641,
    0.5294117647058824,
    0.3902439024390244,
    0.6511627906976745,
    0.3783783783783784,
    0.4848484848484848,
    0.4324324324324324,
    0.4878048780487805,
    0.4102564102564102,
    0.4,
    0.5365853658536586,
    0.6511627906976745,
    0.4242424242424242,
    0.3888888888888889,
    0.5641025641025641,
    0.5128205128205128,
    0.5238095238095238,
    0.4571428571428571,
    0.5217391304347826,
    0.3636363636363636,
    0.24,
    0.6486486486486487,
    0.6153846153846154
  ]
}