{
  "f1": 0.42105263157894735,
  "roc_auc": 0.6722222222222223,
  "pr_auc": 0.36820950257168467
}