{
  "f1": 0.41025641025641024,
  "roc_auc": 0.7642679900744417,
  "pr_auc": 0.4976255582024813
}