{
  "f1": 0.36363636363636365,
  "roc_auc": 0.6799007444168735,
  "pr_auc": 0.3653375694130695
}