{
  "f1": 0.3783783783783784,
  "roc_auc": 0.7936507936507937,
  "pr_auc": 0.41587618185103953
}