{
  "f1": 0.4090909090909091,
  "roc_auc": 0.698093220338983,
  "pr_auc": 0.44330804693036885
}