{
  "f1": 0.46511627906976744,
  "roc_auc": 0.6875,
  "pr_auc": 0.41937367699325767
}