{
  "f1": 0.6086956521739131,
  "roc_auc": 0.8308189655172413,
  "pr_auc": 0.6005397990775367
}