{
  "f1": 0.46153846153846156,
  "roc_auc": 0.7300000000000001,
  "pr_auc": 0.39673206262579436
}