{
  "f1": 0.5,
  "roc_auc": 0.7717514124293785,
  "pr_auc": 0.4219193012232062
}