{
  "f1": 0.2222222222222222,
  "roc_auc": 0.5852272727272727,
  "pr_auc": 0.18155638900698187
}