{
  "f1": 0.47368421052631576,
  "roc_auc": 0.7291666666666666,
  "pr_auc": 0.5048212263163244
}