{
  "f1": 0.45454545454545453,
  "roc_auc": 0.7142857142857143,
  "pr_auc": 0.4826209856299512
}