{
  "f1": 0.3333333333333333,
  "roc_auc": 0.6290322580645161,
  "pr_auc": 0.29452651523430073
}