{
  "f1": 0.30303030303030304,
  "roc_auc": 0.7037037037037037,
  "pr_auc": 0.3829893840224975
}