{
  "f1": 0.47058823529411764,
  "roc_auc": 0.7581920903954802,
  "pr_auc": 0.48797707462406037
}