{
  "f1": 0.42857142857142855,
  "roc_auc": 0.6586021505376345,
  "pr_auc": 0.36426445272492464
}