{
  "f1": 0.6666666666666666,
  "roc_auc": 0.8717703349282296,
  "pr_auc": 0.6562251340132828
}