{
  "f1": 0.3783783783783784,
  "roc_auc": 0.7341269841269842,
  "pr_auc": 0.4576703997756629
}