{
  "f1": 0.36363636363636365,
  "roc_auc": 0.7276119402985075,
  "pr_auc": 0.3899811890372531
}