{
  "f1": 0.6341463414634146,
  "roc_auc": 0.8868534482758621,
  "pr_auc": 0.7807131151800268
}