{
  "mean": 0.4961873887158127,
  "std": 0.09852901142953209,
  "dist": [
    0.4324324324324324,
    0.5789473684210527,
    0.5238095238095238,
    0.4827586206896552,
    0.5,
    0.5294117647058824,
    0.4444444444444444,
    0.3225806451612903,
    0.5882352941176471,
    0.6046511627906976,
    0.2580645161290322,
    0.5641025641025641,
    0.6060606060606061,
    0.5,
    0.5531914893617021,
    0.4827586206896552,
    0.3846153846153846,
    0.5789473684210527,
    0.4615384615384615,
    0.5652173913043478,
    0.3846153846153846,
    0.6666666666666666,
    0.5555555555555556,
    0.4117647058823529,
    0.45,
    0.5853658536585366,
    0.4848484848484848,
    0.3448275862068966,
    0.6,
    0.4571428571428571,
    0.6122448979591837,
    0.5,
    0.303030303030303,
    0.4285714285714285,
    0.6111111111111112,
    0.4736842105263157,
    0.4848484848484848,
    0.4666666666666667,
    0.6956521739130435,
    0.3225806451612903,
    0.4705882352941176,
    0.375,
    0.4242424242424242,
    0.65,
    0.5641025641025641,
    0.4864864864864865,
    0.4444444444444444,
    0.4375,
    0.6060606060606061,
    0.55
  ]
}