{
  "t_test": {
    "t_stat": 7.730459610645947,
    "p_value": 4.945743060029235e-10
  },
  "wilcoxon": {
    "w_stat": 57.0,
    "p_value": 5.1449914561960945e-08
  }
}