{
  "f1": 0.2222222222222222,
  "roc_auc": 0.6600985221674877,
  "pr_auc": 0.41030283080974317
}