{
  "f1": 0.5,
  "roc_auc": 0.6451612903225806,
  "pr_auc": 0.6563492063492063
}