{
  "f1": 0.3333333333333333,
  "roc_auc": 0.7055555555555556,
  "pr_auc": 0.3442154236165126
}