{
  "f1": 0.4,
  "roc_auc": 0.7111111111111111,
  "pr_auc": 0.3714059454191033
}