{
  "f1": 0.4444444444444444,
  "roc_auc": 0.6484375,
  "pr_auc": 0.5746527777777778
}