{
  "f1": 0.0,
  "roc_auc": 0.31313131313131315,
  "pr_auc": 0.07962962962962963
}