{
  "f1": 0.18181818181818182,
  "roc_auc": 0.484375,
  "pr_auc": 0.1850378787878788
}