{
  "f1": 0.18181818181818182,
  "roc_auc": 0.6967741935483871,
  "pr_auc": 0.25846153846153846
}