{
  "f1": 0.5,
  "roc_auc": 0.9453125,
  "pr_auc": 0.6845238095238095
}