{
  "f1": 0.5882352941176471,
  "roc_auc": 0.9166666666666667,
  "pr_auc": 0.5930555555555556
}