{
  "f1": 0.3333333333333333,
  "roc_auc": 0.8125,
  "pr_auc": 0.39761904761904765
}