{
  "f1": 0.7058823529411765,
  "roc_auc": 0.8944444444444445,
  "pr_auc": 0.514021164021164
}