{
  "f1": 0.7272727272727273,
  "roc_auc": 0.9453125,
  "pr_auc": 0.6678571428571428
}