{
  "f1": 0.625,
  "roc_auc": 0.7635467980295567,
  "pr_auc": 0.7251748251748251
}