{
  "mean": 0.5062000741021739,
  "std": 0.1657121605285001,
  "dist": [
    0.7368421052631579,
    0.5,
    0.6666666666666666,
    0.1333333333333333,
    0.5,
    0.5333333333333333,
    0.4,
    0.6666666666666666,
    0.0,
    0.6666666666666666,
    0.3333333333333333,
    0.7777777777777778,
    0.4,
    0.4705882352941176,
    0.5454545454545454,
    0.56,
    0.6666666666666666,
    0.4705882352941176,
    0.4444444444444444,
    0.4,
    0.4705882352941176,
    0.4444444444444444,
    0.6666666666666666,
    0.7,
    0.3333333333333333,
    0.6153846153846154,
    0.631578947368421,
    0.3333333333333333,
    0.5882352941176471,
    0.3333333333333333,
    0.625,
    0.4705882352941176,
    0.3529411764705882,
    0.6666666666666666,
    0.5454545454545454,
    0.4347826086956521,
    0.5882352941176471,
    0.6666666666666666,
    0.2222222222222222,
    0.6666666666666666,
    0.5714285714285714,
    0.4705882352941176,
    0.5263157894736842,
    0.7692307692307693,
    0.2,
    0.5,
    0.6666666666666666,
    0.4285714285714285,
    0.3333333333333333,
    0.6153846153846154
  ]
}