{
  "t_test": {
    "t_stat": 4.671320174737205,
    "p_value": 2.363946364807937e-05
  },
  "wilcoxon": {
    "w_stat": 183.0,
    "p_value": 9.387202088282617e-05
  }
}