{
  "t_test": {
    "t_stat": -1.5168524813455575,
    "p_value": 0.1357295036146395
  },
  "wilcoxon": {
    "w_stat": 259.5,
    "p_value": 0.5158226045908622
  }
}