{
  "mean": 0.3471485181485181,
  "std": 0.21011162152850896,
  "dist": [
    0.4285714285714285,
    0.2,
    0.2857142857142857,
    0.6666666666666666,
    0.3333333333333333,
    0.3636363636363636,
    0.4,
    0.25,
    0.4444444444444444,
    0.4,
    0.0,
    0.25,
    0.3333333333333333,
    0.7272727272727273,
    0.3636363636363636,
    0.2857142857142857,
    0.8,
    0.0,
    0.2222222222222222,
    0.3333333333333333,
    0.6666666666666666,
    0.2222222222222222,
    0.2857142857142857,
    0.25,
    0.2857142857142857,
    0.5454545454545454,
    0.4,
    0.2222222222222222,
    0.3636363636363636,
    0.2857142857142857,
    0.3636363636363636,
    0.8888888888888888,
    0.3636363636363636,
    0.0,
    0.0,
    0.0,
    0.25,
    0.6666666666666666,
    0.3333333333333333,
    0.5,
    0.0,
    0.6,
    0.4615384615384615,
    0.2857142857142857,
    0.25,
    0.5454545454545454,
    0.3333333333333333,
    0.5,
    0.4,
    0.0
  ]
}