{
  "t_test": {
    "t_stat": 2.1813637631051304,
    "p_value": 0.033983938214926075
  },
  "wilcoxon": {
    "w_stat": 370.0,
    "p_value": 0.062476153445514944
  }
}