{
  "f1": 0.18181818181818182,
  "roc_auc": 0.6645161290322581,
  "pr_auc": 0.2849206349206349
}