{
  "f1": 0.13333333333333333,
  "roc_auc": 0.609375,
  "pr_auc": 0.3644179894179894
}