{
  "f1": 0.5,
  "roc_auc": 0.8585858585858586,
  "pr_auc": 0.7254901960784313
}