{
  "f1": 0.5714285714285714,
  "roc_auc": 0.7881773399014778,
  "pr_auc": 0.706202480992397
}