{
  "f1": 0.5882352941176471,
  "roc_auc": 0.8325123152709359,
  "pr_auc": 0.6968027210884353
}