{
  "f1": 0.2,
  "roc_auc": 0.7612903225806452,
  "pr_auc": 0.31825396825396823
}