{
  "f1": 0.3333333333333333,
  "roc_auc": 0.6403940886699507,
  "pr_auc": 0.4916056166056166
}