{
  "mean": 0.542061938061938,
  "std": 0.19846646091660733,
  "dist": [
    0.25,
    0.6666666666666666,
    0.4444444444444444,
    0.6666666666666666,
    0.75,
    0.8,
    0.5714285714285714,
    0.5714285714285714,
    0.4,
    0.3333333333333333,
    0.7142857142857143,
    0.25,
    1.0,
    0.2857142857142857,
    0.4,
    0.8,
    0.5714285714285714,
    0.6666666666666666,
    0.3333333333333333,
    0.0,
    0.3636363636363636,
    0.6666666666666666,
    0.6,
    0.6666666666666666,
    0.5,
    0.6666666666666666,
    1.0,
    0.3333333333333333,
    0.4615384615384615,
    0.5714285714285714,
    0.4,
    0.75,
    0.3636363636363636,
    0.6666666666666666,
    0.6,
    0.5714285714285714,
    0.4444444444444444,
    0.5,
    0.3333333333333333,
    0.8,
    0.6666666666666666,
    0.5,
    0.5714285714285714,
    0.4444444444444444,
    0.6666666666666666,
    0.5,
    0.4,
    0.2857142857142857,
    0.8333333333333334,
    0.5
  ]
}