{
  "t_test": {
    "t_stat": 1.2901488136489103,
    "p_value": 0.20305442982633584
  },
  "wilcoxon": {
    "w_stat": 365.0,
    "p_value": 0.2793698317171053
  }
}