{
  "f1": 0.42857142857142855,
  "roc_auc": 0.6473214285714286,
  "pr_auc": 0.47505805681956575
}