{
  "f1": 0.36363636363636365,
  "roc_auc": 0.5172413793103449,
  "pr_auc": 0.3889830757477816
}