{
  "f1": 0.5882352941176471,
  "roc_auc": 0.7410714285714286,
  "pr_auc": 0.5822886604136603
}