{
  "f1": 0.36363636363636365,
  "roc_auc": 0.6611111111111112,
  "pr_auc": 0.44688003220611916
}