{
  "f1": 0.5,
  "roc_auc": 0.7733990147783252,
  "pr_auc": 0.554724111866969
}