{
  "f1": 0.25,
  "roc_auc": 0.606060606060606,
  "pr_auc": 0.24386724386724384
}