{
  "f1": 0.5333333333333333,
  "roc_auc": 0.6600985221674877,
  "pr_auc": 0.5490929705215419
}