{
  "f1": 0.5,
  "roc_auc": 0.6640625,
  "pr_auc": 0.48864942528735633
}