{
  "f1": 0.2222222222222222,
  "roc_auc": 0.5722222222222222,
  "pr_auc": 0.24868538324420678
}