{
  "f1": 0.2,
  "roc_auc": 0.4765625,
  "pr_auc": 0.15321428571428572
}