{
  "f1": 0.5714285714285714,
  "roc_auc": 0.7878787878787878,
  "pr_auc": 0.5990338164251208
}