{
  "f1": 0.18181818181818182,
  "roc_auc": 0.566502463054187,
  "pr_auc": 0.34566544566544566
}