{
  "f1": 0.5,
  "roc_auc": 0.6387096774193548,
  "pr_auc": 0.5404761904761906
}