{
  "f1": 0.3333333333333333,
  "roc_auc": 0.5859375,
  "pr_auc": 0.22708333333333333
}