{
  "f1": 0.5454545454545454,
  "roc_auc": 0.7944444444444445,
  "pr_auc": 0.6507936507936507
}