{
  "f1": 0.5,
  "roc_auc": 0.5703125,
  "pr_auc": 0.3506944444444444
}