{
  "f1": 0.16666666666666666,
  "roc_auc": 0.5178571428571428,
  "pr_auc": 0.353517316017316
}