{
  "f1": 0.5882352941176471,
  "roc_auc": 0.75,
  "pr_auc": 0.6138024475524475
}