{
  "f1": 0.4,
  "roc_auc": 0.6611111111111112,
  "pr_auc": 0.3469271469271469
}