{
  "f1": 0.36363636363636365,
  "roc_auc": 0.6222222222222222,
  "pr_auc": 0.2876260334744908
}