{
  "f1": 0.4444444444444444,
  "roc_auc": 0.8064516129032258,
  "pr_auc": 0.42793650793650795
}