{
  "f1": 0.36363636363636365,
  "roc_auc": 0.6322580645161291,
  "pr_auc": 0.2502883675464321
}