{
  "f1": 0.2,
  "roc_auc": 0.47222222222222227,
  "pr_auc": 0.21215277777777777
}