{
  "f1": 0.4,
  "roc_auc": 0.7555555555555555,
  "pr_auc": 0.4287404617019221
}