{
  "f1": 0.0,
  "roc_auc": 0.2727272727272727,
  "pr_auc": 0.07474747474747476
}