{
  "f1": 0.36363636363636365,
  "roc_auc": 0.7354838709677419,
  "pr_auc": 0.3634615384615385
}