{
  "f1": 0.2222222222222222,
  "roc_auc": 0.6617647058823529,
  "pr_auc": 0.13333333333333333
}