{
  "f1": 0.3333333333333333,
  "roc_auc": 0.4258064516129032,
  "pr_auc": 0.3315269697622639
}