{
  "f1": 0.4444444444444444,
  "roc_auc": 0.6945812807881773,
  "pr_auc": 0.45682997557997557
}