{
  "f1": 0.3333333333333333,
  "roc_auc": 0.5222222222222221,
  "pr_auc": 0.368226331781319
}