{
  "f1": 0.18181818181818182,
  "roc_auc": 0.5078125,
  "pr_auc": 0.34266476308072236
}