{
  "f1": 0.6666666666666666,
  "roc_auc": 0.9741935483870967,
  "pr_auc": 0.885
}