{
  "mean": 0.4703018150812477,
  "std": 0.10590568736488128,
  "dist": [
    0.5294117647058824,
    0.4285714285714285,
    0.5294117647058824,
    0.3448275862068966,
    0.5405405405405406,
    0.4705882352941176,
    0.6060606060606061,
    0.375,
    0.3888888888888889,
    0.5365853658536586,
    0.3684210526315789,
    0.4571428571428571,
    0.6666666666666666,
    0.4137931034482758,
    0.4878048780487805,
    0.5294117647058824,
    0.32,
    0.5555555555555556,
    0.3684210526315789,
    0.5581395348837209,
    0.375,
    0.6222222222222222,
    0.3529411764705882,
    0.5142857142857142,
    0.4666666666666667,
    0.6046511627906976,
    0.4117647058823529,
    0.4878048780487805,
    0.4,
    0.4242424242424242,
    0.5454545454545454,
    0.375,
    0.6428571428571429,
    0.4571428571428571,
    0.3783783783783784,
    0.2941176470588235,
    0.4516129032258064,
    0.5,
    0.6666666666666666,
    0.4444444444444444,
    0.3571428571428571,
    0.5454545454545454,
    0.5263157894736842,
    0.45,
    0.4864864864864865,
    0.5405405405405406,
    0.2424242424242424,
    0.24,
    0.631578947368421,
    0.6046511627906976
  ]
}