{
  "t_test": {
    "t_stat": -2.6783923908097997,
    "p_value": 0.010040596190892875
  },
  "wilcoxon": {
    "w_stat": 369.5,
    "p_value": 0.01564009663075277
  }
}