{
  "f1": 0.35294117647058826,
  "roc_auc": 0.888888888888889,
  "pr_auc": 0.7380952380952381
}