{
  "f1": 0.375,
  "roc_auc": 0.6953125,
  "pr_auc": 0.19455585264408792
}