{
  "f1": 0.6153846153846154,
  "roc_auc": 0.9921875,
  "pr_auc": 0.95
}