{
  "f1": 0.5454545454545454,
  "roc_auc": 0.9453125,
  "pr_auc": 0.7875
}