{
  "f1": 0.25,
  "roc_auc": 0.6640625,
  "pr_auc": 0.18116883116883117
}