{
  "f1": 0.16666666666666666,
  "roc_auc": 0.823529411764706,
  "pr_auc": 0.3269230769230769
}