{
  "f1": 0.18181818181818182,
  "roc_auc": 0.8382352941176471,
  "pr_auc": 0.5769230769230769
}