{
  "f1": 0.25,
  "roc_auc": 0.7734375,
  "pr_auc": 0.4257936507936508
}