{
  "f1": 0.42857142857142855,
  "roc_auc": 0.8129032258064516,
  "pr_auc": 0.31987012987012986
}