{
  "f1": 0.46153846153846156,
  "roc_auc": 0.8046875,
  "pr_auc": 0.27245670995670995
}