{
  "f1": 0.6153846153846154,
  "roc_auc": 0.903225806451613,
  "pr_auc": 0.5
}