{
  "f1": 0.2857142857142857,
  "roc_auc": 0.7676767676767677,
  "pr_auc": 0.20419580419580421
}