{
  "f1": 0.2857142857142857,
  "roc_auc": 0.7373737373737375,
  "pr_auc": 0.17919580419580422
}