{
  "f1": 0.2222222222222222,
  "roc_auc": 0.7777777777777777,
  "pr_auc": 0.22916666666666663
}