{
  "f1": 0.2222222222222222,
  "roc_auc": 0.6323529411764706,
  "pr_auc": 0.11904761904761904
}