{
  "f1": 0.15384615384615385,
  "roc_auc": 0.7205882352941178,
  "pr_auc": 0.13247863247863248
}