{
  "f1": 0.5333333333333333,
  "roc_auc": 0.90625,
  "pr_auc": 0.6846590909090909
}