{
  "f1": 0.23529411764705882,
  "roc_auc": 0.6868686868686869,
  "pr_auc": 0.4305555555555555
}