{
  "f1": 0.2,
  "roc_auc": 0.7058823529411765,
  "pr_auc": 0.12916666666666665
}