{
  "f1": 0.375,
  "roc_auc": 0.767741935483871,
  "pr_auc": 0.44333333333333336
}