{
  "f1": 0.36363636363636365,
  "roc_auc": 0.6375,
  "pr_auc": 0.596749226006192
}