{
  "f1": 0.36363636363636365,
  "roc_auc": 0.6,
  "pr_auc": 0.48545209176788123
}