{
  "f1": 0.7272727272727273,
  "roc_auc": 0.905263157894737,
  "pr_auc": 0.8714285714285714
}