{
  "f1": 0.7272727272727273,
  "roc_auc": 0.9874999999999999,
  "pr_auc": 0.95
}