{
  "f1": 0.18181818181818182,
  "roc_auc": 0.6507936507936508,
  "pr_auc": 0.2435897435897436
}