{
  "f1": 0.2,
  "roc_auc": 0.4666666666666667,
  "pr_auc": 0.38032260137523294
}