{
  "f1": 0.5,
  "roc_auc": 0.696078431372549,
  "pr_auc": 0.7226475279106858
}