{
  "mean": 0.567907203907204,
  "std": 0.20424510696503503,
  "dist": [
    0.25,
    0.8,
    0.6666666666666666,
    0.75,
    0.5,
    0.8888888888888888,
    0.75,
    0.5,
    0.25,
    0.4,
    0.5714285714285714,
    0.5714285714285714,
    0.8571428571428571,
    0.3333333333333333,
    0.5,
    0.8888888888888888,
    0.6666666666666666,
    0.6666666666666666,
    0.4615384615384615,
    0.0,
    0.25,
    0.75,
    0.6666666666666666,
    0.8,
    0.4,
    0.6,
    0.5,
    0.5,
    0.6153846153846154,
    0.5714285714285714,
    0.2857142857142857,
    0.5,
    0.5,
    0.8,
    0.8,
    0.6666666666666666,
    0.3333333333333333,
    0.5714285714285714,
    0.2857142857142857,
    0.8333333333333334,
    0.5714285714285714,
    0.4285714285714285,
    0.8,
    0.5714285714285714,
    0.8,
    0.6666666666666666,
    0.3333333333333333,
    0.2857142857142857,
    0.7692307692307693,
    0.6666666666666666
  ]
}