{
  "t_test": {
    "t_stat": 2.269637561343832,
    "p_value": 0.027665777823606907
  },
  "wilcoxon": {
    "w_stat": 233.0,
    "p_value": 0.028437222165495137
  }
}