{
  "mean": 0.4988080808080808,
  "std": 0.28424453906749475,
  "dist": [
    0.2857142857142857,
    0.0,
    0.8571428571428571,
    0.75,
    0.4,
    0.8,
    0.8571428571428571,
    0.5,
    0.0,
    0.0,
    0.5454545454545454,
    0.6666666666666666,
    0.8,
    0.0,
    0.6666666666666666,
    0.8888888888888888,
    0.0,
    0.6666666666666666,
    0.4444444444444444,
    0.0,
    0.2857142857142857,
    0.5714285714285714,
    0.7272727272727273,
    0.5,
    0.0,
    0.5,
    1.0,
    0.5,
    0.5454545454545454,
    0.4,
    0.4,
    0.6666666666666666,
    0.2857142857142857,
    0.6666666666666666,
    0.6666666666666666,
    0.6666666666666666,
    0.4,
    0.6666666666666666,
    0.0,
    0.75,
    0.4,
    0.2222222222222222,
    1.0,
    0.5714285714285714,
    0.8,
    0.6666666666666666,
    0.5,
    0.2857142857142857,
    0.6666666666666666,
    0.5
  ]
}