{
  "mean": 0.2588524985506409,
  "std": 0.11211282066716204,
  "dist": [
    0.3809523809523809,
    0.1904761904761904,
    0.2666666666666666,
    0.2222222222222222,
    0.2,
    0.2857142857142857,
    0.1428571428571428,
    0.2857142857142857,
    0.2666666666666666,
    0.3157894736842105,
    0.2,
    0.0,
    0.4285714285714285,
    0.25,
    0.3529411764705882,
    0.1333333333333333,
    0.0,
    0.4,
    0.3333333333333333,
    0.3529411764705882,
    0.2666666666666666,
    0.3809523809523809,
    0.3333333333333333,
    0.0,
    0.25,
    0.2352941176470588,
    0.2857142857142857,
    0.4615384615384615,
    0.2352941176470588,
    0.1333333333333333,
    0.2666666666666666,
    0.1333333333333333,
    0.3157894736842105,
    0.2352941176470588,
    0.4,
    0.2222222222222222,
    0.1333333333333333,
    0.3636363636363636,
    0.4285714285714285,
    0.125,
    0.3,
    0.3076923076923077,
    0.2,
    0.3636363636363636,
    0.1666666666666666,
    0.4,
    0.2666666666666666,
    0.1333333333333333,
    0.4,
    0.1904761904761904
  ]
}