{
  "t_test": {
    "t_stat": -5.222082744259081,
    "p_value": 3.5966040654002445e-06
  },
  "wilcoxon": {
    "w_stat": 142.5,
    "p_value": 1.3699487037438086e-05
  }
}