{
  "f1": 0.375,
  "roc_auc": 0.5960591133004927,
  "pr_auc": 0.43997493734335835
}