{
  "f1": 0.0,
  "roc_auc": 0.28125,
  "pr_auc": 0.09303500687201875
}