{
  "f1": 0.25,
  "roc_auc": 0.6868686868686869,
  "pr_auc": 0.24338624338624337
}