{
  "f1": 0.36363636363636365,
  "roc_auc": 0.5277777777777778,
  "pr_auc": 0.35432198973865636
}