{
  "f1": 0.46153846153846156,
  "roc_auc": 0.6403940886699507,
  "pr_auc": 0.447242888236677
}