{
  "f1": 0.4444444444444444,
  "roc_auc": 0.6640625,
  "pr_auc": 0.5708333333333333
}