{
  "f1": 0.3076923076923077,
  "roc_auc": 0.7483870967741936,
  "pr_auc": 0.45639097744360907
}