{
  "f1": 0.2,
  "roc_auc": 0.6969696969696969,
  "pr_auc": 0.21136173767752714
}