{
  "f1": 0.6153846153846154,
  "roc_auc": 0.8333333333333334,
  "pr_auc": 0.6818783068783069
}