{
  "f1": 0.5333333333333333,
  "roc_auc": 0.8444444444444444,
  "pr_auc": 0.657367149758454
}