{
  "f1": 0.5454545454545454,
  "roc_auc": 0.7777777777777777,
  "pr_auc": 0.43005493531809313
}