{
  "f1": 0.7142857142857143,
  "roc_auc": 0.8620689655172414,
  "pr_auc": 0.7976190476190474
}