{
  "f1": 0.18181818181818182,
  "roc_auc": 0.34375,
  "pr_auc": 0.19729064039408867
}