{
  "f1": 0.2,
  "roc_auc": 0.5703125,
  "pr_auc": 0.17159090909090907
}