{
  "f1": 0.18181818181818182,
  "roc_auc": 0.4921875,
  "pr_auc": 0.33964912280701753
}