{
  "f1": 0.2222222222222222,
  "roc_auc": 0.5757575757575757,
  "pr_auc": 0.1585576259489303
}