{
  "f1": 0.2857142857142857,
  "roc_auc": 0.5714285714285714,
  "pr_auc": 0.40555555555555556
}