{
  "f1": 0.0,
  "roc_auc": 0.5428571428571429,
  "pr_auc": 0.058823529411764705
}