{
  "f1": 0.6666666666666666,
  "roc_auc": 0.793103448275862,
  "pr_auc": 0.6992648672372175
}