{
  "f1": 0.42857142857142855,
  "roc_auc": 0.6903225806451613,
  "pr_auc": 0.4915170278637771
}