{
  "f1": 0.47058823529411764,
  "roc_auc": 0.6830357142857142,
  "pr_auc": 0.5982371794871795
}