{
  "f1": 0.36363636363636365,
  "roc_auc": 0.6064516129032258,
  "pr_auc": 0.24596993810786916
}