{
  "f1": 0.2857142857142857,
  "roc_auc": 0.6323529411764706,
  "pr_auc": 0.537037037037037
}