{
  "f1": 0.0,
  "roc_auc": 0.6565656565656566,
  "pr_auc": 0.18393939393939396
}