{
  "f1": 0.16666666666666666,
  "roc_auc": 0.4580645161290322,
  "pr_auc": 0.1729247311827957
}