{
  "f1": 0.625,
  "roc_auc": 0.78125,
  "pr_auc": 0.7102268062397372
}