{
  "f1": 0.5454545454545454,
  "roc_auc": 0.8611111111111112,
  "pr_auc": 0.7136111111111111
}