{
  "f1": 0.0,
  "roc_auc": 0.3131313131313131,
  "pr_auc": 0.08489326765188834
}