{
  "f1": 0.4,
  "roc_auc": 0.6055555555555556,
  "pr_auc": 0.4568402073473067
}