{
  "f1": 0.3076923076923077,
  "roc_auc": 0.5483870967741935,
  "pr_auc": 0.38358422939068104
}