{
  "f1": 0.47058823529411764,
  "roc_auc": 0.8522167487684729,
  "pr_auc": 0.6792207792207792
}