{
  "f1": 0.4444444444444444,
  "roc_auc": 0.5625,
  "pr_auc": 0.3082579185520362
}