{
  "f1": 0.0,
  "roc_auc": 0.3529411764705882,
  "pr_auc": 0.062037037037037036
}