{
  "f1": 0.42424242424242425,
  "roc_auc": 0.759142496847415,
  "pr_auc": 0.5015485144634942
}