{
  "f1": 0.43478260869565216,
  "roc_auc": 0.7125220458553791,
  "pr_auc": 0.5383232862743452
}