{
  "f1": 0.46153846153846156,
  "roc_auc": 0.7459016393442623,
  "pr_auc": 0.36699229974961034
}