{
  "f1": 0.4878048780487805,
  "roc_auc": 0.7337461300309598,
  "pr_auc": 0.565810748008595
}