{
  "f1": 0.5641025641025641,
  "roc_auc": 0.8336713995943206,
  "pr_auc": 0.7176961188289592
}