{
  "f1": 0.3783783783783784,
  "roc_auc": 0.7377049180327869,
  "pr_auc": 0.5208499906464104
}