{
  "f1": 0.5405405405405406,
  "roc_auc": 0.777542372881356,
  "pr_auc": 0.6194959896278764
}