{
  "f1": 0.5454545454545454,
  "roc_auc": 0.7148148148148149,
  "pr_auc": 0.6682235236551723
}