{
  "f1": 0.3333333333333333,
  "roc_auc": 0.6798941798941799,
  "pr_auc": 0.33507325681447603
}