{
  "f1": 0.36363636363636365,
  "roc_auc": 0.6716101694915255,
  "pr_auc": 0.43926644603215653
}