{
  "f1": 0.5365853658536586,
  "roc_auc": 0.8095238095238095,
  "pr_auc": 0.6124717717290129
}