{
  "f1": 0.36363636363636365,
  "roc_auc": 0.5390625,
  "pr_auc": 0.4294334975369458
}