{
  "f1": 0.625,
  "roc_auc": 0.729064039408867,
  "pr_auc": 0.6204643954355936
}