{
  "f1": 0.46153846153846156,
  "roc_auc": 0.7055555555555555,
  "pr_auc": 0.6161089961931476
}