{
  "f1": 0.3333333333333333,
  "roc_auc": 0.43888888888888883,
  "pr_auc": 0.4329180452164323
}