{
  "f1": 0.5,
  "roc_auc": 0.7980295566502463,
  "pr_auc": 0.6117687074829932
}