{
  "f1": 0.0,
  "roc_auc": 0.2571428571428571,
  "pr_auc": 0.037037037037037035
}