{
  "f1": 0.75,
  "roc_auc": 0.8719211822660099,
  "pr_auc": 0.8428571428571427
}