{
  "f1": 0.2222222222222222,
  "roc_auc": 0.7474747474747474,
  "pr_auc": 0.3073593073593074
}