{
  "f1": 0.6153846153846154,
  "roc_auc": 0.8111111111111111,
  "pr_auc": 0.5702380952380952
}