{
  "f1": 0.42857142857142855,
  "roc_auc": 0.6600985221674877,
  "pr_auc": 0.5567560357476324
}