{
  "f1": 0.4,
  "roc_auc": 0.59375,
  "pr_auc": 0.35277088502894954
}