{
  "f1": 0.4,
  "roc_auc": 0.5944444444444444,
  "pr_auc": 0.586405529953917
}