{
  "f1": 0.47058823529411764,
  "roc_auc": 0.6071428571428572,
  "pr_auc": 0.5012400049975012
}