{
  "f1": 0.5714285714285714,
  "roc_auc": 0.7999999999999999,
  "pr_auc": 0.5859617682198328
}