{
  "f1": 0.16666666666666666,
  "roc_auc": 0.4516129032258065,
  "pr_auc": 0.16625452782293718
}