{
  "f1": 0.42857142857142855,
  "roc_auc": 0.6,
  "pr_auc": 0.2932539682539682
}