{
  "f1": 0.5555555555555556,
  "roc_auc": 0.7276785714285714,
  "pr_auc": 0.6800627646702965
}