{
  "f1": 0.42857142857142855,
  "roc_auc": 0.567741935483871,
  "pr_auc": 0.3011111111111111
}