{
  "f1": 0.3157894736842105,
  "roc_auc": 0.5270935960591132,
  "pr_auc": 0.45455035438057506
}