{
  "f1": 0.3076923076923077,
  "roc_auc": 0.7870967741935484,
  "pr_auc": 0.5716833890746935
}