{
  "f1": 0.0,
  "roc_auc": 0.35294117647058826,
  "pr_auc": 0.06274509803921569
}