{
  "f1": 0.3333333333333333,
  "roc_auc": 0.6258064516129033,
  "pr_auc": 0.5030084033613446
}