{
  "f1": 0.18181818181818182,
  "roc_auc": 0.3359375,
  "pr_auc": 0.32062211981566824
}