{
  "f1": 0.2222222222222222,
  "roc_auc": 0.35353535353535354,
  "pr_auc": 0.10714285714285714
}