{
  "f1": 0.2857142857142857,
  "roc_auc": 0.5172413793103448,
  "pr_auc": 0.42996031746031743
}