{
  "f1": 0.18181818181818182,
  "roc_auc": 0.4330357142857143,
  "pr_auc": 0.30608660130718957
}