{
  "f1": 0.6153846153846154,
  "roc_auc": 0.8611111111111112,
  "pr_auc": 0.6107323232323233
}