{
  "f1": 0.18181818181818182,
  "roc_auc": 0.5353535353535352,
  "pr_auc": 0.1521164021164021
}