{
  "mean": 0.4569701277398161,
  "std": 0.11019001244215354,
  "dist": [
    0.35,
    0.4782608695652174,
    0.5,
    0.4444444444444444,
    0.5454545454545454,
    0.4571428571428571,
    0.4186046511627907,
    0.2352941176470588,
    0.5882352941176471,
    0.6,
    0.2222222222222222,
    0.45,
    0.5555555555555556,
    0.4516129032258064,
    0.6046511627906976,
    0.4137931034482758,
    0.4,
    0.5365853658536586,
    0.358974358974359,
    0.5714285714285714,
    0.3225806451612903,
    0.6046511627906976,
    0.4615384615384615,
    0.4848484848484848,
    0.4,
    0.5238095238095238,
    0.4444444444444444,
    0.4242424242424242,
    0.55,
    0.3428571428571428,
    0.56,
    0.4444444444444444,
    0.2941176470588235,
    0.375,
    0.5882352941176471,
    0.3255813953488372,
    0.5294117647058824,
    0.4516129032258064,
    0.7272727272727273,
    0.2352941176470588,
    0.3225806451612903,
    0.5263157894736842,
    0.35,
    0.5714285714285714,
    0.5142857142857142,
    0.4545454545454545,
    0.5294117647058824,
    0.3225806451612903,
    0.5641025641025641,
    0.4210526315789473
  ]
}