{
  "t_test": {
    "t_stat": 0.026748935961257943,
    "p_value": 0.9787686263311761
  },
  "wilcoxon": {
    "w_stat": 593.0,
    "p_value": 0.8461976142515027
  }
}