{
  "f1": 0.6666666666666666,
  "roc_auc": 0.9437939110070257,
  "pr_auc": 0.8423331423639304
}