{
  "f1": 0.5116279069767442,
  "roc_auc": 0.696594427244582,
  "pr_auc": 0.5854492794385514
}