{
  "f1": 0.3684210526315789,
  "roc_auc": 0.6896186440677966,
  "pr_auc": 0.3860876834817119
}