{
  "f1": 0.6511627906976745,
  "roc_auc": 0.8041329739442947,
  "pr_auc": 0.6351492685413505
}