{
  "f1": 0.5,
  "roc_auc": 0.7801857585139319,
  "pr_auc": 0.5794258828294812
}