{
  "f1": 0.5263157894736842,
  "roc_auc": 0.7647058823529411,
  "pr_auc": 0.5138988438913192
}