{
  "f1": 0.5405405405405406,
  "roc_auc": 0.7654476670870114,
  "pr_auc": 0.4904878004125496
}