{
  "f1": 0.48484848484848486,
  "roc_auc": 0.6607142857142858,
  "pr_auc": 0.4044265963074193
}