{
  "f1": 0.29411764705882354,
  "roc_auc": 0.5864406779661017,
  "pr_auc": 0.4089286098067015
}