{
  "f1": 0.5405405405405406,
  "roc_auc": 0.7658898305084746,
  "pr_auc": 0.5250479905943592
}