{
  "f1": 0.5945945945945946,
  "roc_auc": 0.8535980148883375,
  "pr_auc": 0.6404276231138266
}