{
  "f1": 0.4878048780487805,
  "roc_auc": 0.7585139318885449,
  "pr_auc": 0.5537331782486653
}