{
  "f1": 0.5789473684210527,
  "roc_auc": 0.75311004784689,
  "pr_auc": 0.5737848743667042
}