{
  "f1": 0.5294117647058824,
  "roc_auc": 0.8125,
  "pr_auc": 0.62373409048084
}