{
  "f1": 0.5,
  "roc_auc": 0.7688888888888888,
  "pr_auc": 0.5473489642826027
}