{
  "f1": 0.6285714285714286,
  "roc_auc": 0.8077777777777778,
  "pr_auc": 0.592967989430037
}