{
  "f1": 0.45714285714285713,
  "roc_auc": 0.7074401008827238,
  "pr_auc": 0.45698003602848963
}