{
  "f1": 0.5714285714285714,
  "roc_auc": 0.7566137566137566,
  "pr_auc": 0.5549479360080082
}