{
  "f1": 0.375,
  "roc_auc": 0.6785714285714286,
  "pr_auc": 0.33355796804809146
}