{
  "f1": 0.5454545454545454,
  "roc_auc": 0.7547169811320755,
  "pr_auc": 0.5596289602506648
}