{
  "f1": 0.4375,
  "roc_auc": 0.6861042183622829,
  "pr_auc": 0.3874981252117051
}