{
  "f1": 0.5581395348837209,
  "roc_auc": 0.8542372881355933,
  "pr_auc": 0.6909564324900078
}