{
  "f1": 0.55,
  "roc_auc": 0.7866666666666666,
  "pr_auc": 0.5739134570866806
}