{
  "f1": 0.47368421052631576,
  "roc_auc": 0.7611241217798594,
  "pr_auc": 0.4187526853460052
}