{
  "f1": 0.5789473684210527,
  "roc_auc": 0.7778904665314401,
  "pr_auc": 0.6570493566061049
}