{
  "f1": 0.4117647058823529,
  "roc_auc": 0.7213114754098361,
  "pr_auc": 0.47931032159066955
}