{
  "f1": 0.4864864864864865,
  "roc_auc": 0.7158808933002481,
  "pr_auc": 0.4355889338137331
}