{
  "f1": 0.5238095238095238,
  "roc_auc": 0.7549603174603174,
  "pr_auc": 0.560693084042855
}