{
  "f1": 0.7567567567567568,
  "roc_auc": 0.8373015873015873,
  "pr_auc": 0.7596081354033923
}