{
  "f1": 0.3448275862068966,
  "roc_auc": 0.7484375,
  "pr_auc": 0.5011619656369594
}