{
  "f1": 0.5161290322580645,
  "roc_auc": 0.6612576064908723,
  "pr_auc": 0.4588764333541421
}