{
  "f1": 0.5,
  "roc_auc": 0.699294532627866,
  "pr_auc": 0.4957855544275694
}