{
  "f1": 0.55,
  "roc_auc": 0.7447033898305084,
  "pr_auc": 0.4496025425187067
}