{
  "f1": 0.5161290322580645,
  "roc_auc": 0.7401129943502824,
  "pr_auc": 0.46121634538301204
}