{
  "f1": 0.36363636363636365,
  "roc_auc": 0.6398305084745762,
  "pr_auc": 0.4221661556434232
}