{
  "f1": 0.42105263157894735,
  "roc_auc": 0.6983050847457627,
  "pr_auc": 0.49874338610606617
}