{
  "f1": 0.3870967741935484,
  "roc_auc": 0.7076923076923076,
  "pr_auc": 0.31689220651931155
}