{
  "f1": 0.4117647058823529,
  "roc_auc": 0.6799007444168734,
  "pr_auc": 0.3874175040316276
}