{
  "f1": 0.375,
  "roc_auc": 0.692857142857143,
  "pr_auc": 0.38878899087545704
}