{
  "f1": 0.47619047619047616,
  "roc_auc": 0.763771186440678,
  "pr_auc": 0.5370203450621183
}