{
  "f1": 0.25,
  "roc_auc": 0.5784615384615385,
  "pr_auc": 0.2472182181490692
}