{
  "f1": 0.47368421052631576,
  "roc_auc": 0.6976076555023925,
  "pr_auc": 0.5362807382783622
}