{
  "f1": 0.6521739130434783,
  "roc_auc": 0.8571428571428571,
  "pr_auc": 0.734093224632185
}