{
  "f1": 0.32432432432432434,
  "roc_auc": 0.6178660049627792,
  "pr_auc": 0.31524409808138937
}