{
  "f1": 0.5581395348837209,
  "roc_auc": 0.7699805068226121,
  "pr_auc": 0.49699188020495627
}