{
  "f1": 0.6818181818181818,
  "roc_auc": 0.8121693121693122,
  "pr_auc": 0.7391629667399429
}