{
  "f1": 0.47368421052631576,
  "roc_auc": 0.6547619047619048,
  "pr_auc": 0.45526574418160115
}