{
  "f1": 0.36363636363636365,
  "roc_auc": 0.6911111111111111,
  "pr_auc": 0.45158905581174313
}