{
  "t_test": {
    "t_stat": -3.841866774760101,
    "p_value": 0.00035149922920515585
  },
  "wilcoxon": {
    "w_stat": 23.0,
    "p_value": 0.00046783254192321366
  }
}