{
  "f1": 0.4864864864864865,
  "roc_auc": 0.6858757062146893,
  "pr_auc": 0.49852133987115027
}