{
  "f1": 0.4,
  "roc_auc": 0.6836228287841191,
  "pr_auc": 0.373480630739529
}