{
  "f1": 0.5555555555555556,
  "roc_auc": 0.711864406779661,
  "pr_auc": 0.41361967621153234
}