{
  "f1": 0.4444444444444444,
  "roc_auc": 0.6261904761904762,
  "pr_auc": 0.3803890415830714
}