{
  "f1": 0.375,
  "roc_auc": 0.6799999999999999,
  "pr_auc": 0.41940234277606503
}