{
  "f1": 0.46153846153846156,
  "roc_auc": 0.7099391480730224,
  "pr_auc": 0.5994982146935582
}