{
  "f1": 0.4888888888888889,
  "roc_auc": 0.746031746031746,
  "pr_auc": 0.5524418119733258
}