{
  "f1": 0.5405405405405406,
  "roc_auc": 0.8664772727272727,
  "pr_auc": 0.6532747696060389
}