{
  "f1": 0.5142857142857142,
  "roc_auc": 0.7037470725995316,
  "pr_auc": 0.5108726621036092
}