{
  "f1": 0.47619047619047616,
  "roc_auc": 0.6527777777777778,
  "pr_auc": 0.5447096821083303
}