{
  "f1": 0.3684210526315789,
  "roc_auc": 0.7187894073139975,
  "pr_auc": 0.49783725155544756
}