{
  "f1": 0.7,
  "roc_auc": 0.8482142857142857,
  "pr_auc": 0.800016332340302
}