{
  "f1": 0.5,
  "roc_auc": 0.7754342431761786,
  "pr_auc": 0.5810645967379713
}