{
  "f1": 0.5294117647058824,
  "roc_auc": 0.8144444444444444,
  "pr_auc": 0.5510424682827474
}