{
  "f1": 0.6046511627906976,
  "roc_auc": 0.845679012345679,
  "pr_auc": 0.7935226721806068
}