{
  "f1": 0.5,
  "roc_auc": 0.8671875,
  "pr_auc": 0.6250278444959296
}