{
  "f1": 0.5405405405405406,
  "roc_auc": 0.765807962529274,
  "pr_auc": 0.46638887490394854
}