{
  "f1": 0.5581395348837209,
  "roc_auc": 0.740079365079365,
  "pr_auc": 0.6188880542707517
}