{
  "f1": 0.6341463414634146,
  "roc_auc": 0.8368606701940035,
  "pr_auc": 0.7857295194154077
}