{
  "f1": 0.5882352941176471,
  "roc_auc": 0.8548387096774194,
  "pr_auc": 0.6716387278417109
}