{
  "f1": 0.42424242424242425,
  "roc_auc": 0.6774193548387097,
  "pr_auc": 0.45508739733514136
}