{
  "f1": 0.5217391304347826,
  "roc_auc": 0.7457322551662174,
  "pr_auc": 0.5964420099933219
}