{
  "f1": 0.631578947368421,
  "roc_auc": 0.7966101694915254,
  "pr_auc": 0.5509823342380131
}