{
  "f1": 0.43243243243243246,
  "roc_auc": 0.7222222222222222,
  "pr_auc": 0.5556063512566191
}