{
  "f1": 0.47368421052631576,
  "roc_auc": 0.7406698564593301,
  "pr_auc": 0.6320291315287114
}