{
  "f1": 0.5128205128205128,
  "roc_auc": 0.7954802259887006,
  "pr_auc": 0.5486812329765852
}