{
  "f1": 0.375,
  "roc_auc": 0.7095238095238094,
  "pr_auc": 0.4260766635202725
}