{
  "f1": 0.5238095238095238,
  "roc_auc": 0.8118908382066277,
  "pr_auc": 0.5540975157085285
}