{
  "f1": 0.4864864864864865,
  "roc_auc": 0.7888888888888889,
  "pr_auc": 0.681258060547275
}