{
  "f1": 0.4864864864864865,
  "roc_auc": 0.7367231638418079,
  "pr_auc": 0.4625117401631801
}