{
  "f1": 0.43243243243243246,
  "roc_auc": 0.7192796610169491,
  "pr_auc": 0.5578718381665202
}