{
  "f1": 0.7428571428571429,
  "roc_auc": 0.9215456674473068,
  "pr_auc": 0.809795433324845
}