{
  "f1": 0.6,
  "roc_auc": 0.8286893704850361,
  "pr_auc": 0.6668570079257925
}