{
  "f1": 0.3684210526315789,
  "roc_auc": 0.5720338983050848,
  "pr_auc": 0.3483560880167226
}