{
  "f1": 0.5294117647058824,
  "roc_auc": 0.7654476670870114,
  "pr_auc": 0.5884840214672147
}