{
  "f1": 0.6666666666666666,
  "roc_auc": 0.8666666666666667,
  "pr_auc": 0.7876383645245537
}