{
  "f1": 0.2962962962962963,
  "roc_auc": 0.6507692307692308,
  "pr_auc": 0.37048593596749335
}