{
  "f1": 0.5217391304347826,
  "roc_auc": 0.762641898864809,
  "pr_auc": 0.6538527765818533
}