{
  "f1": 0.42105263157894735,
  "roc_auc": 0.700811359026369,
  "pr_auc": 0.5541570545021931
}