{
  "f1": 0.5142857142857142,
  "roc_auc": 0.7617866004962779,
  "pr_auc": 0.547593783128987
}