{
  "f1": 0.5957446808510638,
  "roc_auc": 0.821203953279425,
  "pr_auc": 0.6535462866105175
}