{
  "f1": 0.4090909090909091,
  "roc_auc": 0.6649029982363315,
  "pr_auc": 0.5392090165314001
}