{
  "f1": 0.4444444444444444,
  "roc_auc": 0.6825396825396826,
  "pr_auc": 0.4347043676798212
}