{
  "f1": 0.5365853658536586,
  "roc_auc": 0.715042372881356,
  "pr_auc": 0.5548007598808513
}