{
  "f1": 0.5,
  "roc_auc": 0.7048681541582149,
  "pr_auc": 0.5600305640928231
}