{
  "f1": 0.5853658536585366,
  "roc_auc": 0.7559808612440191,
  "pr_auc": 0.5751593636334091
}