{
  "f1": 0.6,
  "roc_auc": 0.7905056759545922,
  "pr_auc": 0.6715169969913373
}