{
  "f1": 0.27586206896551724,
  "roc_auc": 0.5815384615384616,
  "pr_auc": 0.3680266868297244
}