{
  "mean": 0.3480160524030493,
  "std": 0.1880687325526652,
  "dist": [
    0.0,
    0.4615384615384615,
    0.4615384615384615,
    0.5,
    0.375,
    0.3333333333333333,
    0.3333333333333333,
    0.1666666666666666,
    0.4705882352941176,
    0.5714285714285714,
    0.5,
    0.4,
    0.4705882352941176,
    0.3076923076923077,
    0.1666666666666666,
    0.2222222222222222,
    0.5,
    0.0,
    0.4444444444444444,
    0.4615384615384615,
    0.3333333333333333,
    0.5882352941176471,
    0.3076923076923077,
    0.0,
    0.4,
    0.1666666666666666,
    0.4285714285714285,
    0.7142857142857143,
    0.3076923076923077,
    0.0,
    0.1538461538461538,
    0.4210526315789473,
    0.4444444444444444,
    0.6153846153846154,
    0.0,
    0.5714285714285714,
    0.375,
    0.1538461538461538,
    0.2222222222222222,
    0.5,
    0.3529411764705882,
    0.5,
    0.3076923076923077,
    0.2222222222222222,
    0.4615384615384615,
    0.0,
    0.4615384615384615,
    0.3636363636363636,
    0.1666666666666666,
    0.7142857142857143
  ]
}