{
  "t_test": {
    "t_stat": 7.32136578614133,
    "p_value": 2.1114573660561436e-09
  },
  "wilcoxon": {
    "w_stat": 7.0,
    "p_value": 9.040485744979771e-08
  }
}