{
  "f1": 0.5217391304347826,
  "roc_auc": 0.787524366471735,
  "pr_auc": 0.6070604750169889
}