{
  "f1": 0.3888888888888889,
  "roc_auc": 0.7320099255583127,
  "pr_auc": 0.4450048115831363
}