{
  "f1": 0.43243243243243246,
  "roc_auc": 0.7085769980506823,
  "pr_auc": 0.47261265736282343
}