{
  "f1": 0.5238095238095238,
  "roc_auc": 0.78328173374613,
  "pr_auc": 0.6481162579585068
}