{
  "f1": 0.5909090909090909,
  "roc_auc": 0.7825696316262354,
  "pr_auc": 0.6711465112068036
}