{
  "f1": 0.5555555555555556,
  "roc_auc": 0.8211111111111111,
  "pr_auc": 0.6167263925158661
}