{
  "f1": 0.34285714285714286,
  "roc_auc": 0.6571428571428573,
  "pr_auc": 0.5066830812736113
}