{
  "f1": 0.4,
  "roc_auc": 0.7351828499369483,
  "pr_auc": 0.5151257853126827
}