{
  "f1": 0.6153846153846154,
  "roc_auc": 0.8392857142857143,
  "pr_auc": 0.7561089918762058
}