{
  "f1": 0.5641025641025641,
  "roc_auc": 0.7611111111111112,
  "pr_auc": 0.5397502903600464
}