{
  "f1": 0.5454545454545454,
  "roc_auc": 0.8480113636363638,
  "pr_auc": 0.6996583161654932
}