{
  "f1": 0.4,
  "roc_auc": 0.8421875,
  "pr_auc": 0.6053276723276723
}