{
  "f1": 0.43243243243243246,
  "roc_auc": 0.7261904761904762,
  "pr_auc": 0.4836921511747474
}