{
  "f1": 0.45714285714285713,
  "roc_auc": 0.7310734463276837,
  "pr_auc": 0.5226851070123469
}