{
  "f1": 0.6486486486486487,
  "roc_auc": 0.849329205366357,
  "pr_auc": 0.709008026743542
}