{
  "f1": 0.41025641025641024,
  "roc_auc": 0.7580645161290323,
  "pr_auc": 0.4479456934288867
}