{
  "f1": 0.3902439024390244,
  "roc_auc": 0.688135593220339,
  "pr_auc": 0.4444758648694506
}