{
  "mean": 0.2735880785880786,
  "std": 0.18968324742604337,
  "dist": [
    0.0,
    0.2,
    0.3636363636363636,
    0.5,
    0.4,
    0.1818181818181818,
    0.2222222222222222,
    0.25,
    0.4615384615384615,
    0.3333333333333333,
    0.3333333333333333,
    0.4,
    0.5,
    0.2222222222222222,
    0.0,
    0.2222222222222222,
    0.5333333333333333,
    0.0,
    0.0,
    0.4,
    0.2222222222222222,
    0.3333333333333333,
    0.3076923076923077,
    0.0,
    0.5714285714285714,
    0.2222222222222222,
    0.2222222222222222,
    0.5333333333333333,
    0.1818181818181818,
    0.0,
    0.1666666666666666,
    0.5333333333333333,
    0.2857142857142857,
    0.25,
    0.0,
    0.5454545454545454,
    0.3333333333333333,
    0.1666666666666666,
    0.0,
    0.5,
    0.0,
    0.6666666666666666,
    0.4,
    0.0,
    0.4,
    0.0,
    0.3636363636363636,
    0.25,
    0.2,
    0.5
  ]
}