{
  "t_test": {
    "t_stat": -5.640434090129863,
    "p_value": 8.338650672503807e-07
  },
  "wilcoxon": {
    "w_stat": 102.0,
    "p_value": 7.459620073060044e-06
  }
}