{
  "f1": 0.0,
  "roc_auc": 0.42647058823529416,
  "pr_auc": 0.07771260997067449
}