{
  "f1": 0.42857142857142855,
  "roc_auc": 0.7586206896551723,
  "pr_auc": 0.3825736961451247
}