{
  "f1": 0.5,
  "roc_auc": 0.7589285714285714,
  "pr_auc": 0.5027764208830385
}