{
  "f1": 0.5454545454545454,
  "roc_auc": 0.8125,
  "pr_auc": 0.32936507936507936
}