{
  "f1": 0.8333333333333334,
  "roc_auc": 0.8944444444444445,
  "pr_auc": 0.8733333333333333
}