{
  "f1": 0.6153846153846154,
  "roc_auc": 0.7536945812807881,
  "pr_auc": 0.6818181818181819
}