{
  "f1": 0.47058823529411764,
  "roc_auc": 0.7008928571428572,
  "pr_auc": 0.39465977862716994
}