{
  "f1": 0.4444444444444444,
  "roc_auc": 0.8055555555555556,
  "pr_auc": 0.7146903820816863
}