{
  "f1": 0.7058823529411765,
  "roc_auc": 0.8472906403940886,
  "pr_auc": 0.47354994629430713
}