{
  "f1": 0.4,
  "roc_auc": 0.7083333333333334,
  "pr_auc": 0.5498636779886781
}