{
  "f1": 0.0,
  "roc_auc": 0.6363636363636364,
  "pr_auc": 0.13728766360345307
}