{
  "t_test": {
    "t_stat": -4.479161973488002,
    "p_value": 4.493012688370458e-05
  },
  "wilcoxon": {
    "w_stat": 188.5,
    "p_value": 0.00034751257261508227
  }
}