{
  "mean": 0.552086802086802,
  "std": 0.21700850774914998,
  "dist": [
    0.2222222222222222,
    1.0,
    0.6666666666666666,
    0.6666666666666666,
    0.5,
    0.8888888888888888,
    0.8571428571428571,
    0.5,
    0.25,
    0.2857142857142857,
    0.5714285714285714,
    0.5714285714285714,
    1.0,
    0.2857142857142857,
    0.4,
    0.8,
    0.5714285714285714,
    0.5,
    0.5454545454545454,
    0.0,
    0.25,
    0.6666666666666666,
    0.7272727272727273,
    0.6666666666666666,
    0.4,
    0.6,
    0.6666666666666666,
    0.4,
    0.6153846153846154,
    0.5,
    0.4,
    0.4444444444444444,
    0.4444444444444444,
    0.6666666666666666,
    0.8,
    0.5714285714285714,
    0.2857142857142857,
    0.5,
    0.3333333333333333,
    0.9090909090909092,
    0.6666666666666666,
    0.4615384615384615,
    0.5714285714285714,
    0.5,
    0.8,
    0.5714285714285714,
    0.4,
    0.2222222222222222,
    0.9090909090909092,
    0.5714285714285714
  ]
}