{
  "t_test": {
    "t_stat": 1.9804526904266406,
    "p_value": 0.053281576116838224
  },
  "wilcoxon": {
    "w_stat": 362.5,
    "p_value": 0.08012268342667192
  }
}