{
  "mean": 0.16978110778110778,
  "std": 0.17902560429719416,
  "dist": [
    0.3333333333333333,
    0.0,
    0.0,
    0.25,
    0.2,
    0.0,
    0.4444444444444444,
    0.2222222222222222,
    0.2,
    0.0,
    0.0,
    0.0,
    0.25,
    0.6,
    0.0,
    0.3333333333333333,
    0.4444444444444444,
    0.0,
    0.0,
    0.1538461538461538,
    0.3636363636363636,
    0.1666666666666666,
    0.4,
    0.0,
    0.0,
    0.3333333333333333,
    0.0,
    0.2,
    0.1666666666666666,
    0.2,
    0.3636363636363636,
    0.4,
    0.0,
    0.0,
    0.0,
    0.0,
    0.3333333333333333,
    0.25,
    0.0,
    0.4,
    0.0,
    0.25,
    0.5,
    0.0,
    0.0,
    0.2857142857142857,
    0.0,
    0.4444444444444444,
    0.0,
    0.0
  ]
}