{
  "t_test": {
    "t_stat": -6.39751972598121,
    "p_value": 5.6915868921469993e-08
  },
  "wilcoxon": {
    "w_stat": 115.5,
    "p_value": 1.2519251659254055e-06
  }
}