{
  "f1": 0.5652173913043478,
  "roc_auc": 0.7397129186602871,
  "pr_auc": 0.4734283822490146
}