{
  "f1": 0.47058823529411764,
  "roc_auc": 0.7804232804232804,
  "pr_auc": 0.4584732293479758
}