{
  "f1": 0.4666666666666667,
  "roc_auc": 0.6970338983050848,
  "pr_auc": 0.5438452248371713
}