{
  "f1": 0.3225806451612903,
  "roc_auc": 0.7281249999999999,
  "pr_auc": 0.26602008177008174
}