{
  "f1": 0.65,
  "roc_auc": 0.8825431034482759,
  "pr_auc": 0.728743524653451
}