{
  "f1": 0.38461538461538464,
  "roc_auc": 0.6246153846153846,
  "pr_auc": 0.2690646842938203
}