{
  "f1": 0.48484848484848486,
  "roc_auc": 0.7444168734491314,
  "pr_auc": 0.47404285215769504
}