{
  "f1": 0.25806451612903225,
  "roc_auc": 0.5681818181818181,
  "pr_auc": 0.20649152689961975
}