{
  "f1": 0.3448275862068966,
  "roc_auc": 0.663771712158809,
  "pr_auc": 0.32787951158530515
}