{
  "f1": 0.6060606060606061,
  "roc_auc": 0.8598870056497174,
  "pr_auc": 0.7103146318090149
}