{
  "f1": 0.6122448979591837,
  "roc_auc": 0.771604938271605,
  "pr_auc": 0.6322005537278095
}