{
  "f1": 0.55,
  "roc_auc": 0.7559523809523809,
  "pr_auc": 0.6065980633719815
}