{
  "f1": 0.42424242424242425,
  "roc_auc": 0.6079404466501241,
  "pr_auc": 0.3978421364874021
}