{
  "f1": 0.5789473684210527,
  "roc_auc": 0.8211111111111111,
  "pr_auc": 0.5735955087031028
}