{
  "f1": 0.5641025641025641,
  "roc_auc": 0.8259887005649718,
  "pr_auc": 0.5134045651891961
}