{
  "f1": 0.4864864864864865,
  "roc_auc": 0.6561866125760649,
  "pr_auc": 0.44815525146774016
}