{
  "f1": 0.5882352941176471,
  "roc_auc": 0.7311507936507937,
  "pr_auc": 0.5675946485299739
}