{
  "f1": 0.4375,
  "roc_auc": 0.7630597014925373,
  "pr_auc": 0.4242326711386309
}