{
  "f1": 0.5531914893617021,
  "roc_auc": 0.7722488038277512,
  "pr_auc": 0.6506080033306554
}