{
  "f1": 0.375,
  "roc_auc": 0.6522222222222223,
  "pr_auc": 0.48476168888511095
}