{
  "f1": 0.5789473684210527,
  "roc_auc": 0.7738791423001949,
  "pr_auc": 0.5665778449146616
}