{
  "f1": 0.4827586206896552,
  "roc_auc": 0.8787878787878787,
  "pr_auc": 0.6248817913730194
}