{
  "f1": 0.6046511627906976,
  "roc_auc": 0.8890086206896552,
  "pr_auc": 0.6941560797756292
}