{
  "f1": 0.6666666666666666,
  "roc_auc": 0.8469785575048733,
  "pr_auc": 0.7895722139542889
}