{
  "f1": 0.45714285714285713,
  "roc_auc": 0.7864357864357864,
  "pr_auc": 0.475411558470769
}