{
  "f1": 0.5294117647058824,
  "roc_auc": 0.8306878306878307,
  "pr_auc": 0.5152315838990608
}