{
  "f1": 0.43243243243243246,
  "roc_auc": 0.6722222222222223,
  "pr_auc": 0.4329555317344165
}