{
  "f1": 0.5,
  "roc_auc": 0.7841191066997519,
  "pr_auc": 0.579288693429852
}