{
  "f1": 0.5555555555555556,
  "roc_auc": 0.8196721311475409,
  "pr_auc": 0.6162204337116758
}