{
  "f1": 0.3225806451612903,
  "roc_auc": 0.6292613636363636,
  "pr_auc": 0.3086181480621342
}