{
  "f1": 0.4117647058823529,
  "roc_auc": 0.7446327683615819,
  "pr_auc": 0.41442184795722736
}