{
  "f1": 0.6,
  "roc_auc": 0.8259887005649718,
  "pr_auc": 0.649911471781037
}