{
  "f1": 0.38461538461538464,
  "roc_auc": 0.6789772727272727,
  "pr_auc": 0.43101966838513184
}