{
  "f1": 0.5,
  "roc_auc": 0.8390625,
  "pr_auc": 0.6832586763518966
}