{
  "f1": 0.5853658536585366,
  "roc_auc": 0.7697368421052632,
  "pr_auc": 0.6123132989306292
}