{
  "f1": 0.42857142857142855,
  "roc_auc": 0.6935483870967742,
  "pr_auc": 0.3812742487926122
}