{
  "f1": 0.6111111111111112,
  "roc_auc": 0.8675914249684741,
  "pr_auc": 0.6443343886114553
}