{
  "f1": 0.4444444444444444,
  "roc_auc": 0.6791569086651054,
  "pr_auc": 0.4400652703486555
}