{
  "f1": 0.45,
  "roc_auc": 0.6880952380952381,
  "pr_auc": 0.3852179980874525
}