{
  "f1": 0.4827586206896552,
  "roc_auc": 0.8803418803418804,
  "pr_auc": 0.5400978407557355
}