{
  "f1": 0.5641025641025641,
  "roc_auc": 0.7105263157894737,
  "pr_auc": 0.45269531952209374
}