{
  "f1": 0.5238095238095238,
  "roc_auc": 0.739406779661017,
  "pr_auc": 0.53419242752238
}