{
  "f1": 0.30303030303030304,
  "roc_auc": 0.6203703703703705,
  "pr_auc": 0.27533794207181306
}