{
  "f1": 0.46153846153846156,
  "roc_auc": 0.6893704850361196,
  "pr_auc": 0.4898450358687494
}