{
  "f1": 0.48484848484848486,
  "roc_auc": 0.667447306791569,
  "pr_auc": 0.5886077650813325
}