{
  "f1": 0.4444444444444444,
  "roc_auc": 0.7878411910669975,
  "pr_auc": 0.4542508061738831
}