{
  "f1": 0.5,
  "roc_auc": 0.7528373266078183,
  "pr_auc": 0.4971401795505689
}