{
  "f1": 0.6956521739130435,
  "roc_auc": 0.8822966507177034,
  "pr_auc": 0.6406870118179204
}