{
  "f1": 0.6060606060606061,
  "roc_auc": 0.8957816377171217,
  "pr_auc": 0.6147284020105486
}