{
  "f1": 0.47368421052631576,
  "roc_auc": 0.8002645502645502,
  "pr_auc": 0.4785699967125798
}