{
  "f1": 0.42105263157894735,
  "roc_auc": 0.7004784688995216,
  "pr_auc": 0.520513056104467
}