{
  "f1": 0.6046511627906976,
  "roc_auc": 0.8218694885361553,
  "pr_auc": 0.6795093449020184
}