{
  "f1": 0.45714285714285713,
  "roc_auc": 0.7377049180327868,
  "pr_auc": 0.4819826192700687
}