{
  "f1": 0.5789473684210527,
  "roc_auc": 0.8088888888888889,
  "pr_auc": 0.6160942541278994
}