{
  "f1": 0.4864864864864865,
  "roc_auc": 0.7576112412177987,
  "pr_auc": 0.5133284914125376
}