{
  "f1": 0.5789473684210527,
  "roc_auc": 0.8008255933952528,
  "pr_auc": 0.6956881127132291
}