{
  "f1": 0.4375,
  "roc_auc": 0.7611111111111111,
  "pr_auc": 0.5125280045503823
}