{
  "f1": 0.47058823529411764,
  "roc_auc": 0.6797619047619047,
  "pr_auc": 0.4978499196763295
}