{
  "f1": 0.4878048780487805,
  "roc_auc": 0.6597222222222222,
  "pr_auc": 0.41363181330349275
}