{
  "f1": 0.4,
  "roc_auc": 0.6546875,
  "pr_auc": 0.41240610438752845
}