{
  "f1": 0.5333333333333333,
  "roc_auc": 0.8210227272727273,
  "pr_auc": 0.6291273120818576
}