{
  "f1": 0.5294117647058824,
  "roc_auc": 0.7722222222222223,
  "pr_auc": 0.5164667976044796
}