{
  "f1": 0.4878048780487805,
  "roc_auc": 0.7877777777777778,
  "pr_auc": 0.6224201622280836
}