{
  "f1": 0.6666666666666666,
  "roc_auc": 0.8465608465608466,
  "pr_auc": 0.7414046900030349
}