{
  "f1": 0.37037037037037035,
  "roc_auc": 0.7446153846153846,
  "pr_auc": 0.3875856228007534
}