{
  "f1": 0.4864864864864865,
  "roc_auc": 0.7404661016949152,
  "pr_auc": 0.51039778455443
}