{
  "f1": 0.358974358974359,
  "roc_auc": 0.6910669975186103,
  "pr_auc": 0.32774270190991783
}