{
  "f1": 0.46153846153846156,
  "roc_auc": 0.7190669371196754,
  "pr_auc": 0.5270445052953867
}