{
  "f1": 0.5365853658536586,
  "roc_auc": 0.8008474576271187,
  "pr_auc": 0.6584186409011363
}