{
  "f1": 0.4864864864864865,
  "roc_auc": 0.7447306791569086,
  "pr_auc": 0.36668857559529044
}