{
  "f1": 0.5641025641025641,
  "roc_auc": 0.7648305084745763,
  "pr_auc": 0.5131573962046014
}