{
  "f1": 0.7,
  "roc_auc": 0.8212039532794249,
  "pr_auc": 0.7650532831247663
}