{
  "f1": 0.7027027027027027,
  "roc_auc": 0.8422619047619048,
  "pr_auc": 0.7802298524916329
}