{
  "f1": 0.5581395348837209,
  "roc_auc": 0.7875243664717348,
  "pr_auc": 0.5894778613199666
}