{
  "f1": 0.6666666666666666,
  "roc_auc": 0.9107344632768362,
  "pr_auc": 0.7352428078743868
}