{
  "f1": 0.5365853658536586,
  "roc_auc": 0.7440660474716203,
  "pr_auc": 0.5285581796230333
}