{
  "f1": 0.45714285714285713,
  "roc_auc": 0.7307692307692308,
  "pr_auc": 0.42747893392396674
}