{
  "f1": 0.3333333333333333,
  "roc_auc": 0.652542372881356,
  "pr_auc": 0.4059949206759847
}