{
  "f1": 0.45161290322580644,
  "roc_auc": 0.7220843672456575,
  "pr_auc": 0.48223147326490795
}