{
  "f1": 0.5909090909090909,
  "roc_auc": 0.7798742138364779,
  "pr_auc": 0.6128425300301992
}