{
  "f1": 0.5945945945945946,
  "roc_auc": 0.7494929006085194,
  "pr_auc": 0.5866060398532508
}