{
  "f1": 0.34782608695652173,
  "roc_auc": 0.6538461538461539,
  "pr_auc": 0.26684261380720864
}