{
  "f1": 0.5294117647058824,
  "roc_auc": 0.7210953346855984,
  "pr_auc": 0.5969460317795614
}