{
  "f1": 0.3902439024390244,
  "roc_auc": 0.7222222222222222,
  "pr_auc": 0.5076328923841551
}