{
  "f1": 0.6206896551724138,
  "roc_auc": 0.7819209039548023,
  "pr_auc": 0.6492096285776545
}