{
  "f1": 0.4,
  "roc_auc": 0.6271186440677966,
  "pr_auc": 0.3661170327974118
}