{
  "f1": 0.5294117647058824,
  "roc_auc": 0.7299435028248588,
  "pr_auc": 0.5235802406101345
}