{
  "f1": 0.5581395348837209,
  "roc_auc": 0.7760577915376676,
  "pr_auc": 0.6499444430268734
}