{
  "f1": 0.45714285714285713,
  "roc_auc": 0.6920077972709552,
  "pr_auc": 0.4968992020316012
}