{
  "f1": 0.5714285714285714,
  "roc_auc": 0.8399503722084368,
  "pr_auc": 0.6478616121150058
}