{
  "f1": 0.4864864864864865,
  "roc_auc": 0.7142857142857143,
  "pr_auc": 0.5121175624894574
}