{
  "f1": 0.4666666666666667,
  "roc_auc": 0.7182539682539681,
  "pr_auc": 0.36410897416332205
}