{
  "f1": 0.4,
  "roc_auc": 0.699873896595208,
  "pr_auc": 0.40831731161919843
}