{
  "f1": 0.5641025641025641,
  "roc_auc": 0.7328042328042328,
  "pr_auc": 0.5523668852210232
}