{
  "f1": 0.3870967741935484,
  "roc_auc": 0.7130952380952381,
  "pr_auc": 0.48619609257760743
}