{
  "f1": 0.5365853658536586,
  "roc_auc": 0.770334928229665,
  "pr_auc": 0.5650843916870952
}