{
  "f1": 0.5581395348837209,
  "roc_auc": 0.737037037037037,
  "pr_auc": 0.6119645634753719
}