{
  "f1": 0.7058823529411765,
  "roc_auc": 0.9017857142857143,
  "pr_auc": 0.6562500000000001
}