{
  "f1": 0.7142857142857143,
  "roc_auc": 0.9458128078817734,
  "pr_auc": 0.823469387755102
}