{
  "f1": 0.5882352941176471,
  "roc_auc": 0.9277777777777778,
  "pr_auc": 0.7599206349206349
}