{
  "f1": 0.6363636363636364,
  "roc_auc": 0.7916666666666667,
  "pr_auc": 0.6946803196803197
}