{
  "f1": 0.5882352941176471,
  "roc_auc": 0.8444444444444444,
  "pr_auc": 0.7708333333333334
}