{
  "f1": 0.2,
  "roc_auc": 0.8282828282828283,
  "pr_auc": 0.3242424242424242
}