{
  "f1": 0.6666666666666666,
  "roc_auc": 0.8080357142857144,
  "pr_auc": 0.7782967032967033
}