{
  "f1": 0.5,
  "roc_auc": 0.796875,
  "pr_auc": 0.38920454545454547
}