{
  "f1": 0.4,
  "roc_auc": 0.788888888888889,
  "pr_auc": 0.3788614163614164
}