{
  "f1": 0.5555555555555556,
  "roc_auc": 0.888888888888889,
  "pr_auc": 0.6621693121693122
}