{
  "f1": 0.75,
  "roc_auc": 0.8472906403940887,
  "pr_auc": 0.736679833223612
}