{
  "f1": 0.5,
  "roc_auc": 0.734375,
  "pr_auc": 0.3053571428571428
}