{
  "f1": 0.3333333333333333,
  "roc_auc": 0.6868686868686869,
  "pr_auc": 0.2329059829059829
}