{
  "f1": 0.5714285714285714,
  "roc_auc": 0.9111111111111112,
  "pr_auc": 0.6603535353535354
}