{
  "f1": 0.6666666666666666,
  "roc_auc": 0.9483870967741935,
  "pr_auc": 0.7277777777777779
}