{
  "f1": 0.625,
  "roc_auc": 0.9419354838709677,
  "pr_auc": 0.7742424242424242
}