{
  "f1": 0.7692307692307693,
  "roc_auc": 0.9806451612903225,
  "pr_auc": 0.925
}