{
  "f1": 0.4,
  "roc_auc": 0.7722222222222221,
  "pr_auc": 0.4983355724735036
}