{
  "f1": 0.5263157894736842,
  "roc_auc": 0.7276785714285715,
  "pr_auc": 0.5154262404262404
}