{
  "f1": 0.631578947368421,
  "roc_auc": 0.896551724137931,
  "pr_auc": 0.7768115942028986
}