{
  "f1": 0.5,
  "roc_auc": 0.8129032258064517,
  "pr_auc": 0.5111688311688312
}