{
  "f1": 0.5714285714285714,
  "roc_auc": 0.9765625,
  "pr_auc": 0.8541666666666666
}