{
  "f1": 0.42857142857142855,
  "roc_auc": 0.6551724137931034,
  "pr_auc": 0.36834054834054836
}