{
  "f1": 0.5333333333333333,
  "roc_auc": 0.9161290322580644,
  "pr_auc": 0.6442424242424243
}