{
  "f1": 0.5555555555555556,
  "roc_auc": 0.876847290640394,
  "pr_auc": 0.5368524332810046
}