{
  "f1": 0.8333333333333334,
  "roc_auc": 0.9,
  "pr_auc": 0.8176767676767677
}