{
  "f1": 0.4,
  "roc_auc": 0.8277777777777778,
  "pr_auc": 0.5035866910866911
}