{
  "f1": 0.5,
  "roc_auc": 0.7677419354838709,
  "pr_auc": 0.4941558441558442
}