{
  "f1": 0.625,
  "roc_auc": 0.8883928571428572,
  "pr_auc": 0.7205615942028986
}