{
  "f1": 0.6153846153846154,
  "roc_auc": 0.9453125,
  "pr_auc": 0.7152777777777778
}