{
  "mean": 0.31818812542806346,
  "std": 0.18885675378660852,
  "dist": [
    0.0,
    0.4615384615384615,
    0.4,
    0.3636363636363636,
    0.3529411764705882,
    0.2857142857142857,
    0.1538461538461538,
    0.2222222222222222,
    0.4705882352941176,
    0.5714285714285714,
    0.2222222222222222,
    0.5,
    0.4705882352941176,
    0.3076923076923077,
    0.1538461538461538,
    0.25,
    0.5,
    0.0,
    0.4,
    0.3076923076923077,
    0.3636363636363636,
    0.5333333333333333,
    0.3333333333333333,
    0.0,
    0.3076923076923077,
    0.0,
    0.4615384615384615,
    0.8333333333333334,
    0.2857142857142857,
    0.0,
    0.1666666666666666,
    0.4210526315789473,
    0.3333333333333333,
    0.5714285714285714,
    0.0,
    0.4615384615384615,
    0.375,
    0.1818181818181818,
    0.1666666666666666,
    0.5,
    0.3529411764705882,
    0.2857142857142857,
    0.2857142857142857,
    0.2857142857142857,
    0.4,
    0.0,
    0.3076923076923077,
    0.4444444444444444,
    0.1428571428571428,
    0.7142857142857143
  ]
}