{
  "t_test": {
    "t_stat": 2.9376478647913733,
    "p_value": 0.005028560936897366
  },
  "wilcoxon": {
    "w_stat": 174.5,
    "p_value": 0.002633238780526983
  }
}