{
  "f1": 0.3076923076923077,
  "roc_auc": 0.8388888888888889,
  "pr_auc": 0.5874999999999999
}