{
  "f1": 0.5882352941176471,
  "roc_auc": 0.8883928571428572,
  "pr_auc": 0.7589497920380273
}