{
  "f1": 0.2857142857142857,
  "roc_auc": 0.6748768472906403,
  "pr_auc": 0.42112936083524316
}