{
  "f1": 0.18181818181818182,
  "roc_auc": 0.6484375,
  "pr_auc": 0.2597222222222222
}