{
  "f1": 0.26666666666666666,
  "roc_auc": 0.5888888888888888,
  "pr_auc": 0.26263092843975194
}