{
  "f1": 0.5882352941176471,
  "roc_auc": 0.8620689655172413,
  "pr_auc": 0.7231292517006802
}