{
  "f1": 0.2857142857142857,
  "roc_auc": 0.8888888888888888,
  "pr_auc": 0.5444444444444444
}