{
  "f1": 0.6341463414634146,
  "roc_auc": 0.7483253588516746,
  "pr_auc": 0.6440520732124331
}