{
  "f1": 0.45714285714285713,
  "roc_auc": 0.7698412698412698,
  "pr_auc": 0.483530821030821
}