{
  "f1": 0.42424242424242425,
  "roc_auc": 0.6055555555555555,
  "pr_auc": 0.44604002555409206
}