{
  "f1": 0.4864864864864865,
  "roc_auc": 0.7043650793650793,
  "pr_auc": 0.5555081319608093
}