{
  "f1": 0.5641025641025641,
  "roc_auc": 0.7641325536062379,
  "pr_auc": 0.5773531128709873
}