{
  "f1": 0.6285714285714286,
  "roc_auc": 0.8537200504413619,
  "pr_auc": 0.5947989342726184
}