{
  "f1": 0.5925925925925926,
  "roc_auc": 0.7641866330390921,
  "pr_auc": 0.5383197362521501
}