{
  "f1": 0.3333333333333333,
  "roc_auc": 0.5415384615384615,
  "pr_auc": 0.23196465994481177
}