{
  "f1": 0.4444444444444444,
  "roc_auc": 0.7481389578163772,
  "pr_auc": 0.548967610729765
}