{
  "f1": 0.375,
  "roc_auc": 0.6243386243386243,
  "pr_auc": 0.2865924172814738
}