{
  "f1": 0.5,
  "roc_auc": 0.7344913151364765,
  "pr_auc": 0.5304681358625285
}