{
  "mean": 0.29035087135087134,
  "std": 0.1789553125348565,
  "dist": [
    0.4285714285714285,
    0.4,
    0.0,
    0.2,
    0.3333333333333333,
    0.1538461538461538,
    0.5,
    0.2,
    0.3636363636363636,
    0.2857142857142857,
    0.2222222222222222,
    0.1666666666666666,
    0.5714285714285714,
    0.3333333333333333,
    0.3076923076923077,
    0.2857142857142857,
    0.6153846153846154,
    0.2,
    0.3333333333333333,
    0.0,
    0.5454545454545454,
    0.4,
    0.25,
    0.2,
    0.0,
    0.6666666666666666,
    0.25,
    0.3636363636363636,
    0.0,
    0.2222222222222222,
    0.5,
    0.5454545454545454,
    0.25,
    0.1428571428571428,
    0.0,
    0.3333333333333333,
    0.2857142857142857,
    0.6,
    0.0,
    0.2857142857142857,
    0.4444444444444444,
    0.3636363636363636,
    0.3333333333333333,
    0.3333333333333333,
    0.0,
    0.5,
    0.0,
    0.2857142857142857,
    0.1818181818181818,
    0.3333333333333333
  ]
}