{
  "t_test": {
    "t_stat": 1.440479259165895,
    "p_value": 0.1560913683192283
  },
  "wilcoxon": {
    "w_stat": 349.0,
    "p_value": 0.13430965145440024
  }
}