{
  "mean": 0.2610796589031883,
  "std": 0.1473713179148915,
  "dist": [
    0.375,
    0.4285714285714285,
    0.0,
    0.1666666666666666,
    0.1818181818181818,
    0.1176470588235294,
    0.3333333333333333,
    0.3636363636363636,
    0.3333333333333333,
    0.25,
    0.2,
    0.2666666666666666,
    0.2222222222222222,
    0.4285714285714285,
    0.1666666666666666,
    0.2222222222222222,
    0.6153846153846154,
    0.0,
    0.1666666666666666,
    0.25,
    0.3636363636363636,
    0.3076923076923077,
    0.1818181818181818,
    0.1538461538461538,
    0.3333333333333333,
    0.5,
    0.3636363636363636,
    0.1538461538461538,
    0.0,
    0.3636363636363636,
    0.1428571428571428,
    0.4615384615384615,
    0.4444444444444444,
    0.1538461538461538,
    0.1818181818181818,
    0.2857142857142857,
    0.1666666666666666,
    0.6,
    0.0,
    0.2857142857142857,
    0.2222222222222222,
    0.4285714285714285,
    0.3076923076923077,
    0.1538461538461538,
    0.1818181818181818,
    0.375,
    0.0,
    0.4,
    0.2857142857142857,
    0.1666666666666666
  ]
}