{
  "f1": 0.11764705882352941,
  "roc_auc": 0.375,
  "pr_auc": 0.1595238095238095
}