{
  "f1": 0.18181818181818182,
  "roc_auc": 0.6262626262626262,
  "pr_auc": 0.1511111111111111
}