{
  "f1": 0.35294117647058826,
  "roc_auc": 0.6205357142857143,
  "pr_auc": 0.4151168125352908
}