{
  "f1": 0.15384615384615385,
  "roc_auc": 0.5353535353535354,
  "pr_auc": 0.11675438596491228
}