{
  "f1": 0.15384615384615385,
  "roc_auc": 0.4609375,
  "pr_auc": 0.21343954248366012
}