{
  "f1": 0.5263157894736842,
  "roc_auc": 0.6741071428571428,
  "pr_auc": 0.4127407164091947
}