{
  "f1": 0.25,
  "roc_auc": 0.5161290322580645,
  "pr_auc": 0.20301587301587298
}