{
  "f1": 0.47058823529411764,
  "roc_auc": 0.7192118226600984,
  "pr_auc": 0.5914965986394558
}