{
  "f1": 0.6818181818181818,
  "roc_auc": 0.8909090909090909,
  "pr_auc": 0.7311899188158986
}