{
  "f1": 0.56,
  "roc_auc": 0.7258064516129032,
  "pr_auc": 0.509675254178251
}