{
  "f1": 0.4375,
  "roc_auc": 0.6277915632754342,
  "pr_auc": 0.40601171171823347
}