{
  "f1": 0.21428571428571427,
  "roc_auc": 0.5213068181818181,
  "pr_auc": 0.18468827333118545
}