{
  "f1": 0.45161290322580644,
  "roc_auc": 0.7410714285714286,
  "pr_auc": 0.6004989086536585
}