{
  "f1": 0.6486486486486487,
  "roc_auc": 0.8609913793103448,
  "pr_auc": 0.6745879903693492
}