{
  "f1": 0.5625,
  "roc_auc": 0.7025761124121781,
  "pr_auc": 0.46491336693703034
}