{
  "f1": 0.5625,
  "roc_auc": 0.7915632754342432,
  "pr_auc": 0.5002720828364327
}