{
  "f1": 0.5909090909090909,
  "roc_auc": 0.7213403880070547,
  "pr_auc": 0.5680303404062097
}