{
  "f1": 0.6857142857142857,
  "roc_auc": 0.8890086206896552,
  "pr_auc": 0.7117934149184149
}