{
  "f1": 0.45,
  "roc_auc": 0.7011904761904761,
  "pr_auc": 0.5145832493031044
}