{
  "f1": 0.38461538461538464,
  "roc_auc": 0.6605113636363636,
  "pr_auc": 0.41307003466667813
}