{
  "f1": 0.4375,
  "roc_auc": 0.7532467532467533,
  "pr_auc": 0.44907723179963877
}