{
  "f1": 0.625,
  "roc_auc": 0.8411097099621689,
  "pr_auc": 0.5994128764028579
}