{
  "f1": 0.55,
  "roc_auc": 0.738755980861244,
  "pr_auc": 0.5528848093655669
}