{
  "f1": 0.5128205128205128,
  "roc_auc": 0.7302631578947368,
  "pr_auc": 0.5222962466807364
}