{
  "f1": 0.5405405405405406,
  "roc_auc": 0.7489406779661016,
  "pr_auc": 0.5989764599752099
}