{
  "f1": 0.5142857142857142,
  "roc_auc": 0.7177985948477752,
  "pr_auc": 0.48624652271371804
}