{
  "f1": 0.48484848484848486,
  "roc_auc": 0.7985948477751756,
  "pr_auc": 0.5201522699200872
}