{
  "f1": 0.35294117647058826,
  "roc_auc": 0.6732804232804233,
  "pr_auc": 0.25313064521269996
}