{
  "f1": 0.6486486486486487,
  "roc_auc": 0.8779661016949153,
  "pr_auc": 0.7613165065254617
}