{
  "f1": 0.38461538461538464,
  "roc_auc": 0.7109181141439207,
  "pr_auc": 0.3381568736560997
}