{
  "f1": 0.6,
  "roc_auc": 0.8424317617866005,
  "pr_auc": 0.5922201821771407
}