{
  "f1": 0.38461538461538464,
  "roc_auc": 0.7912457912457912,
  "pr_auc": 0.4680794640786083
}