{
  "f1": 0.46153846153846156,
  "roc_auc": 0.7638418079096044,
  "pr_auc": 0.4852679523335171
}