{
  "f1": 0.27586206896551724,
  "roc_auc": 0.5994318181818181,
  "pr_auc": 0.33102136334197396
}