{
  "f1": 0.4166666666666667,
  "roc_auc": 0.5953846153846154,
  "pr_auc": 0.23658678003983713
}