{
  "f1": 0.5882352941176471,
  "roc_auc": 0.8531073446327684,
  "pr_auc": 0.6585138320432438
}