{
  "f1": 0.38461538461538464,
  "roc_auc": 0.7316239316239316,
  "pr_auc": 0.4705655759439984
}