{
  "f1": 0.5185185185185185,
  "roc_auc": 0.773013871374527,
  "pr_auc": 0.5081016517230208
}