{
  "f1": 0.45714285714285713,
  "roc_auc": 0.693711967545639,
  "pr_auc": 0.47568810623433067
}