{
  "f1": 0.5454545454545454,
  "roc_auc": 0.8134920634920635,
  "pr_auc": 0.47346984410937903
}