{
  "f1": 0.5641025641025641,
  "roc_auc": 0.753411306042885,
  "pr_auc": 0.5241814700606034
}