{
  "f1": 0.4375,
  "roc_auc": 0.7233333333333334,
  "pr_auc": 0.4389982591739331
}