{
  "f1": 0.42105263157894735,
  "roc_auc": 0.6711111111111111,
  "pr_auc": 0.4208462221898407
}