{
  "f1": 0.24,
  "roc_auc": 0.640625,
  "pr_auc": 0.2937176368461615
}