{
  "f1": 0.5333333333333333,
  "roc_auc": 0.6832627118644068,
  "pr_auc": 0.4961194326412086
}