{
  "f1": 0.5263157894736842,
  "roc_auc": 0.7285861713106295,
  "pr_auc": 0.5215445319366869
}