{
  "f1": 0.5142857142857142,
  "roc_auc": 0.7182539682539683,
  "pr_auc": 0.5534285077489354
}