{
  "f1": 0.5454545454545454,
  "roc_auc": 0.7853107344632768,
  "pr_auc": 0.5695746467087096
}