{
  "f1": 0.3333333333333333,
  "roc_auc": 0.7406947890818859,
  "pr_auc": 0.5005359454685367
}