{
  "f1": 0.5714285714285714,
  "roc_auc": 0.8044444444444445,
  "pr_auc": 0.5204788078538078
}