{
  "f1": 0.56,
  "roc_auc": 0.8484375,
  "pr_auc": 0.5523922902494331
}