{
  "f1": 0.45161290322580644,
  "roc_auc": 0.6972704714640199,
  "pr_auc": 0.5141884919072864
}