{
  "f1": 0.5945945945945946,
  "roc_auc": 0.7923976608187134,
  "pr_auc": 0.57606075866981
}