{
  "f1": 0.3448275862068966,
  "roc_auc": 0.710820895522388,
  "pr_auc": 0.31755878481421956
}