{
  "f1": 0.35294117647058826,
  "roc_auc": 0.7380952380952381,
  "pr_auc": 0.4935032827956798
}