{
  "f1": 0.6190476190476191,
  "roc_auc": 0.8265107212475634,
  "pr_auc": 0.7468873941923588
}