{
  "f1": 0.5116279069767442,
  "roc_auc": 0.7665071770334928,
  "pr_auc": 0.6394763656675961
}