{
  "f1": 0.2222222222222222,
  "roc_auc": 0.6964285714285714,
  "pr_auc": 0.6099439775910365
}