{
  "f1": 0.2857142857142857,
  "roc_auc": 0.34210526315789475,
  "pr_auc": 0.20002587991718423
}