{
  "f1": 0.6666666666666666,
  "roc_auc": 0.7666666666666666,
  "pr_auc": 0.4555555555555555
}