{
  "f1": 0.19047619047619047,
  "roc_auc": 0.6326923076923077,
  "pr_auc": 0.3042700128994868
}