{
  "f1": 0.26666666666666666,
  "roc_auc": 0.6836734693877551,
  "pr_auc": 0.28294663849327495
}