{
  "f1": 0.23529411764705882,
  "roc_auc": 0.6241379310344828,
  "pr_auc": 0.18248037676609108
}