{
  "f1": 0.2222222222222222,
  "roc_auc": 0.7175141242937852,
  "pr_auc": 0.23032581453634085
}