{
  "f1": 0.2857142857142857,
  "roc_auc": 0.656140350877193,
  "pr_auc": 0.19017107987359705
}