{
  "f1": 0.0,
  "roc_auc": 0.6949152542372881,
  "pr_auc": 0.09654234654234656
}