{
  "f1": 0.38095238095238093,
  "roc_auc": 0.6687631027253669,
  "pr_auc": 0.29957764550740235
}