{
  "f1": 0.35294117647058826,
  "roc_auc": 0.7402597402597402,
  "pr_auc": 0.4238361911481234
}