{
  "f1": 0.42857142857142855,
  "roc_auc": 0.7758620689655173,
  "pr_auc": 0.495
}