{
  "f1": 0.26666666666666666,
  "roc_auc": 0.9152542372881356,
  "pr_auc": 0.5158730158730158
}