{
  "f1": 0.13333333333333333,
  "roc_auc": 0.75,
  "pr_auc": 0.15684223184223184
}