{
  "f1": 0.23529411764705882,
  "roc_auc": 0.6571428571428571,
  "pr_auc": 0.3073959980936725
}