{
  "f1": 0.3157894736842105,
  "roc_auc": 0.5428571428571428,
  "pr_auc": 0.45729949874686715
}