{
  "f1": 0.25,
  "roc_auc": 0.7946428571428571,
  "pr_auc": 0.3418054941274756
}