{
  "f1": 0.14285714285714285,
  "roc_auc": 0.5614035087719298,
  "pr_auc": 0.2990565456952012
}