{
  "f1": 0.42857142857142855,
  "roc_auc": 0.6845238095238095,
  "pr_auc": 0.2932830459770115
}