{
  "f1": 0.3,
  "roc_auc": 0.6607142857142857,
  "pr_auc": 0.27192256998416314
}