{
  "f1": 0.2,
  "roc_auc": 0.5051020408163265,
  "pr_auc": 0.15839500441870147
}