{
  "f1": 0.13333333333333333,
  "roc_auc": 0.5178571428571428,
  "pr_auc": 0.131759577161876
}