{
  "f1": 0.16666666666666666,
  "roc_auc": 0.6551724137931034,
  "pr_auc": 0.1529040404040404
}