{
  "f1": 0.26666666666666666,
  "roc_auc": 0.4821428571428571,
  "pr_auc": 0.22963807047407758
}