{
  "f1": 0.125,
  "roc_auc": 0.6488095238095238,
  "pr_auc": 0.30961237646688466
}