{
  "f1": 0.4,
  "roc_auc": 0.9388888888888889,
  "pr_auc": 0.38690476190476186
}