{
  "f1": 0.35294117647058826,
  "roc_auc": 0.7538461538461539,
  "pr_auc": 0.5133341754031409
}