{
  "f1": 0.36363636363636365,
  "roc_auc": 0.6653846153846154,
  "pr_auc": 0.43632467532467534
}