{
  "f1": 0.19047619047619047,
  "roc_auc": 0.5472370766488414,
  "pr_auc": 0.2546487946775496
}