{
  "f1": 0.13333333333333333,
  "roc_auc": 0.7232142857142858,
  "pr_auc": 0.17899802046661129
}