{
  "f1": 0.38095238095238093,
  "roc_auc": 0.6646090534979423,
  "pr_auc": 0.2932584859476065
}