{
  "f1": 0.3157894736842105,
  "roc_auc": 0.761038961038961,
  "pr_auc": 0.26242710314138884
}