{
  "f1": 0.2857142857142857,
  "roc_auc": 0.6207792207792208,
  "pr_auc": 0.2507961989484946
}