{
  "f1": 0.0,
  "roc_auc": 0.5649717514124293,
  "pr_auc": 0.07614607614607614
}