{
  "f1": 0.26666666666666666,
  "roc_auc": 0.6158192090395479,
  "pr_auc": 0.15740740740740738
}