{
  "f1": 0.13333333333333333,
  "roc_auc": 0.7351190476190477,
  "pr_auc": 0.19083174083174081
}