{
  "f1": 0.46153846153846156,
  "roc_auc": 0.8363095238095238,
  "pr_auc": 0.6003391472868217
}