{
  "f1": 0.2222222222222222,
  "roc_auc": 0.5499999999999999,
  "pr_auc": 0.1232142857142857
}