{
  "f1": 0.4,
  "roc_auc": 0.7615740740740742,
  "pr_auc": 0.3607320454145397
}