{
  "f1": 0.23529411764705882,
  "roc_auc": 0.6220238095238095,
  "pr_auc": 0.165977377165076
}