{
  "f1": 0.13333333333333333,
  "roc_auc": 0.673728813559322,
  "pr_auc": 0.14659090909090908
}