{
  "f1": 0.2857142857142857,
  "roc_auc": 0.7172413793103449,
  "pr_auc": 0.28340585340585345
}