{
  "f1": 0.4,
  "roc_auc": 0.8813559322033899,
  "pr_auc": 0.7083333333333333
}