{
  "f1": 0.36363636363636365,
  "roc_auc": 0.7068965517241379,
  "pr_auc": 0.32464146023468055
}