{
  "f1": 0.3333333333333333,
  "roc_auc": 0.9008620689655172,
  "pr_auc": 0.3422619047619047
}