{
  "f1": 0.3076923076923077,
  "roc_auc": 0.7155172413793104,
  "pr_auc": 0.27586206896551724
}