{
  "f1": 0.0,
  "roc_auc": 0.3050847457627119,
  "pr_auc": 0.058392379358729665
}