{
  "f1": 0.4,
  "roc_auc": 0.5982142857142857,
  "pr_auc": 0.4675115583039281
}