{
  "f1": 0.26666666666666666,
  "roc_auc": 0.5543859649122806,
  "pr_auc": 0.2202488981073373
}