{
  "f1": 0.2,
  "roc_auc": 0.6422413793103449,
  "pr_auc": 0.3241178829190056
}