{
  "mean": 0.3510890396153555,
  "std": 0.15819107393669798,
  "dist": [
    0.3333333333333333,
    0.4285714285714285,
    0.4615384615384615,
    0.4,
    0.2666666666666666,
    0.375,
    0.3636363636363636,
    0.3636363636363636,
    0.4705882352941176,
    0.2222222222222222,
    0.4,
    0.2222222222222222,
    0.5263157894736842,
    0.3076923076923077,
    0.3076923076923077,
    0.1818181818181818,
    0.5263157894736842,
    0.0,
    0.4285714285714285,
    0.4615384615384615,
    0.4,
    0.4705882352941176,
    0.4,
    0.0,
    0.4,
    0.3333333333333333,
    0.5714285714285714,
    0.5555555555555556,
    0.1538461538461538,
    0.0,
    0.25,
    0.5555555555555556,
    0.4444444444444444,
    0.6,
    0.0,
    0.4705882352941176,
    0.4444444444444444,
    0.3076923076923077,
    0.0,
    0.5,
    0.3076923076923077,
    0.4,
    0.375,
    0.3636363636363636,
    0.4285714285714285,
    0.3076923076923077,
    0.3333333333333333,
    0.3636363636363636,
    0.1818181818181818,
    0.5882352941176471
  ]
}