{
  "t_test": {
    "t_stat": -4.779469065939154,
    "p_value": 1.64083512527596e-05
  },
  "wilcoxon": {
    "w_stat": 37.5,
    "p_value": 3.6823211638145786e-05
  }
}