{
  "mean": 0.5179685546651491,
  "std": 0.1263880493807741,
  "dist": [
    0.7,
    0.625,
    0.5333333333333333,
    0.25,
    0.5,
    0.5333333333333333,
    0.5714285714285714,
    0.7058823529411765,
    0.25,
    0.4285714285714285,
    0.3076923076923077,
    0.7777777777777778,
    0.5,
    0.5714285714285714,
    0.4285714285714285,
    0.6428571428571429,
    0.5,
    0.625,
    0.4444444444444444,
    0.2,
    0.4705882352941176,
    0.4,
    0.5454545454545454,
    0.631578947368421,
    0.5555555555555556,
    0.5714285714285714,
    0.5263157894736842,
    0.5,
    0.7058823529411765,
    0.3076923076923077,
    0.6666666666666666,
    0.4444444444444444,
    0.5714285714285714,
    0.5,
    0.5,
    0.4761904761904761,
    0.7058823529411765,
    0.4285714285714285,
    0.5454545454545454,
    0.5,
    0.5714285714285714,
    0.5333333333333333,
    0.5454545454545454,
    0.5333333333333333,
    0.4444444444444444,
    0.5,
    0.6,
    0.3076923076923077,
    0.7142857142857143,
    0.5
  ]
}