{
  "t_test": {
    "t_stat": -1.785535906696526,
    "p_value": 0.080364118774201
  },
  "wilcoxon": {
    "w_stat": 337.5,
    "p_value": 0.04216655849807942
  }
}