{
  "f1": 0.4444444444444444,
  "roc_auc": 0.7369727047146402,
  "pr_auc": 0.5021694080162511
}