{
  "f1": 0.25,
  "roc_auc": 0.5639204545454545,
  "pr_auc": 0.23518231049612617
}