{
  "f1": 0.5555555555555556,
  "roc_auc": 0.7932203389830508,
  "pr_auc": 0.5301006787022325
}