{
  "f1": 0.5555555555555556,
  "roc_auc": 0.8499369482976041,
  "pr_auc": 0.5698310306759234
}