{
  "f1": 0.4888888888888889,
  "roc_auc": 0.7330827067669173,
  "pr_auc": 0.49603262692165717
}