{
  "f1": 0.5517241379310345,
  "roc_auc": 0.7704918032786885,
  "pr_auc": 0.4547899663370181
}