{
  "f1": 0.41379310344827586,
  "roc_auc": 0.797979797979798,
  "pr_auc": 0.34798128732210076
}