{
  "f1": 0.3870967741935484,
  "roc_auc": 0.7213675213675212,
  "pr_auc": 0.37243647366598187
}