{
  "f1": 0.43902439024390244,
  "roc_auc": 0.7341269841269841,
  "pr_auc": 0.6104251905095569
}