{
  "f1": 0.5,
  "roc_auc": 0.7154566744730678,
  "pr_auc": 0.4160530170141514
}