{
  "f1": 0.36363636363636365,
  "roc_auc": 0.7332089552238806,
  "pr_auc": 0.3419728170964146
}