{
  "f1": 0.6808510638297872,
  "roc_auc": 0.8880382775119617,
  "pr_auc": 0.6739840840093407
}