{
  "f1": 0.4827586206896552,
  "roc_auc": 0.8374999999999999,
  "pr_auc": 0.5993965099228257
}