{
  "f1": 0.45714285714285713,
  "roc_auc": 0.8227513227513228,
  "pr_auc": 0.42632087573264044
}