{
  "f1": 0.43243243243243246,
  "roc_auc": 0.7468982630272953,
  "pr_auc": 0.490485293700068
}