{
  "f1": 0.5581395348837209,
  "roc_auc": 0.7475633528265107,
  "pr_auc": 0.47747810846218897
}