{
  "f1": 0.5,
  "roc_auc": 0.7255555555555555,
  "pr_auc": 0.4203038319704986
}