{
  "f1": 0.45161290322580644,
  "roc_auc": 0.7311827956989246,
  "pr_auc": 0.4473545219480179
}