{
  "f1": 0.5454545454545454,
  "roc_auc": 0.7464114832535885,
  "pr_auc": 0.5418520790469665
}