{
  "f1": 0.5714285714285714,
  "roc_auc": 0.7224824355971897,
  "pr_auc": 0.43502832000108027
}