{
  "f1": 0.625,
  "roc_auc": 0.7222222222222223,
  "pr_auc": 0.5227516414985768
}