{
  "f1": 0.5333333333333333,
  "roc_auc": 0.75311004784689,
  "pr_auc": 0.5528437849387944
}