{
  "f1": 0.48484848484848486,
  "roc_auc": 0.7819209039548023,
  "pr_auc": 0.5065002562106695
}