{
  "f1": 0.47058823529411764,
  "roc_auc": 0.6440677966101694,
  "pr_auc": 0.4660552791803283
}