{
  "f1": 0.42424242424242425,
  "roc_auc": 0.7088068181818181,
  "pr_auc": 0.44529884760788196
}