{
  "f1": 0.5128205128205128,
  "roc_auc": 0.8146892655367232,
  "pr_auc": 0.4728834412313564
}