{
  "f1": 0.5,
  "roc_auc": 0.8009367681498829,
  "pr_auc": 0.4551757239890617
}