{
  "f1": 0.5853658536585366,
  "roc_auc": 0.855367231638418,
  "pr_auc": 0.682826041376766
}