{
  "f1": 0.2702702702702703,
  "roc_auc": 0.7089947089947091,
  "pr_auc": 0.38236971993869273
}