{
  "f1": 0.375,
  "roc_auc": 0.6015384615384615,
  "pr_auc": 0.22812517910878566
}