{
  "f1": 0.5128205128205128,
  "roc_auc": 0.7688888888888888,
  "pr_auc": 0.4981111560738533
}