{
  "f1": 0.55,
  "roc_auc": 0.7764830508474576,
  "pr_auc": 0.6097702232298116
}