{
  "f1": 0.3902439024390244,
  "roc_auc": 0.6688888888888889,
  "pr_auc": 0.39847946448959853
}