{
  "f1": 0.5333333333333333,
  "roc_auc": 0.8011695906432749,
  "pr_auc": 0.5443400730294435
}