{
  "f1": 0.65,
  "roc_auc": 0.9008620689655172,
  "pr_auc": 0.763218211409842
}