{
  "f1": 0.29411764705882354,
  "roc_auc": 0.6547619047619048,
  "pr_auc": 0.2350770653520014
}