{
  "f1": 0.3684210526315789,
  "roc_auc": 0.746031746031746,
  "pr_auc": 0.42491118963972685
}