{
  "f1": 0.42424242424242425,
  "roc_auc": 0.6054590570719602,
  "pr_auc": 0.35497699334113497
}