{
  "f1": 0.25,
  "roc_auc": 0.690625,
  "pr_auc": 0.25522921874607674
}