{
  "f1": 0.42424242424242425,
  "roc_auc": 0.7417027417027418,
  "pr_auc": 0.42224133104942707
}