{
  "f1": 0.6046511627906976,
  "roc_auc": 0.8642241379310345,
  "pr_auc": 0.7034241221741222
}