{
  "f1": 0.5777777777777777,
  "roc_auc": 0.8187134502923976,
  "pr_auc": 0.6677878090531253
}