{
  "f1": 0.5555555555555556,
  "roc_auc": 0.7529761904761905,
  "pr_auc": 0.6165884845877572
}