{
  "f1": 0.5714285714285714,
  "roc_auc": 0.8312655086848635,
  "pr_auc": 0.524889207072465
}