{
  "f1": 0.5,
  "roc_auc": 0.6896551724137931,
  "pr_auc": 0.48400115639453994
}