{
  "f1": 0.4878048780487805,
  "roc_auc": 0.7306501547987616,
  "pr_auc": 0.4945494327153667
}