{
  "f1": 0.6060606060606061,
  "roc_auc": 0.8200992555831266,
  "pr_auc": 0.5369296239205742
}