{
  "f1": 0.23529411764705882,
  "roc_auc": 0.5553977272727273,
  "pr_auc": 0.18516797903490284
}