{
  "f1": 0.45,
  "roc_auc": 0.7142857142857143,
  "pr_auc": 0.4981217933968045
}