{
  "f1": 0.3076923076923077,
  "roc_auc": 0.9411764705882353,
  "pr_auc": 0.6666666666666666
}