{
  "f1": 0.7142857142857143,
  "roc_auc": 0.8669950738916257,
  "pr_auc": 0.8266905508284819
}