{
  "f1": 0.2857142857142857,
  "roc_auc": 0.6009852216748768,
  "pr_auc": 0.3194498102964922
}