{
  "f1": 0.5,
  "roc_auc": 0.7455357142857143,
  "pr_auc": 0.6430488895162808
}