{
  "f1": 0.0,
  "roc_auc": 0.3671875,
  "pr_auc": 0.10391728243021346
}