{
  "f1": 0.0,
  "roc_auc": 0.6666666666666666,
  "pr_auc": 0.15595238095238095
}