{
  "f1": 0.42105263157894735,
  "roc_auc": 0.7008928571428572,
  "pr_auc": 0.6154214243888156
}