{
  "f1": 0.46153846153846156,
  "roc_auc": 0.7555555555555556,
  "pr_auc": 0.5416666666666666
}