{
  "f1": 0.0,
  "roc_auc": 0.432258064516129,
  "pr_auc": 0.13925173435155286
}