{
  "f1": 0.14285714285714285,
  "roc_auc": 0.6060606060606061,
  "pr_auc": 0.16499999999999998
}