{
  "f1": 0.3076923076923077,
  "roc_auc": 0.6129032258064516,
  "pr_auc": 0.3817523056653491
}