{
  "f1": 0.3076923076923077,
  "roc_auc": 0.6354679802955664,
  "pr_auc": 0.36225490196078436
}