{
  "f1": 0.375,
  "roc_auc": 0.7222222222222222,
  "pr_auc": 0.6152159244264507
}