{
  "f1": 0.2857142857142857,
  "roc_auc": 0.7483870967741936,
  "pr_auc": 0.35501672240802673
}