{
  "f1": 0.35294117647058826,
  "roc_auc": 0.5888888888888889,
  "pr_auc": 0.41481481481481475
}