{
  "f1": 0.4,
  "roc_auc": 0.6555555555555554,
  "pr_auc": 0.4546550671550671
}