{
  "f1": 0.0,
  "roc_auc": 0.303030303030303,
  "pr_auc": 0.08711384195255163
}