{
  "f1": 0.35294117647058826,
  "roc_auc": 0.5467980295566502,
  "pr_auc": 0.29635854341736695
}