{
  "f1": 0.2857142857142857,
  "roc_auc": 0.5388888888888889,
  "pr_auc": 0.31399040454709987
}