{
  "f1": 0.25,
  "roc_auc": 0.6161616161616161,
  "pr_auc": 0.24588235294117647
}