{
  "f1": 0.4444444444444444,
  "roc_auc": 0.5546875,
  "pr_auc": 0.30711206896551724
}