{
  "f1": 0.16666666666666666,
  "roc_auc": 0.3359375,
  "pr_auc": 0.15549169859514686
}