{
  "f1": 0.2857142857142857,
  "roc_auc": 0.7058823529411764,
  "pr_auc": 0.5454545454545454
}