{
  "f1": 0.15384615384615385,
  "roc_auc": 0.5133928571428572,
  "pr_auc": 0.3355072463768116
}