{
  "f1": 0.47058823529411764,
  "roc_auc": 0.7931034482758621,
  "pr_auc": 0.5517006802721087
}