{
  "f1": 0.15384615384615385,
  "roc_auc": 0.5096774193548387,
  "pr_auc": 0.3368953627018143
}