{
  "f1": 0.5714285714285714,
  "roc_auc": 0.8333333333333334,
  "pr_auc": 0.6046464646464647
}