{
  "f1": 0.3333333333333333,
  "roc_auc": 0.5277777777777777,
  "pr_auc": 0.24913418787658143
}