{
  "f1": 0.5333333333333333,
  "roc_auc": 0.7241379310344827,
  "pr_auc": 0.5786858974358975
}