{
  "f1": 0.46153846153846156,
  "roc_auc": 0.7666666666666667,
  "pr_auc": 0.5292022792022792
}