{
  "f1": 0.2222222222222222,
  "roc_auc": 0.4453125,
  "pr_auc": 0.33693864642631244
}