{
  "f1": 0.36363636363636365,
  "roc_auc": 0.9852941176470588,
  "pr_auc": 0.8333333333333333
}