{
  "f1": 0.18181818181818182,
  "roc_auc": 0.4609375,
  "pr_auc": 0.13271692076039904
}