{
  "f1": 0.35714285714285715,
  "roc_auc": 0.6961538461538461,
  "pr_auc": 0.3914518864199171
}