{
  "f1": 0.2608695652173913,
  "roc_auc": 0.6481481481481481,
  "pr_auc": 0.2552303523035231
}