{
  "f1": 0.19047619047619047,
  "roc_auc": 0.6862068965517242,
  "pr_auc": 0.3766940853897376
}