{
  "f1": 0.2727272727272727,
  "roc_auc": 0.6623376623376623,
  "pr_auc": 0.30363800607703045
}