{
  "f1": 0.4,
  "roc_auc": 0.7678571428571428,
  "pr_auc": 0.5852272727272727
}