{
  "f1": 0.42857142857142855,
  "roc_auc": 0.701923076923077,
  "pr_auc": 0.40097177703516784
}