{
  "mean": 0.39453432515197223,
  "std": 0.17434861547043284,
  "dist": [
    0.1428571428571428,
    0.2857142857142857,
    0.5,
    0.8,
    0.3636363636363636,
    0.7142857142857143,
    0.5454545454545454,
    0.2222222222222222,
    0.1818181818181818,
    0.2222222222222222,
    0.5882352941176471,
    0.4,
    0.4,
    0.2,
    0.2857142857142857,
    0.7272727272727273,
    0.2857142857142857,
    0.5454545454545454,
    0.4285714285714285,
    0.0,
    0.5,
    0.3333333333333333,
    0.5,
    0.5714285714285714,
    0.0,
    0.5333333333333333,
    0.2857142857142857,
    0.25,
    0.4,
    0.4444444444444444,
    0.1818181818181818,
    0.5,
    0.5,
    0.3333333333333333,
    0.4615384615384615,
    0.3636363636363636,
    0.3636363636363636,
    0.5,
    0.3636363636363636,
    0.4615384615384615,
    0.1818181818181818,
    0.375,
    0.4444444444444444,
    0.75,
    0.4,
    0.5,
    0.25,
    0.3333333333333333,
    0.5555555555555556,
    0.25
  ]
}