{
  "t_test": {
    "t_stat": -1.4293672365671353,
    "p_value": 0.1592435650793345
  },
  "wilcoxon": {
    "w_stat": 321.0,
    "p_value": 0.2315627324246594
  }
}