{
  "f1": 0.08333333333333333,
  "roc_auc": 0.44632768361581915,
  "pr_auc": 0.07029569892473118
}