{
  "f1": 0.2857142857142857,
  "roc_auc": 0.6862068965517242,
  "pr_auc": 0.20391405342624852
}