{
  "f1": 0.4444444444444444,
  "roc_auc": 0.8244047619047619,
  "pr_auc": 0.6863636363636363
}