{
  "f1": 0.21052631578947367,
  "roc_auc": 0.512280701754386,
  "pr_auc": 0.28285785898689125
}