{
  "f1": 0.3,
  "roc_auc": 0.7456896551724138,
  "pr_auc": 0.32060185185185186
}