{
  "f1": 0.2608695652173913,
  "roc_auc": 0.7738095238095238,
  "pr_auc": 0.25807583221376323
}