{
  "f1": 0.3076923076923077,
  "roc_auc": 0.7922077922077921,
  "pr_auc": 0.43964131106988247
}