{
  "f1": 0.2222222222222222,
  "roc_auc": 0.5689655172413792,
  "pr_auc": 0.13198924731182796
}