{
  "f1": 0.21052631578947367,
  "roc_auc": 0.6526315789473685,
  "pr_auc": 0.3129738562091503
}