{
  "f1": 0.2,
  "roc_auc": 0.7456896551724138,
  "pr_auc": 0.35685895980013627
}