{
  "f1": 0.35294117647058826,
  "roc_auc": 0.9,
  "pr_auc": 0.2713675213675214
}