{
  "f1": 0.125,
  "roc_auc": 0.6101694915254237,
  "pr_auc": 0.3782828282828283
}