{
  "f1": 0.3157894736842105,
  "roc_auc": 0.7584745762711864,
  "pr_auc": 0.3902777777777778
}