{
  "f1": 0.3333333333333333,
  "roc_auc": 0.6903846153846154,
  "pr_auc": 0.35119380619380625
}