{
  "f1": 0.34782608695652173,
  "roc_auc": 0.5948051948051948,
  "pr_auc": 0.448668714797747
}