{
  "f1": 0.2,
  "roc_auc": 0.6636904761904762,
  "pr_auc": 0.21067579437144654
}