{
  "f1": 0.24,
  "roc_auc": 0.5765306122448979,
  "pr_auc": 0.23471897322829
}