{
  "f1": 0.36363636363636365,
  "roc_auc": 0.7755102040816326,
  "pr_auc": 0.3994147659063625
}