{
  "f1": 0.0,
  "roc_auc": 0.5536723163841807,
  "pr_auc": 0.0686007702182285
}