{
  "f1": 0.16666666666666666,
  "roc_auc": 0.6758620689655173,
  "pr_auc": 0.22126293995859214
}