{
  "f1": 0.35294117647058826,
  "roc_auc": 0.6842105263157895,
  "pr_auc": 0.34734614776143014
}