{
  "f1": 0.21428571428571427,
  "roc_auc": 0.6346153846153846,
  "pr_auc": 0.38081634840606793
}