{
  "f1": 0.4166666666666667,
  "roc_auc": 0.9077380952380952,
  "pr_auc": 0.569271911663216
}