{
  "f1": 0.2727272727272727,
  "roc_auc": 0.7558441558441559,
  "pr_auc": 0.2727545608206563
}