{
  "f1": 0.2857142857142857,
  "roc_auc": 0.7602040816326531,
  "pr_auc": 0.3524644945697577
}