{
  "f1": 0.10526315789473684,
  "roc_auc": 0.6726190476190477,
  "pr_auc": 0.22479731525784158
}