{
  "f1": 0.25,
  "roc_auc": 0.712280701754386,
  "pr_auc": 0.333431855500821
}