{
  "f1": 0.3,
  "roc_auc": 0.8103448275862069,
  "pr_auc": 0.42261904761904756
}