{
  "f1": 0.4,
  "roc_auc": 0.7827380952380952,
  "pr_auc": 0.6163261648745519
}