{
  "f1": 0.21052631578947367,
  "roc_auc": 0.8418079096045197,
  "pr_auc": 0.36904761904761907
}