{
  "f1": 0.09523809523809523,
  "roc_auc": 0.6458333333333333,
  "pr_auc": 0.2009139009139009
}