{
  "f1": 0.2222222222222222,
  "roc_auc": 0.6101694915254237,
  "pr_auc": 0.1558380414312618
}