{
  "f1": 0.21052631578947367,
  "roc_auc": 0.7440476190476191,
  "pr_auc": 0.2095704948646125
}