{
  "f1": 0.375,
  "roc_auc": 0.8017241379310344,
  "pr_auc": 0.7079081632653061
}