{
  "f1": 0.21052631578947367,
  "roc_auc": 0.6807017543859649,
  "pr_auc": 0.3706709956709957
}