{
  "f1": 0.10526315789473684,
  "roc_auc": 0.7155172413793103,
  "pr_auc": 0.1445789124668435
}