{
  "f1": 0.4,
  "roc_auc": 0.7506493506493506,
  "pr_auc": 0.3505797773654916
}