{
  "f1": 0.42105263157894735,
  "roc_auc": 0.7261904761904762,
  "pr_auc": 0.44330484330484327
}