{
  "f1": 0.4166666666666667,
  "roc_auc": 0.6645702306079664,
  "pr_auc": 0.37843272355467483
}