{
  "f1": 0.3076923076923077,
  "roc_auc": 0.6274509803921569,
  "pr_auc": 0.3133707388580599
}