{
  "f1": 0.13333333333333333,
  "roc_auc": 0.6166666666666667,
  "pr_auc": 0.15694444444444444
}