{
  "f1": 0.4,
  "roc_auc": 0.8623376623376624,
  "pr_auc": 0.6286967418546365
}