{
  "f1": 0.43478260869565216,
  "roc_auc": 0.7839506172839507,
  "pr_auc": 0.515542328042328
}