{
  "f1": 0.21052631578947367,
  "roc_auc": 0.8448275862068965,
  "pr_auc": 0.33709273182957394
}