{
  "f1": 0.26666666666666666,
  "roc_auc": 0.8722222222222222,
  "pr_auc": 0.3026315789473684
}