{
  "f1": 0.2,
  "roc_auc": 0.7112068965517242,
  "pr_auc": 0.15853174603174602
}