{
  "f1": 0.2,
  "roc_auc": 0.689655172413793,
  "pr_auc": 0.2188679245283019
}