{
  "f1": 0.13333333333333333,
  "roc_auc": 0.7005649717514124,
  "pr_auc": 0.24067599067599066
}