{
  "f1": 0.1111111111111111,
  "roc_auc": 0.7542372881355932,
  "pr_auc": 0.2303030303030303
}