{
  "f1": 0.41379310344827586,
  "roc_auc": 0.6923076923076923,
  "pr_auc": 0.38004586052783396
}