{
  "f1": 0.14285714285714285,
  "roc_auc": 0.5086206896551725,
  "pr_auc": 0.09512339316032015
}