{
  "f1": 0.3333333333333333,
  "roc_auc": 0.7569444444444444,
  "pr_auc": 0.3345195759669444
}