{
  "f1": 0.19047619047619047,
  "roc_auc": 0.8870056497175142,
  "pr_auc": 0.3526315789473684
}