{
  "f1": 0.2,
  "roc_auc": 0.7275862068965517,
  "pr_auc": 0.48139573070607555
}