{
  "f1": 0.16,
  "roc_auc": 0.48724489795918363,
  "pr_auc": 0.17959183673469387
}