{
  "f1": 0.21052631578947367,
  "roc_auc": 0.5238095238095238,
  "pr_auc": 0.13654644164606217
}