{
  "f1": 0.125,
  "roc_auc": 0.5473684210526316,
  "pr_auc": 0.2827060931899642
}