{
  "f1": 0.17391304347826086,
  "roc_auc": 0.6311688311688312,
  "pr_auc": 0.18003834755752915
}