{
  "f1": 0.43478260869565216,
  "roc_auc": 0.8153846153846153,
  "pr_auc": 0.45977016542233934
}