{
  "f1": 0.3157894736842105,
  "roc_auc": 0.8601190476190476,
  "pr_auc": 0.3134450710108605
}