{
  "f1": 0.23076923076923078,
  "roc_auc": 0.698076923076923,
  "pr_auc": 0.29143780263648345
}