{
  "f1": 0.42105263157894735,
  "roc_auc": 0.7470725995316159,
  "pr_auc": 0.4982619534762984
}