{
  "f1": 0.5789473684210527,
  "roc_auc": 0.8214689265536723,
  "pr_auc": 0.5512841487502932
}