{
  "f1": 0.32432432432432434,
  "roc_auc": 0.6772486772486773,
  "pr_auc": 0.24784660728090518
}