{
  "f1": 0.6046511627906976,
  "roc_auc": 0.8620689655172413,
  "pr_auc": 0.6712545994900809
}