{
  "f1": 0.37209302325581395,
  "roc_auc": 0.675595238095238,
  "pr_auc": 0.4887612693912169
}