{
  "f1": 0.43243243243243246,
  "roc_auc": 0.6683569979716024,
  "pr_auc": 0.44959779029544883
}