{
  "f1": 0.22857142857142856,
  "roc_auc": 0.6140625,
  "pr_auc": 0.21268950004244125
}