{
  "f1": 0.5454545454545454,
  "roc_auc": 0.6978922716627635,
  "pr_auc": 0.47154238671585225
}