{
  "f1": 0.5185185185185185,
  "roc_auc": 0.815625,
  "pr_auc": 0.5727603098655729
}