{
  "f1": 0.3902439024390244,
  "roc_auc": 0.6945304437564499,
  "pr_auc": 0.4312468985903521
}