{
  "f1": 0.4186046511627907,
  "roc_auc": 0.7095238095238096,
  "pr_auc": 0.4577413618833189
}