{
  "f1": 0.46153846153846156,
  "roc_auc": 0.7649717514124293,
  "pr_auc": 0.5057637580935642
}