{
  "f1": 0.45,
  "roc_auc": 0.8064516129032258,
  "pr_auc": 0.45560934662625385
}