{
  "mean": 0.4777370696858973,
  "std": 0.11010921881965988,
  "dist": [
    0.5161290322580645,
    0.3243243243243243,
    0.4375,
    0.5,
    0.6486486486486487,
    0.5,
    0.5161290322580645,
    0.3076923076923077,
    0.5142857142857142,
    0.5405405405405406,
    0.4375,
    0.3225806451612903,
    0.7741935483870968,
    0.3333333333333333,
    0.5405405405405406,
    0.5925925925925926,
    0.4545454545454545,
    0.4571428571428571,
    0.4444444444444444,
    0.4878048780487805,
    0.32,
    0.65,
    0.5454545454545454,
    0.4242424242424242,
    0.4,
    0.6153846153846154,
    0.5,
    0.4375,
    0.5,
    0.3333333333333333,
    0.5,
    0.5,
    0.5517241379310345,
    0.25,
    0.55,
    0.5,
    0.3846153846153846,
    0.3846153846153846,
    0.6046511627906976,
    0.4666666666666667,
    0.5,
    0.4705882352941176,
    0.4516129032258064,
    0.6470588235294118,
    0.3529411764705882,
    0.4571428571428571,
    0.3333333333333333,
    0.3333333333333333,
    0.6060606060606061,
    0.6666666666666666
  ]
}