{
  "t_test": {
    "t_stat": -2.5077749093583974,
    "p_value": 0.015511561976363317
  },
  "wilcoxon": {
    "w_stat": 404.0,
    "p_value": 0.023585311964122724
  }
}