{
  "f1": 0.5714285714285714,
  "roc_auc": 0.8180790960451978,
  "pr_auc": 0.5522637879241653
}