{
  "f1": 0.3333333333333333,
  "roc_auc": 0.6719576719576719,
  "pr_auc": 0.2918388080418745
}