{
  "f1": 0.47368421052631576,
  "roc_auc": 0.7740112994350283,
  "pr_auc": 0.40487674634733456
}