{
  "f1": 0.3333333333333333,
  "roc_auc": 0.6547619047619049,
  "pr_auc": 0.2656466298157016
}