{
  "f1": 0.30303030303030304,
  "roc_auc": 0.7003367003367003,
  "pr_auc": 0.25218309601551636
}