{
  "f1": 0.2564102564102564,
  "roc_auc": 0.6581196581196581,
  "pr_auc": 0.21841820951617655
}