{
  "f1": 0.5161290322580645,
  "roc_auc": 0.7755359394703656,
  "pr_auc": 0.5514330684712698
}