{
  "f1": 0.43243243243243246,
  "roc_auc": 0.6811440677966102,
  "pr_auc": 0.43871020046079157
}