{
  "f1": 0.46153846153846156,
  "roc_auc": 0.8238213399503722,
  "pr_auc": 0.4485094342560405
}