{
  "f1": 0.2777777777777778,
  "roc_auc": 0.6392045454545454,
  "pr_auc": 0.20516976488179198
}