{
  "f1": 0.5490196078431373,
  "roc_auc": 0.7266313932980599,
  "pr_auc": 0.48794818724274736
}