{
  "f1": 0.4444444444444444,
  "roc_auc": 0.8888888888888888,
  "pr_auc": 0.4722222222222222
}