{
  "f1": 0.5,
  "roc_auc": 0.8129032258064515,
  "pr_auc": 0.6532051282051282
}