{
  "f1": 0.631578947368421,
  "roc_auc": 0.8666666666666667,
  "pr_auc": 0.536075036075036
}