{
  "f1": 0.6666666666666666,
  "roc_auc": 0.84375,
  "pr_auc": 0.6814732660127397
}