{
  "f1": 0.42857142857142855,
  "roc_auc": 0.7944444444444445,
  "pr_auc": 0.49909090909090914
}