{
  "f1": 0.7,
  "roc_auc": 0.9196428571428572,
  "pr_auc": 0.7488095238095239
}