{
  "f1": 0.75,
  "roc_auc": 0.9611111111111111,
  "pr_auc": 0.8218253968253967
}