{
  "f1": 0.2857142857142857,
  "roc_auc": 0.7575757575757576,
  "pr_auc": 0.2162309368191721
}