{
  "f1": 0.7058823529411765,
  "roc_auc": 0.8705357142857143,
  "pr_auc": 0.6055735930735932
}