{
  "f1": 0.4,
  "roc_auc": 0.8055555555555556,
  "pr_auc": 0.6033834586466165
}