{
  "f1": 0.6666666666666666,
  "roc_auc": 0.8226600985221675,
  "pr_auc": 0.45858854740842314
}