{
  "f1": 0.46153846153846156,
  "roc_auc": 0.8516129032258065,
  "pr_auc": 0.4663003663003663
}