{
  "f1": 0.5714285714285714,
  "roc_auc": 0.9921875,
  "pr_auc": 0.95
}