{
  "f1": 0.42857142857142855,
  "roc_auc": 0.7265625,
  "pr_auc": 0.2434782608695652
}