{
  "f1": 0.6153846153846154,
  "roc_auc": 0.8768472906403941,
  "pr_auc": 0.6555555555555554
}