{
  "f1": 0.5555555555555556,
  "roc_auc": 0.7980295566502462,
  "pr_auc": 0.45623582766439913
}