{
  "f1": 0.3333333333333333,
  "roc_auc": 0.8282828282828284,
  "pr_auc": 0.29365079365079366
}