{
  "f1": 0.3333333333333333,
  "roc_auc": 0.7980295566502463,
  "pr_auc": 0.5562030075187969
}