{
  "f1": 0.35294117647058826,
  "roc_auc": 0.7055555555555556,
  "pr_auc": 0.3604257627477442
}