{
  "f1": 0.5333333333333333,
  "roc_auc": 0.7723214285714286,
  "pr_auc": 0.5800595238095239
}