{
  "f1": 0.4444444444444444,
  "roc_auc": 0.9117647058823529,
  "pr_auc": 0.39285714285714285
}