{
  "f1": 0.3076923076923077,
  "roc_auc": 0.7666666666666667,
  "pr_auc": 0.3476190476190476
}