{
  "f1": 0.46153846153846156,
  "roc_auc": 0.7870967741935484,
  "pr_auc": 0.6097243107769423
}