{
  "f1": 0.8,
  "roc_auc": 0.9611111111111111,
  "pr_auc": 0.7861111111111111
}