{
  "f1": 0.75,
  "roc_auc": 0.960591133004926,
  "pr_auc": 0.9081632653061225
}