{
  "f1": 0.2857142857142857,
  "roc_auc": 0.7225806451612903,
  "pr_auc": 0.4171904024767802
}