{
  "f1": 0.7058823529411765,
  "roc_auc": 0.8794642857142858,
  "pr_auc": 0.7146355472013367
}