{
  "f1": 0.46153846153846156,
  "roc_auc": 0.9096774193548387,
  "pr_auc": 0.5422222222222222
}