{
  "f1": 0.5882352941176471,
  "roc_auc": 0.8722222222222222,
  "pr_auc": 0.4924242424242424
}