{
  "f1": 0.36363636363636365,
  "roc_auc": 0.7734375,
  "pr_auc": 0.2552521008403361
}