{
  "f1": 0.6666666666666666,
  "roc_auc": 0.8903225806451613,
  "pr_auc": 0.5199999999999999
}