{
  "f1": 0.4444444444444444,
  "roc_auc": 0.828125,
  "pr_auc": 0.5321428571428571
}