{
  "f1": 0.34782608695652173,
  "roc_auc": 0.7916666666666666,
  "pr_auc": 0.46352085167874635
}