{
  "f1": 0.2857142857142857,
  "roc_auc": 0.6337662337662338,
  "pr_auc": 0.3581292311105976
}