{
  "f1": 0.2608695652173913,
  "roc_auc": 0.8232758620689655,
  "pr_auc": 0.31527777777777777
}