{
  "f1": 0.23076923076923078,
  "roc_auc": 0.5230769230769231,
  "pr_auc": 0.2251423592220556
}