{
  "f1": 0.13333333333333333,
  "roc_auc": 0.488095238095238,
  "pr_auc": 0.16851923413600683
}