{
  "f1": 0.35294117647058826,
  "roc_auc": 0.6771929824561403,
  "pr_auc": 0.4177896613190731
}