{
  "f1": 0.09090909090909091,
  "roc_auc": 0.5649717514124294,
  "pr_auc": 0.07637767637767638
}