{
  "f1": 0.25,
  "roc_auc": 0.5972222222222223,
  "pr_auc": 0.18515119990303813
}