{
  "f1": 0.0,
  "roc_auc": 0.43333333333333335,
  "pr_auc": 0.05772609819121447
}