{
  "f1": 0.09090909090909091,
  "roc_auc": 0.5535714285714286,
  "pr_auc": 0.15188843515305284
}