{
  "f1": 0.2608695652173913,
  "roc_auc": 0.7629310344827586,
  "pr_auc": 0.25245098039215685
}