{
  "f1": 0.125,
  "roc_auc": 0.5948275862068966,
  "pr_auc": 0.10941738383779248
}