{
  "f1": 0.34782608695652173,
  "roc_auc": 0.6836734693877551,
  "pr_auc": 0.24682024324881466
}