{
  "f1": 0.0,
  "roc_auc": 0.33898305084745767,
  "pr_auc": 0.04794094794094794
}