{
  "f1": 0.08333333333333333,
  "roc_auc": 0.5029761904761905,
  "pr_auc": 0.10479174595287064
}