{
  "f1": 0.21052631578947367,
  "roc_auc": 0.8022598870056498,
  "pr_auc": 0.41666666666666663
}