{
  "f1": 0.23076923076923078,
  "roc_auc": 0.8531073446327684,
  "pr_auc": 0.18253968253968253
}