{
  "f1": 0.36363636363636365,
  "roc_auc": 0.7376623376623377,
  "pr_auc": 0.43597883597883597
}