{
  "f1": 0.5,
  "roc_auc": 0.9482758620689655,
  "pr_auc": 0.5075757575757576
}