{
  "f1": 0.23076923076923078,
  "roc_auc": 0.6428571428571428,
  "pr_auc": 0.20931281251048695
}