{
  "f1": 0.37037037037037035,
  "roc_auc": 0.6538461538461537,
  "pr_auc": 0.2677409406251911
}