{
  "f1": 0.3225806451612903,
  "roc_auc": 0.6060606060606061,
  "pr_auc": 0.2667280853669316
}