{
  "f1": 0.18181818181818182,
  "roc_auc": 0.6210526315789474,
  "pr_auc": 0.19948657277849824
}