{
  "f1": 0.23076923076923078,
  "roc_auc": 0.6190476190476191,
  "pr_auc": 0.1582405333665132
}