{
  "f1": 0.3157894736842105,
  "roc_auc": 0.9152542372881356,
  "pr_auc": 0.5625
}