{
  "f1": 0.32,
  "roc_auc": 0.7272727272727273,
  "pr_auc": 0.5650510204081632
}