{
  "f1": 0.2962962962962963,
  "roc_auc": 0.6805194805194805,
  "pr_auc": 0.2087825246377621
}