{
  "f1": 0.5,
  "roc_auc": 0.790356394129979,
  "pr_auc": 0.4493730255635018
}