{
  "f1": 0.4166666666666667,
  "roc_auc": 0.7525510204081632,
  "pr_auc": 0.3679970406794115
}