{
  "f1": 0.2962962962962963,
  "roc_auc": 0.6301020408163265,
  "pr_auc": 0.17110869792076913
}