{
  "f1": 0.18181818181818182,
  "roc_auc": 0.625,
  "pr_auc": 0.20037708600770218
}