{
  "f1": 0.4,
  "roc_auc": 0.713991769547325,
  "pr_auc": 0.4015858984239237
}