{
  "f1": 0.1111111111111111,
  "roc_auc": 0.5192982456140351,
  "pr_auc": 0.1727811256843515
}