{
  "f1": 0.18181818181818182,
  "roc_auc": 0.5688775510204082,
  "pr_auc": 0.23833203456821325
}