{
  "f1": 0.4,
  "roc_auc": 0.7529761904761905,
  "pr_auc": 0.40382475314540534
}