{
  "f1": 0.3225806451612903,
  "roc_auc": 0.7272727272727273,
  "pr_auc": 0.3346971006908894
}