{
  "f1": 0.3,
  "roc_auc": 0.7333333333333334,
  "pr_auc": 0.29939024390243907
}