{
  "f1": 0.11764705882352941,
  "roc_auc": 0.576271186440678,
  "pr_auc": 0.37457912457912457
}