{
  "f1": 0.38461538461538464,
  "roc_auc": 0.6461538461538461,
  "pr_auc": 0.27504724563935096
}