{
  "f1": 0.3157894736842105,
  "roc_auc": 0.7023809523809524,
  "pr_auc": 0.44687877318578095
}