{
  "f1": 0.2727272727272727,
  "roc_auc": 0.703448275862069,
  "pr_auc": 0.2511363636363636
}