{
  "f1": 0.2857142857142857,
  "roc_auc": 0.7448275862068966,
  "pr_auc": 0.20255816255816256
}