{
  "f1": 0.19047619047619047,
  "roc_auc": 0.728448275862069,
  "pr_auc": 0.1574750058126017
}