{
  "f1": 0.23529411764705882,
  "roc_auc": 0.597457627118644,
  "pr_auc": 0.1829710144927536
}