{
  "f1": 0.2222222222222222,
  "roc_auc": 0.6285714285714286,
  "pr_auc": 0.3510899010899011
}