{
  "f1": 0.25,
  "roc_auc": 0.5423076923076924,
  "pr_auc": 0.2460942566990954
}