{
  "f1": 0.1,
  "roc_auc": 0.6810344827586206,
  "pr_auc": 0.32983934169278994
}