{
  "f1": 0.0,
  "roc_auc": 0.3163841807909605,
  "pr_auc": 0.04559646856158484
}