{
  "f1": 0.46511627906976744,
  "roc_auc": 0.7404761904761905,
  "pr_auc": 0.5176246198124385
}