{
  "f1": 0.4888888888888889,
  "roc_auc": 0.7114661654135338,
  "pr_auc": 0.5161848197783502
}