{
  "f1": 0.5777777777777777,
  "roc_auc": 0.804093567251462,
  "pr_auc": 0.6148595613049949
}