{
  "f1": 0.5365853658536586,
  "roc_auc": 0.7358674463937622,
  "pr_auc": 0.459016616162267
}