{
  "f1": 0.6153846153846154,
  "roc_auc": 0.8903954802259888,
  "pr_auc": 0.6984102009102009
}