{
  "f1": 0.6341463414634146,
  "roc_auc": 0.8922413793103448,
  "pr_auc": 0.7302111840904945
}