{
  "f1": 0.5405405405405406,
  "roc_auc": 0.8234552332912989,
  "pr_auc": 0.5337025823881758
}