{
  "f1": 0.4,
  "roc_auc": 0.7096018735362998,
  "pr_auc": 0.43116388023291574
}