{
  "f1": 0.5714285714285714,
  "roc_auc": 0.8573200992555832,
  "pr_auc": 0.5070510517947536
}