{
  "f1": 0.22857142857142856,
  "roc_auc": 0.5028409090909091,
  "pr_auc": 0.17406111287471748
}