{
  "f1": 0.4878048780487805,
  "roc_auc": 0.7728813559322034,
  "pr_auc": 0.4772895352591747
}