{
  "f1": 0.46153846153846156,
  "roc_auc": 0.760545905707196,
  "pr_auc": 0.4847471452011094
}