{
  "f1": 0.34285714285714286,
  "roc_auc": 0.7288359788359788,
  "pr_auc": 0.408397838496656
}