{
  "f1": 0.68,
  "roc_auc": 0.8688995215311005,
  "pr_auc": 0.6605592868337076
}