{
  "f1": 0.4,
  "roc_auc": 0.7763466042154566,
  "pr_auc": 0.5330648370459294
}