{
  "f1": 0.5405405405405406,
  "roc_auc": 0.7053571428571429,
  "pr_auc": 0.523380293116251
}