{
  "f1": 0.47619047619047616,
  "roc_auc": 0.6977777777777778,
  "pr_auc": 0.44816141397809994
}