{
  "f1": 0.6,
  "roc_auc": 0.7328042328042328,
  "pr_auc": 0.596066377097227
}