{
  "f1": 0.24242424242424243,
  "roc_auc": 0.625,
  "pr_auc": 0.28122048775799147
}