{
  "f1": 0.5142857142857142,
  "roc_auc": 0.6790254237288135,
  "pr_auc": 0.5111324184452403
}