{
  "f1": 0.4444444444444444,
  "roc_auc": 0.7023809523809523,
  "pr_auc": 0.5477361003987384
}