{
  "f1": 0.4117647058823529,
  "roc_auc": 0.6612903225806451,
  "pr_auc": 0.45075539065224546
}