{
  "f1": 0.5,
  "roc_auc": 0.7365339578454333,
  "pr_auc": 0.4349335895252558
}