{
  "f1": 0.3870967741935484,
  "roc_auc": 0.8030303030303031,
  "pr_auc": 0.4948900135413765
}