{
  "f1": 0.41379310344827586,
  "roc_auc": 0.7811965811965813,
  "pr_auc": 0.47765048815570066
}