{
  "f1": 0.5142857142857142,
  "roc_auc": 0.7819209039548023,
  "pr_auc": 0.5184743025237722
}