{
  "f1": 0.4864864864864865,
  "roc_auc": 0.8253968253968254,
  "pr_auc": 0.4898150720829714
}