{
  "f1": 0.45454545454545453,
  "roc_auc": 0.7669491525423728,
  "pr_auc": 0.5222593531123854
}