{
  "f1": 0.5957446808510638,
  "roc_auc": 0.8099415204678362,
  "pr_auc": 0.6828962297082521
}