{
  "f1": 0.5555555555555556,
  "roc_auc": 0.815136476426799,
  "pr_auc": 0.5306716169373733
}