{
  "f1": 0.6521739130434783,
  "roc_auc": 0.9105603448275862,
  "pr_auc": 0.8045758928571429
}