{
  "f1": 0.30303030303030304,
  "roc_auc": 0.75,
  "pr_auc": 0.30833378223084107
}