{
  "f1": 0.5217391304347826,
  "roc_auc": 0.7808612440191387,
  "pr_auc": 0.624337945080222
}