{
  "f1": 0.45714285714285713,
  "roc_auc": 0.6988636363636365,
  "pr_auc": 0.4290514803828721
}