{
  "f1": 0.4827586206896552,
  "roc_auc": 0.84375,
  "pr_auc": 0.5737687687687687
}