{
  "f1": 0.45,
  "roc_auc": 0.6795131845841784,
  "pr_auc": 0.4285884060233302
}