{
  "f1": 0.4090909090909091,
  "roc_auc": 0.6655555555555556,
  "pr_auc": 0.43517850695666715
}