{
  "f1": 0.35714285714285715,
  "roc_auc": 0.6138461538461538,
  "pr_auc": 0.21993908336495543
}