{
  "f1": 0.5116279069767442,
  "roc_auc": 0.7397129186602871,
  "pr_auc": 0.5312621249683951
}