{
  "f1": 0.45161290322580644,
  "roc_auc": 0.7196029776674937,
  "pr_auc": 0.3527477176308427
}