{
  "f1": 0.3783783783783784,
  "roc_auc": 0.7518610421836227,
  "pr_auc": 0.5575815453569872
}