{
  "f1": 0.34146341463414637,
  "roc_auc": 0.7341269841269842,
  "pr_auc": 0.476409238909239
}