{
  "f1": 0.2857142857142857,
  "roc_auc": 0.6890625,
  "pr_auc": 0.23195251929242078
}