{
  "f1": 0.42857142857142855,
  "roc_auc": 0.7620967741935484,
  "pr_auc": 0.39871023834997205
}