{
  "f1": 0.47619047619047616,
  "roc_auc": 0.7296181630546955,
  "pr_auc": 0.4772897978687789
}