{
  "f1": 0.3902439024390244,
  "roc_auc": 0.6904761904761905,
  "pr_auc": 0.2630028804394746
}