{
  "f1": 0.3888888888888889,
  "roc_auc": 0.7561327561327561,
  "pr_auc": 0.4076677013543139
}