{
  "mean": 0.49181451881451876,
  "std": 0.20505869902033147,
  "dist": [
    0.2222222222222222,
    0.3333333333333333,
    0.75,
    0.75,
    0.5,
    0.8888888888888888,
    0.6666666666666666,
    0.3333333333333333,
    0.2,
    0.4,
    0.6153846153846154,
    0.4444444444444444,
    0.5714285714285714,
    0.3333333333333333,
    0.5,
    0.8,
    0.0,
    0.75,
    0.5454545454545454,
    0.0,
    0.4444444444444444,
    0.5,
    0.6153846153846154,
    0.6666666666666666,
    0.0,
    0.5454545454545454,
    0.4,
    0.4,
    0.5,
    0.6666666666666666,
    0.4,
    0.6666666666666666,
    0.4444444444444444,
    0.5,
    0.5,
    0.5714285714285714,
    0.6666666666666666,
    0.5714285714285714,
    0.2222222222222222,
    0.6,
    0.2857142857142857,
    0.4285714285714285,
    0.8,
    0.5714285714285714,
    0.6666666666666666,
    0.6666666666666666,
    0.4,
    0.2857142857142857,
    0.6666666666666666,
    0.3333333333333333
  ]
}