{
  "t_test": {
    "t_stat": 3.851970874720606,
    "p_value": 0.00034056394756892664
  },
  "wilcoxon": {
    "w_stat": 214.5,
    "p_value": 0.00021624496342199866
  }
}