{
  "f1": 0.5294117647058824,
  "roc_auc": 0.7694915254237288,
  "pr_auc": 0.615765439460721
}