{
  "f1": 0.6,
  "roc_auc": 0.784366576819407,
  "pr_auc": 0.6337780109283087
}