{
  "f1": 0.5116279069767442,
  "roc_auc": 0.748015873015873,
  "pr_auc": 0.5192178536786379
}