{
  "f1": 0.5142857142857142,
  "roc_auc": 0.7919293820933165,
  "pr_auc": 0.5646015357957578
}