{
  "f1": 0.5128205128205128,
  "roc_auc": 0.7186602870813397,
  "pr_auc": 0.6291586596979943
}