{
  "f1": 0.4878048780487805,
  "roc_auc": 0.7320574162679425,
  "pr_auc": 0.5027108628102381
}