{
  "f1": 0.4888888888888889,
  "roc_auc": 0.6685185185185184,
  "pr_auc": 0.5654168694334989
}