{
  "f1": 0.4878048780487805,
  "roc_auc": 0.7552966101694916,
  "pr_auc": 0.43444150561940337
}