{
  "f1": 0.5531914893617021,
  "roc_auc": 0.8292902066486972,
  "pr_auc": 0.7389173561025166
}