{
  "f1": 0.5,
  "roc_auc": 0.8337468982630273,
  "pr_auc": 0.5862582893086872
}