{
  "f1": 0.4864864864864865,
  "roc_auc": 0.7099391480730224,
  "pr_auc": 0.48157182157382006
}