{
  "f1": 0.5294117647058824,
  "roc_auc": 0.7791563275434243,
  "pr_auc": 0.5204480555800877
}