{
  "f1": 0.6190476190476191,
  "roc_auc": 0.8627450980392157,
  "pr_auc": 0.7048484342716407
}