{
  "f1": 0.5128205128205128,
  "roc_auc": 0.7678018575851392,
  "pr_auc": 0.6665754657486513
}