{
  "f1": 0.43902439024390244,
  "roc_auc": 0.775175644028103,
  "pr_auc": 0.38600750483204466
}