{
  "f1": 0.5238095238095238,
  "roc_auc": 0.7982456140350876,
  "pr_auc": 0.5794532885668098
}