{
  "f1": 0.4666666666666667,
  "roc_auc": 0.8451704545454545,
  "pr_auc": 0.6416816887386865
}