{
  "f1": 0.5116279069767442,
  "roc_auc": 0.7203302373581012,
  "pr_auc": 0.5694260017187305
}