{
  "f1": 0.2962962962962963,
  "roc_auc": 0.5953846153846154,
  "pr_auc": 0.2797783161139867
}