{
  "f1": 0.48484848484848486,
  "roc_auc": 0.7387914230019493,
  "pr_auc": 0.5638723672235361
}