{
  "f1": 0.45161290322580644,
  "roc_auc": 0.7464285714285713,
  "pr_auc": 0.5156031380766166
}