{
  "f1": 0.5128205128205128,
  "roc_auc": 0.736228813559322,
  "pr_auc": 0.46927766195618126
}