{
  "f1": 0.6470588235294118,
  "roc_auc": 0.9320843091334895,
  "pr_auc": 0.7986143816500959
}