{
  "f1": 0.6818181818181818,
  "roc_auc": 0.845679012345679,
  "pr_auc": 0.7970475882946464
}