{
  "f1": 0.4864864864864865,
  "roc_auc": 0.7733333333333333,
  "pr_auc": 0.6113670331823399
}