{
  "f1": 0.5365853658536586,
  "roc_auc": 0.8066666666666666,
  "pr_auc": 0.5968561465245587
}