{
  "f1": 0.3448275862068966,
  "roc_auc": 0.7208994708994709,
  "pr_auc": 0.3475594347949655
}