{
  "f1": 0.5714285714285714,
  "roc_auc": 0.7817796610169492,
  "pr_auc": 0.6170698067177447
}