{
  "f1": 0.3157894736842105,
  "roc_auc": 0.6228813559322034,
  "pr_auc": 0.35866875401492326
}