{
  "f1": 0.36363636363636365,
  "roc_auc": 0.6655367231638418,
  "pr_auc": 0.3928180588186382
}