{
  "f1": 0.5853658536585366,
  "roc_auc": 0.7698412698412699,
  "pr_auc": 0.559161443959173
}