{
  "f1": 0.5238095238095238,
  "roc_auc": 0.7298728813559322,
  "pr_auc": 0.46772695533962133
}