{
  "f1": 0.4782608695652174,
  "roc_auc": 0.7530864197530864,
  "pr_auc": 0.6084907625369258
}