{
  "f1": 0.46153846153846156,
  "roc_auc": 0.7506203473945409,
  "pr_auc": 0.451452185211776
}