{
  "f1": 0.5853658536585366,
  "roc_auc": 0.8012170385395536,
  "pr_auc": 0.6918894416182099
}