{
  "f1": 0.45714285714285713,
  "roc_auc": 0.7799999999999999,
  "pr_auc": 0.5276551929884794
}