{
  "f1": 0.5853658536585366,
  "roc_auc": 0.802579365079365,
  "pr_auc": 0.6510180413951392
}