{
  "f1": 0.6829268292682927,
  "roc_auc": 0.8204365079365079,
  "pr_auc": 0.7327550151897433
}