{
  "f1": 0.4864864864864865,
  "roc_auc": 0.7364438839848676,
  "pr_auc": 0.4906572185549606
}