{
  "f1": 0.43243243243243246,
  "roc_auc": 0.7220338983050847,
  "pr_auc": 0.516780443331487
}