{
  "f1": 0.47368421052631576,
  "roc_auc": 0.7133995037220845,
  "pr_auc": 0.3632498193128964
}