{
  "f1": 0.3333333333333333,
  "roc_auc": 0.6723076923076923,
  "pr_auc": 0.34302739884636435
}