{
  "f1": 0.4,
  "roc_auc": 0.6577777777777778,
  "pr_auc": 0.3249158915983472
}