{
  "f1": 0.6382978723404256,
  "roc_auc": 0.845679012345679,
  "pr_auc": 0.7454969465641577
}