{
  "f1": 0.46153846153846156,
  "roc_auc": 0.7681498829039812,
  "pr_auc": 0.5647741324632174
}