{
  "f1": 0.4,
  "roc_auc": 0.7890625000000001,
  "pr_auc": 0.5102867746288798
}