{
  "f1": 0.631578947368421,
  "roc_auc": 0.8372881355932204,
  "pr_auc": 0.6662506357952582
}