{
  "f1": 0.35294117647058826,
  "roc_auc": 0.6416666666666667,
  "pr_auc": 0.4165732352989735
}