{
  "f1": 0.5882352941176471,
  "roc_auc": 0.7647058823529411,
  "pr_auc": 0.6112093111696039
}