{
  "f1": 0.3157894736842105,
  "roc_auc": 0.7923076923076924,
  "pr_auc": 0.3744960283085796
}