{
  "f1": 0.24,
  "roc_auc": 0.625668449197861,
  "pr_auc": 0.26622641106228884
}