{
  "f1": 0.3076923076923077,
  "roc_auc": 0.8362068965517241,
  "pr_auc": 0.22804621848739498
}