{
  "f1": 0.14285714285714285,
  "roc_auc": 0.6594827586206897,
  "pr_auc": 0.16089563065369517
}