{
  "f1": 0.19047619047619047,
  "roc_auc": 0.7688311688311688,
  "pr_auc": 0.2554813592103508
}