{
  "f1": 0.18181818181818182,
  "roc_auc": 0.646551724137931,
  "pr_auc": 0.14749149659863944
}