{
  "f1": 0.3076923076923077,
  "roc_auc": 0.8192090395480226,
  "pr_auc": 0.25114942528735634
}