{
  "f1": 0.25,
  "roc_auc": 0.7838983050847458,
  "pr_auc": 0.2039758487126908
}