{
  "f1": 0.16666666666666666,
  "roc_auc": 0.7627118644067797,
  "pr_auc": 0.40398550724637683
}