{
  "f1": 0.35294117647058826,
  "roc_auc": 0.5688775510204082,
  "pr_auc": 0.19150619820773462
}