{
  "f1": 0.2222222222222222,
  "roc_auc": 0.7232142857142857,
  "pr_auc": 0.22616063182100915
}