{
  "f1": 0.2857142857142857,
  "roc_auc": 0.6551724137931034,
  "pr_auc": 0.20192927639736147
}