{
  "f1": 0.3333333333333333,
  "roc_auc": 0.6307692307692307,
  "pr_auc": 0.42808213985698773
}