{
  "f1": 0.35294117647058826,
  "roc_auc": 0.8441558441558442,
  "pr_auc": 0.3790267719991222
}