{
  "f1": 0.4,
  "roc_auc": 0.5922077922077922,
  "pr_auc": 0.3371681777342155
}