{
  "f1": 0.14285714285714285,
  "roc_auc": 0.6755952380952381,
  "pr_auc": 0.1623797765005861
}