{
  "f1": 0.125,
  "roc_auc": 0.5505952380952381,
  "pr_auc": 0.12965762273901807
}