{
  "f1": 0.4,
  "roc_auc": 0.7827380952380953,
  "pr_auc": 0.6238930659983292
}