{
  "f1": 0.4,
  "roc_auc": 0.7966457023060797,
  "pr_auc": 0.536121516766678
}