{
  "f1": 0.4,
  "roc_auc": 0.7202380952380952,
  "pr_auc": 0.4246181325449618
}