{
  "f1": 0.375,
  "roc_auc": 0.7298245614035088,
  "pr_auc": 0.2821961359745659
}