{
  "f1": 0.35294117647058826,
  "roc_auc": 0.6597222222222222,
  "pr_auc": 0.27831281932502205
}