{
  "f1": 0.46153846153846156,
  "roc_auc": 0.7724137931034483,
  "pr_auc": 0.3012861169837914
}