{
  "f1": 0.0,
  "roc_auc": 0.6214689265536724,
  "pr_auc": 0.079227761485826
}