{
  "f1": 0.25,
  "roc_auc": 0.7241379310344828,
  "pr_auc": 0.21102564102564103
}