{
  "f1": 0.0,
  "roc_auc": 0.5706214689265536,
  "pr_auc": 0.08324420677361855
}