{
  "f1": 0.3157894736842105,
  "roc_auc": 0.7576530612244897,
  "pr_auc": 0.3490491651205937
}