{
  "f1": 0.4444444444444444,
  "roc_auc": 0.7427983539094649,
  "pr_auc": 0.3315341682318908
}