{
  "f1": 0.125,
  "roc_auc": 0.6458333333333333,
  "pr_auc": 0.15908457484544442
}