{
  "f1": 0.13333333333333333,
  "roc_auc": 0.7470238095238095,
  "pr_auc": 0.20383719541328235
}