{
  "f1": 0.17391304347826086,
  "roc_auc": 0.5766233766233766,
  "pr_auc": 0.16287626161575738
}