{
  "f1": 0.3333333333333333,
  "roc_auc": 0.7321428571428571,
  "pr_auc": 0.23343230843230842
}