{
  "f1": 0.2,
  "roc_auc": 0.5943877551020408,
  "pr_auc": 0.18814363608632656
}