{
  "f1": 0.23529411764705882,
  "roc_auc": 0.7933673469387755,
  "pr_auc": 0.2507329799255265
}