{
  "f1": 0.3333333333333333,
  "roc_auc": 0.8722222222222222,
  "pr_auc": 0.3119047619047619
}