{
  "f1": 0.0,
  "roc_auc": 0.4915254237288136,
  "pr_auc": 0.06464285714285714
}