{
  "f1": 0.3,
  "roc_auc": 0.696103896103896,
  "pr_auc": 0.2143967143967144
}