{
  "f1": 0.3333333333333333,
  "roc_auc": 0.9052631578947369,
  "pr_auc": 0.48189393939393943
}