{
  "f1": 0.36363636363636365,
  "roc_auc": 0.6711538461538461,
  "pr_auc": 0.3151397507801449
}