{
  "f1": 0.14285714285714285,
  "roc_auc": 0.7112068965517241,
  "pr_auc": 0.15451844903064416
}