{
  "f1": 0.3333333333333333,
  "roc_auc": 0.7192982456140351,
  "pr_auc": 0.3604081632653061
}