{
  "f1": 0.4444444444444444,
  "roc_auc": 0.9008620689655172,
  "pr_auc": 0.3806818181818182
}