{
  "f1": 0.3076923076923077,
  "roc_auc": 0.8305084745762712,
  "pr_auc": 0.3666666666666667
}