{
  "f1": 0.5,
  "roc_auc": 0.7887931034482758,
  "pr_auc": 0.49916666666666665
}