{
  "f1": 0.375,
  "roc_auc": 0.7714285714285714,
  "pr_auc": 0.38579782790309103
}