{
  "f1": 0.23529411764705882,
  "roc_auc": 0.8361581920903954,
  "pr_auc": 0.16715686274509803
}