{
  "f1": 0.6153846153846154,
  "roc_auc": 0.9765625,
  "pr_auc": 0.8041666666666667
}