{
  "f1": 0.14285714285714285,
  "roc_auc": 0.703125,
  "pr_auc": 0.21329365079365079
}