{
  "f1": 0.3333333333333333,
  "roc_auc": 0.8774193548387097,
  "pr_auc": 0.4805555555555555
}