{
  "f1": 0.42857142857142855,
  "roc_auc": 0.84375,
  "pr_auc": 0.4375
}