{
  "f1": 0.6,
  "roc_auc": 0.9612903225806452,
  "pr_auc": 0.8083333333333333
}