{
  "f1": 0.46153846153846156,
  "roc_auc": 0.90625,
  "pr_auc": 0.675595238095238
}