{
  "f1": 0.5882352941176471,
  "roc_auc": 0.8839285714285714,
  "pr_auc": 0.765719696969697
}