{
  "f1": 0.2222222222222222,
  "roc_auc": 0.6888888888888889,
  "pr_auc": 0.33342864923747273
}