{
  "f1": 0.4,
  "roc_auc": 0.8666666666666667,
  "pr_auc": 0.7712418300653594
}