{
  "f1": 0.5454545454545454,
  "roc_auc": 0.8482142857142857,
  "pr_auc": 0.8108465608465608
}