{
  "f1": 0.625,
  "roc_auc": 0.9548387096774192,
  "pr_auc": 0.7416666666666667
}