{
  "f1": 0.4,
  "roc_auc": 0.7192118226600985,
  "pr_auc": 0.38579855121208506
}