{
  "f1": 0.3333333333333333,
  "roc_auc": 0.7421875,
  "pr_auc": 0.2746212121212121
}