{
  "f1": 0.5714285714285714,
  "roc_auc": 0.9419354838709677,
  "pr_auc": 0.8369230769230769
}