{
  "f1": 0.5,
  "roc_auc": 0.8555555555555556,
  "pr_auc": 0.5486111111111112
}