{
  "f1": 0.3076923076923077,
  "roc_auc": 0.7161290322580645,
  "pr_auc": 0.37370370370370365
}