{
  "f1": 0.42105263157894735,
  "roc_auc": 0.8666666666666667,
  "pr_auc": 0.6123015873015872
}