{
  "f1": 0.46153846153846156,
  "roc_auc": 0.8125,
  "pr_auc": 0.5191666666666667
}