{
  "f1": 0.42105263157894735,
  "roc_auc": 0.8303571428571429,
  "pr_auc": 0.5566780533063427
}