{
  "f1": 0.4,
  "roc_auc": 0.864516129032258,
  "pr_auc": 0.6282142857142857
}