{
  "f1": 0.0,
  "roc_auc": 0.6764705882352942,
  "pr_auc": 0.11666666666666667
}