{
  "f1": 0.4444444444444444,
  "roc_auc": 0.921875,
  "pr_auc": 0.5238095238095238
}