{
  "f1": 0.2857142857142857,
  "roc_auc": 0.788888888888889,
  "pr_auc": 0.37916666666666665
}