{
  "f1": 0.6,
  "roc_auc": 0.8916256157635468,
  "pr_auc": 0.8338744588744589
}