{
  "f1": 0.26666666666666666,
  "roc_auc": 0.8585858585858586,
  "pr_auc": 0.4555555555555555
}