{
  "f1": 0.38095238095238093,
  "roc_auc": 0.7534722222222222,
  "pr_auc": 0.5738250175750176
}