{
  "f1": 0.47058823529411764,
  "roc_auc": 0.8611111111111112,
  "pr_auc": 0.6993055555555555
}