{
  "f1": 0.5333333333333333,
  "roc_auc": 0.896551724137931,
  "pr_auc": 0.7159340659340658
}