{
  "f1": 0.5714285714285714,
  "roc_auc": 0.8944444444444444,
  "pr_auc": 0.6352564102564102
}