{
  "f1": 0.42105263157894735,
  "roc_auc": 0.8055555555555556,
  "pr_auc": 0.7198994252873563
}