{
  "f1": 0.4444444444444444,
  "roc_auc": 0.7589285714285714,
  "pr_auc": 0.4381359649122807
}