{
  "f1": 0.16666666666666666,
  "roc_auc": 0.6967741935483871,
  "pr_auc": 0.3820634920634921
}