{
  "f1": 0.6153846153846154,
  "roc_auc": 0.8944444444444445,
  "pr_auc": 0.7262426900584795
}