{
  "f1": 0.35294117647058826,
  "roc_auc": 0.7222222222222223,
  "pr_auc": 0.31697649572649567
}