{
  "f1": 0.5,
  "roc_auc": 0.8768472906403941,
  "pr_auc": 0.7318523581681475
}