{
  "f1": 0.18181818181818182,
  "roc_auc": 0.8383838383838383,
  "pr_auc": 0.33164983164983164
}