{
  "f1": 0.46153846153846156,
  "roc_auc": 0.9375,
  "pr_auc": 0.7784090909090909
}