{
  "f1": 0.4444444444444444,
  "roc_auc": 0.8444444444444443,
  "pr_auc": 0.6143790849673202
}