{
  "f1": 0.6153846153846154,
  "roc_auc": 0.938888888888889,
  "pr_auc": 0.7311868686868687
}