{
  "f1": 0.4,
  "roc_auc": 0.7192307692307692,
  "pr_auc": 0.4341486294593797
}