{
  "f1": 0.4166666666666667,
  "roc_auc": 0.7288461538461538,
  "pr_auc": 0.386462884660559
}