{
  "f1": 0.2857142857142857,
  "roc_auc": 0.6701754385964912,
  "pr_auc": 0.41333333333333333
}