{
  "f1": 0.15384615384615385,
  "roc_auc": 0.5988700564971752,
  "pr_auc": 0.37675070028011204
}