{
  "f1": 0.2727272727272727,
  "roc_auc": 0.5178571428571429,
  "pr_auc": 0.15638997018307363
}