{
  "f1": 0.35294117647058826,
  "roc_auc": 0.7896103896103897,
  "pr_auc": 0.3690798058353776
}