{
  "f1": 0.15384615384615385,
  "roc_auc": 0.5818965517241379,
  "pr_auc": 0.13458141321044548
}