{
  "f1": 0.125,
  "roc_auc": 0.6696428571428571,
  "pr_auc": 0.15052287581699347
}