{
  "f1": 0.4,
  "roc_auc": 0.7629310344827586,
  "pr_auc": 0.4176774483378257
}