{
  "f1": 0.2857142857142857,
  "roc_auc": 0.6493506493506493,
  "pr_auc": 0.2148996705600479
}