{
  "f1": 0.4444444444444444,
  "roc_auc": 0.75,
  "pr_auc": 0.2886446886446886
}