{
  "f1": 0.5555555555555556,
  "roc_auc": 0.7857142857142857,
  "pr_auc": 0.489021164021164
}