{
  "f1": 0.3333333333333333,
  "roc_auc": 0.7096774193548386,
  "pr_auc": 0.24309056956115777
}