{
  "f1": 0.3333333333333333,
  "roc_auc": 0.7980295566502462,
  "pr_auc": 0.5084133258046302
}