{
  "f1": 0.5555555555555556,
  "roc_auc": 0.8794642857142856,
  "pr_auc": 0.7644936762583822
}