{
  "f1": 0.5882352941176471,
  "roc_auc": 0.8222222222222222,
  "pr_auc": 0.5185353535353535
}