{
  "f1": 0.5714285714285714,
  "roc_auc": 0.8777777777777779,
  "pr_auc": 0.5486111111111112
}