{
  "f1": 0.2857142857142857,
  "roc_auc": 0.7272727272727272,
  "pr_auc": 0.1915204678362573
}