{
  "f1": 0.3076923076923077,
  "roc_auc": 0.6833333333333333,
  "pr_auc": 0.3328042328042328
}