{
  "f1": 0.5882352941176471,
  "roc_auc": 0.8214285714285714,
  "pr_auc": 0.6074872416548618
}