{
  "f1": 0.5,
  "roc_auc": 0.7438423645320197,
  "pr_auc": 0.37094453165881736
}