{
  "f1": 0.7272727272727273,
  "roc_auc": 0.984375,
  "pr_auc": 0.9166666666666666
}