{
  "f1": 0.5882352941176471,
  "roc_auc": 0.7487684729064039,
  "pr_auc": 0.3870414832599707
}