{
  "f1": 0.4,
  "roc_auc": 0.7635467980295567,
  "pr_auc": 0.5752715121136174
}