{
  "f1": 0.42857142857142855,
  "roc_auc": 0.7833333333333333,
  "pr_auc": 0.3669210218123262
}