{
  "f1": 0.5,
  "roc_auc": 0.8277777777777778,
  "pr_auc": 0.4174242424242424
}