{
  "f1": 0.5714285714285714,
  "roc_auc": 0.8709677419354839,
  "pr_auc": 0.4515262515262515
}