{
  "f1": 0.36363636363636365,
  "roc_auc": 0.7354838709677419,
  "pr_auc": 0.5817927170868347
}