{
  "f1": 0.42857142857142855,
  "roc_auc": 0.6833333333333332,
  "pr_auc": 0.39830907110318875
}