{
  "f1": 0.46153846153846156,
  "roc_auc": 0.7421875,
  "pr_auc": 0.571969696969697
}