{
  "f1": 0.5882352941176471,
  "roc_auc": 0.8705357142857142,
  "pr_auc": 0.7242521367521368
}