{
  "f1": 0.5882352941176471,
  "roc_auc": 0.896551724137931,
  "pr_auc": 0.7239538239538239
}