{
  "f1": 0.36363636363636365,
  "roc_auc": 0.6171875,
  "pr_auc": 0.2053030303030303
}