{
  "f1": 0.5714285714285714,
  "roc_auc": 0.7870967741935484,
  "pr_auc": 0.580392156862745
}