{
  "f1": 0.4,
  "roc_auc": 0.8686868686868687,
  "pr_auc": 0.3686868686868687
}