{
  "f1": 0.43478260869565216,
  "roc_auc": 0.6979166666666666,
  "pr_auc": 0.4510431278387935
}