{
  "f1": 0.3076923076923077,
  "roc_auc": 0.8580645161290322,
  "pr_auc": 0.42999999999999994
}