{
  "f1": 0.42857142857142855,
  "roc_auc": 0.8444444444444446,
  "pr_auc": 0.41355820105820107
}