{
  "f1": 0.3076923076923077,
  "roc_auc": 0.671875,
  "pr_auc": 0.18888888888888888
}