{
  "f1": 0.5,
  "roc_auc": 0.8580645161290323,
  "pr_auc": 0.39597069597069595
}