{
  "mean": 0.498524885412866,
  "std": 0.09122733526476699,
  "dist": [
    0.5128205128205128,
    0.4782608695652174,
    0.4864864864864865,
    0.4,
    0.631578947368421,
    0.4571428571428571,
    0.5714285714285714,
    0.4736842105263157,
    0.5116279069767442,
    0.5128205128205128,
    0.4390243902439024,
    0.4848484848484848,
    0.6470588235294118,
    0.4864864864864865,
    0.4888888888888889,
    0.4666666666666667,
    0.3448275862068966,
    0.5238095238095238,
    0.5128205128205128,
    0.6,
    0.3333333333333333,
    0.6818181818181818,
    0.4878048780487805,
    0.5853658536585366,
    0.3529411764705882,
    0.6382978723404256,
    0.4,
    0.5365853658536586,
    0.5294117647058824,
    0.3636363636363636,
    0.5853658536585366,
    0.4615384615384615,
    0.5,
    0.4516129032258064,
    0.5116279069767442,
    0.4615384615384615,
    0.4,
    0.5882352941176471,
    0.5531914893617021,
    0.5142857142857142,
    0.5294117647058824,
    0.5853658536585366,
    0.4864864864864865,
    0.4878048780487805,
    0.4324324324324324,
    0.5238095238095238,
    0.3157894736842105,
    0.2962962962962963,
    0.6190476190476191,
    0.6829268292682927
  ]
}