{
  "t_test": {
    "t_stat": 0.6827954110385264,
    "p_value": 0.4979517432748385
  },
  "wilcoxon": {
    "w_stat": 482.0,
    "p_value": 0.6886350576611731
  }
}