{
  "mean": 0.4932435179263507,
  "std": 0.0983899554869569,
  "dist": [
    0.5405405405405406,
    0.5416666666666666,
    0.4848484848484848,
    0.3125,
    0.5789473684210527,
    0.5263157894736842,
    0.5405405405405406,
    0.4864864864864865,
    0.4210526315789473,
    0.5263157894736842,
    0.4324324324324324,
    0.4324324324324324,
    0.6470588235294118,
    0.4324324324324324,
    0.5581395348837209,
    0.5161290322580645,
    0.4,
    0.5,
    0.4736842105263157,
    0.5714285714285714,
    0.3870967741935484,
    0.6818181818181818,
    0.3157894736842105,
    0.6153846153846154,
    0.4444444444444444,
    0.6222222222222222,
    0.4117647058823529,
    0.5116279069767442,
    0.5625,
    0.3529411764705882,
    0.6190476190476191,
    0.4117647058823529,
    0.5555555555555556,
    0.4444444444444444,
    0.45,
    0.3783783783783784,
    0.4,
    0.5263157894736842,
    0.6511627906976745,
    0.5142857142857142,
    0.4242424242424242,
    0.55,
    0.5405405405405406,
    0.5,
    0.4736842105263157,
    0.5238095238095238,
    0.358974358974359,
    0.24,
    0.5714285714285714,
    0.7
  ]
}