{
  "f1": 0.7272727272727273,
  "roc_auc": 0.888888888888889,
  "pr_auc": 0.7740338164251207
}