{
  "f1": 0.3333333333333333,
  "roc_auc": 0.7578125,
  "pr_auc": 0.39984848484848484
}