{
  "f1": 0.5454545454545454,
  "roc_auc": 0.7419354838709677,
  "pr_auc": 0.41742919389978206
}