{
  "f1": 0.625,
  "roc_auc": 0.9225806451612902,
  "pr_auc": 0.7109090909090909
}