{
  "f1": 0.6153846153846154,
  "roc_auc": 0.8055555555555555,
  "pr_auc": 0.6817049808429118
}