{
  "f1": 0.5882352941176471,
  "roc_auc": 0.7544642857142857,
  "pr_auc": 0.48535577449370554
}