{
  "f1": 0.6,
  "roc_auc": 0.898989898989899,
  "pr_auc": 0.36507936507936506
}