{
  "f1": 0.7058823529411765,
  "roc_auc": 0.8883928571428572,
  "pr_auc": 0.8328703703703704
}