{
  "f1": 0.4444444444444444,
  "roc_auc": 0.9191919191919192,
  "pr_auc": 0.5873015873015872
}