{
  "f1": 0.6666666666666666,
  "roc_auc": 0.8472906403940887,
  "pr_auc": 0.7872023809523809
}