{
  "f1": 0.6666666666666666,
  "roc_auc": 0.9277777777777778,
  "pr_auc": 0.7236471861471861
}