{
  "f1": 0.8,
  "roc_auc": 0.9655172413793103,
  "pr_auc": 0.8631519274376416
}