{
  "f1": 0.5882352941176471,
  "roc_auc": 0.832512315270936,
  "pr_auc": 0.45376972651408737
}