{
  "f1": 0.6,
  "roc_auc": 0.7578125,
  "pr_auc": 0.7169117647058824
}