{
  "f1": 0.7058823529411765,
  "roc_auc": 0.8258928571428572,
  "pr_auc": 0.771412037037037
}