{
  "f1": 0.5714285714285714,
  "roc_auc": 0.8166666666666668,
  "pr_auc": 0.7108294930875576
}