{
  "f1": 0.46153846153846156,
  "roc_auc": 0.6600985221674877,
  "pr_auc": 0.40756034855413736
}