{
  "f1": 0.625,
  "roc_auc": 0.8277777777777777,
  "pr_auc": 0.78125
}