{
  "f1": 0.5,
  "roc_auc": 0.9277777777777777,
  "pr_auc": 0.8193473193473193
}