{
  "f1": 0.8235294117647058,
  "roc_auc": 0.9464285714285715,
  "pr_auc": 0.7198412698412698
}