{
  "f1": 0.7142857142857143,
  "roc_auc": 0.9419354838709678,
  "pr_auc": 0.6977777777777778
}