{
  "f1": 0.42857142857142855,
  "roc_auc": 0.8166666666666667,
  "pr_auc": 0.4253167641325536
}