{
  "f1": 0.5,
  "roc_auc": 0.707070707070707,
  "pr_auc": 0.2551282051282051
}