{
  "f1": 0.5,
  "roc_auc": 0.9222222222222223,
  "pr_auc": 0.660515873015873
}