{
  "f1": 0.6666666666666666,
  "roc_auc": 0.8129032258064516,
  "pr_auc": 0.7645833333333334
}