{
  "f1": 0.6666666666666666,
  "roc_auc": 0.896551724137931,
  "pr_auc": 0.8376190476190475
}