{
  "f1": 0.625,
  "roc_auc": 0.8833333333333334,
  "pr_auc": 0.5285714285714285
}