{
  "f1": 0.5454545454545454,
  "roc_auc": 0.7612903225806451,
  "pr_auc": 0.4756043956043956
}