{
  "f1": 0.5333333333333333,
  "roc_auc": 0.8333333333333334,
  "pr_auc": 0.5225389863547758
}