{
  "f1": 0.7272727272727273,
  "roc_auc": 0.9500000000000001,
  "pr_auc": 0.8016233766233766
}