{
  "f1": 0.5714285714285714,
  "roc_auc": 0.953125,
  "pr_auc": 0.775
}