{
  "mean": 0.30792637449596666,
  "std": 0.11130869983860821,
  "dist": [
    0.5882352941176471,
    0.2307692307692307,
    0.3333333333333333,
    0.1333333333333333,
    0.2857142857142857,
    0.4,
    0.1538461538461538,
    0.3,
    0.2352941176470588,
    0.4210526315789473,
    0.2352941176470588,
    0.1111111111111111,
    0.4615384615384615,
    0.3076923076923077,
    0.4347826086956521,
    0.25,
    0.1176470588235294,
    0.4,
    0.4,
    0.375,
    0.2222222222222222,
    0.4,
    0.2666666666666666,
    0.3636363636363636,
    0.3,
    0.2352941176470588,
    0.4285714285714285,
    0.4705882352941176,
    0.2222222222222222,
    0.2222222222222222,
    0.4,
    0.2352941176470588,
    0.3333333333333333,
    0.25,
    0.3076923076923077,
    0.1818181818181818,
    0.2222222222222222,
    0.5,
    0.3333333333333333,
    0.2352941176470588,
    0.5263157894736842,
    0.25,
    0.2857142857142857,
    0.2352941176470588,
    0.1818181818181818,
    0.3636363636363636,
    0.3,
    0.2666666666666666,
    0.5,
    0.1818181818181818
  ]
}