{
  "t_test": {
    "t_stat": -1.5176567325940948,
    "p_value": 0.1355268997367311
  },
  "wilcoxon": {
    "w_stat": 367.0,
    "p_value": 0.13521861705153762
  }
}