{
  "mean": 0.5000981711786665,
  "std": 0.1660823223992929,
  "dist": [
    0.6666666666666666,
    0.4,
    0.6666666666666666,
    0.1538461538461538,
    0.6666666666666666,
    0.5714285714285714,
    0.625,
    0.5,
    0.0,
    0.6666666666666666,
    0.3333333333333333,
    0.7058823529411765,
    0.5,
    0.5333333333333333,
    0.4,
    0.6,
    0.6666666666666666,
    0.5333333333333333,
    0.4,
    0.3076923076923077,
    0.4705882352941176,
    0.5454545454545454,
    0.4444444444444444,
    0.6666666666666666,
    0.4,
    0.6153846153846154,
    0.631578947368421,
    0.2222222222222222,
    0.5882352941176471,
    0.3333333333333333,
    0.5333333333333333,
    0.5,
    0.375,
    0.5714285714285714,
    0.6666666666666666,
    0.4545454545454545,
    0.5714285714285714,
    0.4615384615384615,
    0.4,
    0.7272727272727273,
    0.625,
    0.4285714285714285,
    0.625,
    0.7142857142857143,
    0.0,
    0.4705882352941176,
    0.5882352941176471,
    0.4615384615384615,
    0.4,
    0.6153846153846154
  ]
}