{
  "t_test": {
    "t_stat": 0.20438373642397847,
    "p_value": 0.8389002066253552
  },
  "wilcoxon": {
    "w_stat": 408.0,
    "p_value": 0.5864928666534759
  }
}