{
  "t_test": {
    "t_stat": -4.482344306706392,
    "p_value": 4.445804875536905e-05
  },
  "wilcoxon": {
    "w_stat": 185.0,
    "p_value": 0.00010271543693465611
  }
}