{
  "mean": 0.32481441228190455,
  "std": 0.13256767056102506,
  "dist": [
    0.5263157894736842,
    0.2105263157894736,
    0.4285714285714285,
    0.1428571428571428,
    0.3076923076923077,
    0.25,
    0.1818181818181818,
    0.3529411764705882,
    0.4,
    0.4,
    0.2352941176470588,
    0.1666666666666666,
    0.4615384615384615,
    0.2666666666666666,
    0.4545454545454545,
    0.2666666666666666,
    0.1111111111111111,
    0.4,
    0.4444444444444444,
    0.4615384615384615,
    0.25,
    0.4761904761904761,
    0.3076923076923077,
    0.2,
    0.3157894736842105,
    0.2857142857142857,
    0.5714285714285714,
    0.5714285714285714,
    0.2,
    0.1176470588235294,
    0.5555555555555556,
    0.125,
    0.375,
    0.25,
    0.3076923076923077,
    0.1818181818181818,
    0.1333333333333333,
    0.4545454545454545,
    0.4615384615384615,
    0.3333333333333333,
    0.5,
    0.3076923076923077,
    0.1904761904761904,
    0.4615384615384615,
    0.1666666666666666,
    0.3076923076923077,
    0.25,
    0.3076923076923077,
    0.5333333333333333,
    0.2727272727272727
  ]
}