{
  "f1": 0.3333333333333333,
  "roc_auc": 0.625974025974026,
  "pr_auc": 0.5488463149753472
}