{
  "f1": 0.36363636363636365,
  "roc_auc": 0.7298701298701299,
  "pr_auc": 0.3279609279609279
}