{
  "f1": 0.11764705882352941,
  "roc_auc": 0.7887931034482758,
  "pr_auc": 0.24150449653545628
}