{
  "f1": 0.35294117647058826,
  "roc_auc": 0.7688311688311689,
  "pr_auc": 0.549204903266633
}