{
  "f1": 0.34782608695652173,
  "roc_auc": 0.6,
  "pr_auc": 0.35522604686157583
}