{
  "f1": 0.5,
  "roc_auc": 0.851923076923077,
  "pr_auc": 0.5644258519258518
}