{
  "f1": 0.35294117647058826,
  "roc_auc": 0.8318965517241379,
  "pr_auc": 0.7113095238095238
}