{
  "f1": 0.5454545454545454,
  "roc_auc": 0.8597402597402598,
  "pr_auc": 0.7224489795918367
}