{
  "f1": 0.14285714285714285,
  "roc_auc": 0.6327683615819208,
  "pr_auc": 0.13351648351648351
}