{
  "f1": 0.3,
  "roc_auc": 0.8005952380952381,
  "pr_auc": 0.475289636927568
}