{
  "f1": 0.0,
  "roc_auc": 0.3277777777777778,
  "pr_auc": 0.0456832298136646
}