{
  "f1": 0.2,
  "roc_auc": 0.6339285714285714,
  "pr_auc": 0.14697712418300654
}