{
  "f1": 0.0,
  "roc_auc": 0.4124293785310735,
  "pr_auc": 0.056693406155771744
}