{
  "f1": 0.13333333333333333,
  "roc_auc": 0.7327586206896552,
  "pr_auc": 0.22721499695183905
}