{
  "f1": 0.23529411764705882,
  "roc_auc": 0.9152542372881356,
  "pr_auc": 0.7222222222222222
}