{
  "f1": 0.0,
  "roc_auc": 0.5649717514124294,
  "pr_auc": 0.07068654019873533
}