{
  "f1": 0.25,
  "roc_auc": 0.864406779661017,
  "pr_auc": 0.28888888888888886
}