{
  "f1": 0.1111111111111111,
  "roc_auc": 0.4736842105263158,
  "pr_auc": 0.27012302625205853
}