{
  "f1": 0.4444444444444444,
  "roc_auc": 0.8903061224489796,
  "pr_auc": 0.5295918367346939
}