{
  "f1": 0.2,
  "roc_auc": 0.6736111111111112,
  "pr_auc": 0.25544575333424285
}