{
  "f1": 0.2727272727272727,
  "roc_auc": 0.5255102040816326,
  "pr_auc": 0.22427535685375405
}