{
  "f1": 0.14285714285714285,
  "roc_auc": 0.4956896551724138,
  "pr_auc": 0.10134206483951815
}