{
  "f1": 0.125,
  "roc_auc": 0.7844827586206897,
  "pr_auc": 0.3623637097859739
}