{
  "f1": 0.5454545454545454,
  "roc_auc": 0.7181069958847738,
  "pr_auc": 0.42383876234450946
}