{
  "f1": 0.47058823529411764,
  "roc_auc": 0.7380952380952381,
  "pr_auc": 0.6488416075650117
}