{
  "f1": 0.0,
  "roc_auc": 0.5982142857142857,
  "pr_auc": 0.13153060816356685
}