{
  "f1": 0.3,
  "roc_auc": 0.7976190476190476,
  "pr_auc": 0.35104569343699776
}