{
  "f1": 0.35714285714285715,
  "roc_auc": 0.6923076923076923,
  "pr_auc": 0.4409184748752353
}