{
  "f1": 0.14285714285714285,
  "roc_auc": 0.7824561403508772,
  "pr_auc": 0.34622207857501974
}