{
  "f1": 0.23529411764705882,
  "roc_auc": 0.7543859649122807,
  "pr_auc": 0.4991385112397362
}