{
  "f1": 0.4,
  "roc_auc": 0.8290816326530612,
  "pr_auc": 0.6203785862170955
}