{
  "f1": 0.5333333333333333,
  "roc_auc": 0.7827380952380952,
  "pr_auc": 0.677422480620155
}