{
  "f1": 0.21052631578947367,
  "roc_auc": 0.6793103448275862,
  "pr_auc": 0.47129870129870133
}