{
  "f1": 0.38095238095238093,
  "roc_auc": 0.8988095238095237,
  "pr_auc": 0.696256038647343
}