{
  "f1": 0.13333333333333333,
  "roc_auc": 0.7137931034482758,
  "pr_auc": 0.22577911219215566
}