{
  "f1": 0.2,
  "roc_auc": 0.7586206896551724,
  "pr_auc": 0.38809523809523805
}