{
  "f1": 0.37037037037037035,
  "roc_auc": 0.6060606060606061,
  "pr_auc": 0.307141639493159
}