{
  "f1": 0.23529411764705882,
  "roc_auc": 0.7161016949152543,
  "pr_auc": 0.359375
}