{
  "f1": 0.43478260869565216,
  "roc_auc": 0.787012987012987,
  "pr_auc": 0.5046976832691119
}