{
  "f1": 0.43478260869565216,
  "roc_auc": 0.7756813417190775,
  "pr_auc": 0.5516557734204792
}