{
  "f1": 0.3076923076923077,
  "roc_auc": 0.8666666666666667,
  "pr_auc": 0.28888888888888886
}