{
  "f1": 0.16666666666666666,
  "roc_auc": 0.6288461538461538,
  "pr_auc": 0.3705844816559102
}