{
  "f1": 0.15384615384615385,
  "roc_auc": 0.5141242937853108,
  "pr_auc": 0.369745117510758
}