{
  "f1": 0.11764705882352941,
  "roc_auc": 0.5803571428571428,
  "pr_auc": 0.19365215156534493
}