{
  "f1": 0.18181818181818182,
  "roc_auc": 0.5280612244897959,
  "pr_auc": 0.2052361295395351
}