{
  "f1": 0.32,
  "roc_auc": 0.6576923076923077,
  "pr_auc": 0.3525668717247664
}