{
  "f1": 0.25,
  "roc_auc": 0.8813559322033897,
  "pr_auc": 0.43434343434343436
}