{
  "f1": 0.2857142857142857,
  "roc_auc": 0.6631578947368421,
  "pr_auc": 0.3075876504447933
}