{
  "f1": 0.3157894736842105,
  "roc_auc": 0.7672413793103448,
  "pr_auc": 0.6256613756613756
}