{
  "mean": 0.4866767829356962,
  "std": 0.11912746885506256,
  "dist": [
    0.3888888888888889,
    0.5405405405405406,
    0.6060606060606061,
    0.4545454545454545,
    0.48,
    0.4666666666666667,
    0.4864864864864865,
    0.3076923076923077,
    0.5,
    0.6875,
    0.2608695652173913,
    0.5,
    0.4516129032258064,
    0.6086956521739131,
    0.6,
    0.5217391304347826,
    0.2962962962962963,
    0.5882352941176471,
    0.4848484848484848,
    0.5555555555555556,
    0.32,
    0.7027027027027027,
    0.4137931034482758,
    0.5,
    0.4705882352941176,
    0.5625,
    0.5517241379310345,
    0.3076923076923077,
    0.6111111111111112,
    0.4,
    0.6341463414634146,
    0.3571428571428571,
    0.3703703703703703,
    0.5185185185185185,
    0.5333333333333333,
    0.4242424242424242,
    0.5925925925925926,
    0.4615384615384615,
    0.7,
    0.2222222222222222,
    0.4166666666666667,
    0.5142857142857142,
    0.4285714285714285,
    0.5882352941176471,
    0.5,
    0.6,
    0.5454545454545454,
    0.2307692307692307,
    0.6451612903225806,
    0.4242424242424242
  ]
}