{
  "t_test": {
    "t_stat": 5.807335539112413,
    "p_value": 4.6294417961196257e-07
  },
  "wilcoxon": {
    "w_stat": 115.0,
    "p_value": 1.2260677955568682e-06
  }
}