{
  "mean": 0.4240156737003849,
  "std": 0.1126426658653773,
  "dist": [
    0.375,
    0.5714285714285714,
    0.4375,
    0.3703703703703703,
    0.4,
    0.5161290322580645,
    0.4666666666666667,
    0.25,
    0.4,
    0.5,
    0.16,
    0.4444444444444444,
    0.4666666666666667,
    0.5,
    0.55,
    0.3478260869565217,
    0.25,
    0.5555555555555556,
    0.4375,
    0.5,
    0.3478260869565217,
    0.5789473684210527,
    0.3703703703703703,
    0.4166666666666667,
    0.4102564102564102,
    0.4324324324324324,
    0.4666666666666667,
    0.1818181818181818,
    0.6666666666666666,
    0.3448275862068966,
    0.5853658536585366,
    0.3846153846153846,
    0.3333333333333333,
    0.4,
    0.4137931034482758,
    0.3846153846153846,
    0.3076923076923077,
    0.4666666666666667,
    0.6666666666666666,
    0.2222222222222222,
    0.4137931034482758,
    0.3428571428571428,
    0.4166666666666667,
    0.5161290322580645,
    0.5,
    0.3333333333333333,
    0.4705882352941176,
    0.2608695652173913,
    0.5517241379310345,
    0.5142857142857142
  ]
}