{
  "mean": 0.32683860583860586,
  "std": 0.1929670379187301,
  "dist": [
    0.5454545454545454,
    0.2222222222222222,
    0.2857142857142857,
    0.2222222222222222,
    0.3636363636363636,
    0.3636363636363636,
    0.5,
    0.2222222222222222,
    0.2222222222222222,
    0.3333333333333333,
    0.0,
    0.1818181818181818,
    0.25,
    0.6,
    0.4285714285714285,
    0.25,
    0.8,
    0.0,
    0.3636363636363636,
    0.1666666666666666,
    0.5454545454545454,
    0.3076923076923077,
    0.3333333333333333,
    0.2222222222222222,
    0.25,
    0.7272727272727273,
    0.2857142857142857,
    0.1818181818181818,
    0.2,
    0.25,
    0.3333333333333333,
    0.8888888888888888,
    0.3636363636363636,
    0.0,
    0.0,
    0.2222222222222222,
    0.1818181818181818,
    0.75,
    0.2857142857142857,
    0.3333333333333333,
    0.3333333333333333,
    0.5,
    0.3076923076923077,
    0.2,
    0.3333333333333333,
    0.4615384615384615,
    0.4,
    0.2222222222222222,
    0.4,
    0.2
  ]
}