{
  "t_test": {
    "t_stat": 4.399671872944822,
    "p_value": 5.844609475522022e-05
  },
  "wilcoxon": {
    "w_stat": 146.5,
    "p_value": 0.00013688543881051096
  }
}