{
  "f1": 0.5128205128205128,
  "roc_auc": 0.7033898305084745,
  "pr_auc": 0.5325782099382116
}