{
  "f1": 0.4444444444444444,
  "roc_auc": 0.6544444444444445,
  "pr_auc": 0.41736501757184663
}