{
  "f1": 0.5294117647058824,
  "roc_auc": 0.7868852459016393,
  "pr_auc": 0.5169700765045196
}