{
  "f1": 0.5142857142857142,
  "roc_auc": 0.6308316430020284,
  "pr_auc": 0.44496833356450616
}