{
  "f1": 0.4666666666666667,
  "roc_auc": 0.6186440677966102,
  "pr_auc": 0.5011420383702992
}