{
  "f1": 0.5,
  "roc_auc": 0.773809523809524,
  "pr_auc": 0.41497937946212105
}