{
  "f1": 0.37037037037037035,
  "roc_auc": 0.5738636363636364,
  "pr_auc": 0.3710731470700819
}