{
  "f1": 0.6,
  "roc_auc": 0.8587570621468927,
  "pr_auc": 0.8036527478444291
}