{
  "f1": 0.6666666666666666,
  "roc_auc": 0.877155172413793,
  "pr_auc": 0.7017690030557677
}