{
  "f1": 0.6486486486486487,
  "roc_auc": 0.8277777777777777,
  "pr_auc": 0.5868761100529016
}