{
  "f1": 0.5517241379310345,
  "roc_auc": 0.7763347763347763,
  "pr_auc": 0.5093854062604063
}