{
  "f1": 0.37037037037037035,
  "roc_auc": 0.6921641791044777,
  "pr_auc": 0.37844447393596
}