{
  "f1": 0.4864864864864865,
  "roc_auc": 0.6857142857142857,
  "pr_auc": 0.5350498954749457
}