{
  "f1": 0.43478260869565216,
  "roc_auc": 0.6389578163771712,
  "pr_auc": 0.35061541592261936
}