{
  "f1": 0.2857142857142857,
  "roc_auc": 0.7288359788359788,
  "pr_auc": 0.3913362374259252
}