{
  "f1": 0.45161290322580644,
  "roc_auc": 0.7315340909090908,
  "pr_auc": 0.4249270088929952
}