{
  "f1": 0.25,
  "roc_auc": 0.5482954545454545,
  "pr_auc": 0.18822576101102823
}