{
  "f1": 0.5714285714285714,
  "roc_auc": 0.8039702233250621,
  "pr_auc": 0.5174310349175333
}