{
  "f1": 0.5581395348837209,
  "roc_auc": 0.8079922027290447,
  "pr_auc": 0.6167989288006486
}