{
  "f1": 0.4,
  "roc_auc": 0.738213399503722,
  "pr_auc": 0.3703466970435296
}