{
  "f1": 0.5,
  "roc_auc": 0.6641949152542372,
  "pr_auc": 0.4993915326802244
}