{
  "mean": 0.4840021504123671,
  "std": 0.16604738023361915,
  "dist": [
    0.7058823529411765,
    0.4444444444444444,
    0.6666666666666666,
    0.2,
    0.3333333333333333,
    0.5714285714285714,
    0.4705882352941176,
    0.4615384615384615,
    0.3333333333333333,
    0.625,
    0.2857142857142857,
    0.625,
    0.4285714285714285,
    0.5555555555555556,
    0.6,
    0.5,
    0.6153846153846154,
    0.5882352941176471,
    0.4,
    0.3333333333333333,
    0.4444444444444444,
    0.5454545454545454,
    0.3333333333333333,
    0.6666666666666666,
    0.4615384615384615,
    0.7142857142857143,
    0.7777777777777778,
    0.2222222222222222,
    0.4705882352941176,
    0.1428571428571428,
    0.6666666666666666,
    0.375,
    0.4,
    0.5714285714285714,
    0.5,
    0.5263157894736842,
    0.6666666666666666,
    0.4,
    0.1818181818181818,
    0.6666666666666666,
    0.5,
    0.4,
    0.6,
    0.7142857142857143,
    0.0,
    0.5,
    0.4444444444444444,
    0.5333333333333333,
    0.3636363636363636,
    0.6666666666666666
  ]
}