{
  "t_test": {
    "t_stat": -2.5651070912335276,
    "p_value": 0.013427162308307265
  },
  "wilcoxon": {
    "w_stat": 309.5,
    "p_value": 0.018879374644642226
  }
}