{
  "mean": 0.5444217528257776,
  "std": 0.1343017111551096,
  "dist": [
    0.7,
    0.4444444444444444,
    0.625,
    0.4,
    0.6,
    0.4705882352941176,
    0.6666666666666666,
    0.7058823529411765,
    0.0,
    0.5882352941176471,
    0.3076923076923077,
    0.8,
    0.5714285714285714,
    0.625,
    0.375,
    0.6666666666666666,
    0.6153846153846154,
    0.5333333333333333,
    0.4,
    0.3636363636363636,
    0.4444444444444444,
    0.5454545454545454,
    0.6,
    0.6363636363636364,
    0.5555555555555556,
    0.5333333333333333,
    0.5714285714285714,
    0.5454545454545454,
    0.6666666666666666,
    0.4285714285714285,
    0.625,
    0.631578947368421,
    0.375,
    0.5882352941176471,
    0.5454545454545454,
    0.4545454545454545,
    0.5882352941176471,
    0.5333333333333333,
    0.5454545454545454,
    0.7142857142857143,
    0.6666666666666666,
    0.5,
    0.4761904761904761,
    0.625,
    0.5454545454545454,
    0.5333333333333333,
    0.5714285714285714,
    0.375,
    0.5714285714285714,
    0.7692307692307693
  ]
}