{
  "f1": 0.5882352941176471,
  "roc_auc": 0.6964285714285714,
  "pr_auc": 0.4957477435418612
}