{
  "f1": 0.46153846153846156,
  "roc_auc": 0.9393939393939394,
  "pr_auc": 0.4777777777777778
}