{
  "f1": 0.6,
  "roc_auc": 0.8719211822660098,
  "pr_auc": 0.6117913832199546
}