{
  "f1": 0.5555555555555556,
  "roc_auc": 0.7444444444444445,
  "pr_auc": 0.43218954248366015
}