{
  "f1": 0.5555555555555556,
  "roc_auc": 0.9419354838709678,
  "pr_auc": 0.596190476190476
}