{
  "f1": 0.5714285714285714,
  "roc_auc": 0.7633928571428572,
  "pr_auc": 0.6469382197323373
}