{
  "f1": 0.47058823529411764,
  "roc_auc": 0.96875,
  "pr_auc": 0.6791666666666667
}