{
  "f1": 0.2222222222222222,
  "roc_auc": 0.45806451612903226,
  "pr_auc": 0.3355873015873016
}