{
  "f1": 0.3076923076923077,
  "roc_auc": 0.6403940886699506,
  "pr_auc": 0.48471320346320346
}