{
  "f1": 0.3333333333333333,
  "roc_auc": 0.9558823529411764,
  "pr_auc": 0.7
}