{
  "f1": 0.42857142857142855,
  "roc_auc": 0.6995073891625616,
  "pr_auc": 0.47526045383188237
}