{
  "f1": 0.2857142857142857,
  "roc_auc": 0.6060606060606061,
  "pr_auc": 0.24342105263157893
}