{
  "f1": 0.0,
  "roc_auc": 0.33333333333333337,
  "pr_auc": 0.07992481203007519
}