{
  "f1": 0.6153846153846154,
  "roc_auc": 0.7142857142857144,
  "pr_auc": 0.6250703130869206
}