{
  "f1": 0.25,
  "roc_auc": 0.6015625,
  "pr_auc": 0.38731176231176234
}