{
  "f1": 0.2857142857142857,
  "roc_auc": 0.6262626262626263,
  "pr_auc": 0.16842105263157894
}