{
  "f1": 0.46153846153846156,
  "roc_auc": 0.7142857142857143,
  "pr_auc": 0.5745717234262125
}