{
  "f1": 0.2222222222222222,
  "roc_auc": 0.7166666666666667,
  "pr_auc": 0.44217864923747274
}