{
  "f1": 0.16666666666666666,
  "roc_auc": 0.4967741935483871,
  "pr_auc": 0.22244758514043228
}