{
  "f1": 0.3076923076923077,
  "roc_auc": 0.5222222222222223,
  "pr_auc": 0.3944789197730374
}