{
  "f1": 0.3333333333333333,
  "roc_auc": 0.6388888888888888,
  "pr_auc": 0.4090964590964591
}