{
  "f1": 0.25,
  "roc_auc": 0.546875,
  "pr_auc": 0.3911111111111111
}