{
  "f1": 0.3333333333333333,
  "roc_auc": 0.4630541871921182,
  "pr_auc": 0.41750345065562455
}