{
  "f1": 0.0,
  "roc_auc": 0.4453125,
  "pr_auc": 0.11778679653679654
}