{
  "f1": 0.25,
  "roc_auc": 0.5454545454545454,
  "pr_auc": 0.23444444444444443
}