{
  "f1": 0.36363636363636365,
  "roc_auc": 0.5806451612903226,
  "pr_auc": 0.27783679588777044
}