{
  "f1": 0.2222222222222222,
  "roc_auc": 0.4630541871921182,
  "pr_auc": 0.24312921378138772
}