{
  "f1": 0.6153846153846154,
  "roc_auc": 0.8222222222222222,
  "pr_auc": 0.7521929824561403
}