{
  "f1": 0.25,
  "roc_auc": 0.7096774193548387,
  "pr_auc": 0.39496336996337
}