{
  "f1": 0.0,
  "roc_auc": 0.5722222222222222,
  "pr_auc": 0.2162037037037037
}