{
  "f1": 0.36363636363636365,
  "roc_auc": 0.7333333333333334,
  "pr_auc": 0.5417082917082917
}