{
  "f1": 0.2,
  "roc_auc": 0.6444444444444444,
  "pr_auc": 0.26866883116883117
}