{
  "f1": 0.0,
  "roc_auc": 0.45982142857142855,
  "pr_auc": 0.21551080763037284
}