{
  "f1": 0.5,
  "roc_auc": 0.6580645161290322,
  "pr_auc": 0.49747474747474746
}