{
  "f1": 0.46153846153846156,
  "roc_auc": 0.7241379310344828,
  "pr_auc": 0.6044973544973544
}