{
  "f1": 0.0,
  "roc_auc": 0.1515151515151515,
  "pr_auc": 0.06412698412698412
}