{
  "f1": 0.36363636363636365,
  "roc_auc": 0.6009852216748768,
  "pr_auc": 0.4666042557373827
}