{
  "f1": 0.3333333333333333,
  "roc_auc": 0.8046875,
  "pr_auc": 0.4025974025974026
}