{
  "f1": 0.5,
  "roc_auc": 0.7555555555555555,
  "pr_auc": 0.584126984126984
}