{
  "f1": 0.5,
  "roc_auc": 0.6919642857142857,
  "pr_auc": 0.5115327380952381
}