{
  "mean": 0.46223873394846765,
  "std": 0.12043725693293757,
  "dist": [
    0.3125,
    0.5714285714285714,
    0.5405405405405406,
    0.3448275862068966,
    0.5333333333333333,
    0.5,
    0.4444444444444444,
    0.2857142857142857,
    0.5405405405405406,
    0.5405405405405406,
    0.1333333333333333,
    0.5263157894736842,
    0.5454545454545454,
    0.6086956521739131,
    0.5217391304347826,
    0.32,
    0.3870967741935484,
    0.5405405405405406,
    0.4615384615384615,
    0.5789473684210527,
    0.48,
    0.6,
    0.4117647058823529,
    0.4117647058823529,
    0.4324324324324324,
    0.5,
    0.3529411764705882,
    0.4444444444444444,
    0.6111111111111112,
    0.4137931034482758,
    0.6,
    0.4375,
    0.1935483870967742,
    0.4166666666666667,
    0.6060606060606061,
    0.375,
    0.4848484848484848,
    0.4375,
    0.6666666666666666,
    0.2857142857142857,
    0.2424242424242424,
    0.4864864864864865,
    0.4117647058823529,
    0.6060606060606061,
    0.6060606060606061,
    0.3684210526315789,
    0.5882352941176471,
    0.3571428571428571,
    0.625,
    0.4210526315789473
  ]
}