{
  "t_test": {
    "t_stat": 0.593772153097789,
    "p_value": 0.5553958716277471
  },
  "wilcoxon": {
    "w_stat": 519.0,
    "p_value": 0.479130575227519
  }
}