{
  "mean": 0.4567691570691189,
  "std": 0.09731806078997847,
  "dist": [
    0.4102564102564102,
    0.5454545454545454,
    0.4186046511627907,
    0.3703703703703703,
    0.5625,
    0.4210526315789473,
    0.4864864864864865,
    0.25,
    0.4864864864864865,
    0.6341463414634146,
    0.2580645161290322,
    0.4878048780487805,
    0.45,
    0.5,
    0.5777777777777777,
    0.4137931034482758,
    0.3870967741935484,
    0.5238095238095238,
    0.4210526315789473,
    0.5333333333333333,
    0.4137931034482758,
    0.5909090909090909,
    0.3684210526315789,
    0.4705882352941176,
    0.45,
    0.5116279069767442,
    0.4571428571428571,
    0.3333333333333333,
    0.5581395348837209,
    0.4117647058823529,
    0.5306122448979592,
    0.4848484848484848,
    0.3243243243243243,
    0.4285714285714285,
    0.5263157894736842,
    0.3783783783783784,
    0.5,
    0.4242424242424242,
    0.6666666666666666,
    0.2580645161290322,
    0.303030303030303,
    0.4390243902439024,
    0.4242424242424242,
    0.65,
    0.4736842105263157,
    0.4571428571428571,
    0.5263157894736842,
    0.3636363636363636,
    0.5945945945945946,
    0.3809523809523809
  ]
}