{
  "f1": 0.0,
  "roc_auc": 0.47619047619047616,
  "pr_auc": 0.11858974358974358
}