{
  "f1": 0.4,
  "roc_auc": 0.6578947368421052,
  "pr_auc": 0.6184782608695651
}