{
  "f1": 0.4444444444444444,
  "roc_auc": 0.803921568627451,
  "pr_auc": 0.7083333333333333
}