{
  "f1": 0.4,
  "roc_auc": 0.6711538461538462,
  "pr_auc": 0.41643674464024494
}