{
  "f1": 0.13333333333333333,
  "roc_auc": 0.6845238095238095,
  "pr_auc": 0.23937282229965157
}