{
  "f1": 0.5333333333333333,
  "roc_auc": 0.6785714285714286,
  "pr_auc": 0.45747431941811334
}