{
  "f1": 0.0,
  "roc_auc": 0.5611111111111111,
  "pr_auc": 0.0804748999870951
}