{
  "f1": 0.3333333333333333,
  "roc_auc": 0.7480769230769231,
  "pr_auc": 0.42018334872302043
}