{
  "f1": 0.25,
  "roc_auc": 0.5192982456140351,
  "pr_auc": 0.16689633118204547
}