{
  "f1": 0.2222222222222222,
  "roc_auc": 0.6519480519480519,
  "pr_auc": 0.18635553255118473
}