{
  "f1": 0.375,
  "roc_auc": 0.7350649350649351,
  "pr_auc": 0.30554752265278584
}