{
  "f1": 0.42105263157894735,
  "roc_auc": 0.6883384932920537,
  "pr_auc": 0.4831381330774984
}