{
  "f1": 0.45,
  "roc_auc": 0.8052109181141439,
  "pr_auc": 0.44210830374513244
}