{
  "f1": 0.5263157894736842,
  "roc_auc": 0.7915632754342432,
  "pr_auc": 0.5160594617178096
}