{
  "f1": 0.41379310344827586,
  "roc_auc": 0.6476923076923078,
  "pr_auc": 0.25006818595798763
}