{
  "f1": 0.41025641025641024,
  "roc_auc": 0.6522222222222223,
  "pr_auc": 0.3748600502447706
}