{
  "f1": 0.45714285714285713,
  "roc_auc": 0.7009925558312655,
  "pr_auc": 0.471155533498
}