{
  "f1": 0.0,
  "roc_auc": 0.5480225988700566,
  "pr_auc": 0.06687370600414079
}