{
  "f1": 0.34782608695652173,
  "roc_auc": 0.6,
  "pr_auc": 0.5380711424354687
}