{
  "f1": 0.16666666666666666,
  "roc_auc": 0.4111111111111111,
  "pr_auc": 0.07348484848484849
}