{
  "f1": 0.3076923076923077,
  "roc_auc": 0.7964912280701755,
  "pr_auc": 0.3926366047745358
}