{
  "f1": 0.23529411764705882,
  "roc_auc": 0.7589285714285714,
  "pr_auc": 0.20149020961041422
}