{
  "f1": 0.16666666666666666,
  "roc_auc": 0.5932203389830508,
  "pr_auc": 0.13255505878456697
}