{
  "f1": 0.46153846153846156,
  "roc_auc": 0.7456896551724138,
  "pr_auc": 0.4339080459770115
}