{
  "f1": 0.32,
  "roc_auc": 0.6923076923076923,
  "pr_auc": 0.40140364989824284
}