{
  "f1": 0.35294117647058826,
  "roc_auc": 0.8146551724137931,
  "pr_auc": 0.22072013235806337
}