{
  "f1": 0.2727272727272727,
  "roc_auc": 0.7806122448979592,
  "pr_auc": 0.5227130325814536
}