{
  "f1": 0.21052631578947367,
  "roc_auc": 0.6071428571428571,
  "pr_auc": 0.18780236576289208
}