{
  "f1": 0.3333333333333333,
  "roc_auc": 0.6041666666666666,
  "pr_auc": 0.18775990683011554
}