{
  "f1": 0.3,
  "roc_auc": 0.7882653061224489,
  "pr_auc": 0.2828442589850585
}