{
  "f1": 0.14285714285714285,
  "roc_auc": 0.4982456140350877,
  "pr_auc": 0.2784770682466535
}