{
  "f1": 0.25,
  "roc_auc": 0.6947368421052632,
  "pr_auc": 0.23003779289493576
}