{
  "f1": 0.25,
  "roc_auc": 0.7796610169491526,
  "pr_auc": 0.16175548589341693
}