{
  "f1": 0.2857142857142857,
  "roc_auc": 0.8926553672316384,
  "pr_auc": 0.3366013071895425
}