{
  "f1": 0.3333333333333333,
  "roc_auc": 0.7551724137931035,
  "pr_auc": 0.21616161616161617
}