{
  "f1": 0.1,
  "roc_auc": 0.37853107344632764,
  "pr_auc": 0.05803022050071618
}