{
  "f1": 0.3333333333333333,
  "roc_auc": 0.5943877551020408,
  "pr_auc": 0.20098357524828112
}