{
  "f1": 0.2,
  "roc_auc": 0.7062146892655368,
  "pr_auc": 0.3914141414141414
}