{
  "f1": 0.375,
  "roc_auc": 0.8025974025974026,
  "pr_auc": 0.4167274754231276
}