{
  "f1": 0.3333333333333333,
  "roc_auc": 0.8720238095238095,
  "pr_auc": 0.5395861448493028
}