{
  "f1": 0.2727272727272727,
  "roc_auc": 0.6805194805194805,
  "pr_auc": 0.23688930117501544
}