{
  "f1": 0.4,
  "roc_auc": 0.7016460905349795,
  "pr_auc": 0.35859187109187113
}