{
  "f1": 0.2222222222222222,
  "roc_auc": 0.7801724137931035,
  "pr_auc": 0.18225806451612903
}