{
  "f1": 0.14285714285714285,
  "roc_auc": 0.5344827586206896,
  "pr_auc": 0.09935035842293906
}