{
  "f1": 0.42105263157894735,
  "roc_auc": 0.6921296296296297,
  "pr_auc": 0.3609383248864956
}