{
  "f1": 0.2222222222222222,
  "roc_auc": 0.6846153846153846,
  "pr_auc": 0.32708501539520574
}