{
  "f1": 0.19047619047619047,
  "roc_auc": 0.4897959183673469,
  "pr_auc": 0.28408722729088864
}