{
  "f1": 0.4166666666666667,
  "roc_auc": 0.8176100628930818,
  "pr_auc": 0.5719607843137255
}