{
  "f1": 0.2857142857142857,
  "roc_auc": 0.676923076923077,
  "pr_auc": 0.3662780144383918
}