{
  "f1": 0.34782608695652173,
  "roc_auc": 0.8129870129870129,
  "pr_auc": 0.431711525189786
}