{
  "f1": 0.2,
  "roc_auc": 0.6285714285714286,
  "pr_auc": 0.18519300440482706
}