{
  "f1": 0.3076923076923077,
  "roc_auc": 0.9055555555555557,
  "pr_auc": 0.28327228327228327
}