{
  "f1": 0.3333333333333333,
  "roc_auc": 0.853448275862069,
  "pr_auc": 0.2853238866396761
}