{
  "f1": 0.21052631578947367,
  "roc_auc": 0.7023809523809523,
  "pr_auc": 0.16651355180766947
}