{
  "f1": 0.25,
  "roc_auc": 0.5846702317290553,
  "pr_auc": 0.33008787376623294
}