{
  "f1": 0.25,
  "roc_auc": 0.6758620689655173,
  "pr_auc": 0.4756378992446321
}