{
  "f1": 0.25,
  "roc_auc": 0.6350877192982456,
  "pr_auc": 0.47440626313577133
}