{
  "f1": 0.19047619047619047,
  "roc_auc": 0.7291666666666667,
  "pr_auc": 0.20498642439431913
}