{
  "f1": 0.21052631578947367,
  "roc_auc": 0.6896551724137931,
  "pr_auc": 0.14753117627232895
}