{
  "f1": 0.11764705882352941,
  "roc_auc": 0.690677966101695,
  "pr_auc": 0.3380681818181818
}