{
  "f1": 0.2222222222222222,
  "roc_auc": 0.7767857142857143,
  "pr_auc": 0.22159602971623432
}