{
  "f1": 0.3333333333333333,
  "roc_auc": 0.6904761904761905,
  "pr_auc": 0.4334238178075994
}