{
  "f1": 0.36363636363636365,
  "roc_auc": 0.8403846153846153,
  "pr_auc": 0.4781517175634823
}