{
  "f1": 0.38095238095238093,
  "roc_auc": 0.8753246753246753,
  "pr_auc": 0.592628205128205
}