{
  "f1": 0.47058823529411764,
  "roc_auc": 0.8124999999999999,
  "pr_auc": 0.6895652173913043
}