{
  "mean": 0.4692987097529419,
  "std": 0.10067223673449709,
  "dist": [
    0.4090909090909091,
    0.5777777777777777,
    0.4545454545454545,
    0.4137931034482758,
    0.5161290322580645,
    0.4864864864864865,
    0.4,
    0.2424242424242424,
    0.5405405405405406,
    0.6521739130434783,
    0.2285714285714285,
    0.5365853658536586,
    0.5714285714285714,
    0.4827586206896552,
    0.5217391304347826,
    0.3870967741935484,
    0.4571428571428571,
    0.5238095238095238,
    0.4761904761904761,
    0.5116279069767442,
    0.3571428571428571,
    0.5957446808510638,
    0.4,
    0.5142857142857142,
    0.4651162790697674,
    0.4888888888888889,
    0.4615384615384615,
    0.4516129032258064,
    0.5714285714285714,
    0.3888888888888889,
    0.6,
    0.3783783783783784,
    0.3902439024390244,
    0.4285714285714285,
    0.5405405405405406,
    0.3414634146341463,
    0.5,
    0.5142857142857142,
    0.68,
    0.2857142857142857,
    0.3428571428571428,
    0.4761904761904761,
    0.4117647058823529,
    0.6341463414634146,
    0.4878048780487805,
    0.45,
    0.5555555555555556,
    0.303030303030303,
    0.6153846153846154,
    0.4444444444444444
  ]
}