{
  "t_test": {
    "t_stat": -0.44681289957635084,
    "p_value": 0.6569788333669775
  },
  "wilcoxon": {
    "w_stat": 484.5,
    "p_value": 0.5406471805842041
  }
}