{
  "mean": 0.4716555103173436,
  "std": 0.10643638783980285,
  "dist": [
    0.4,
    0.5581395348837209,
    0.5,
    0.4137931034482758,
    0.5,
    0.4444444444444444,
    0.4571428571428571,
    0.25,
    0.5882352941176471,
    0.6153846153846154,
    0.25,
    0.5,
    0.5555555555555556,
    0.56,
    0.5116279069767442,
    0.4285714285714285,
    0.4516129032258064,
    0.5405405405405406,
    0.4102564102564102,
    0.5365853658536586,
    0.3703703703703703,
    0.5909090909090909,
    0.4571428571428571,
    0.4666666666666667,
    0.45,
    0.4651162790697674,
    0.4705882352941176,
    0.4,
    0.631578947368421,
    0.3888888888888889,
    0.6363636363636364,
    0.4,
    0.2857142857142857,
    0.4285714285714285,
    0.5882352941176471,
    0.3888888888888889,
    0.5,
    0.5,
    0.6666666666666666,
    0.2580645161290322,
    0.2857142857142857,
    0.4736842105263157,
    0.4375,
    0.6857142857142857,
    0.5,
    0.4736842105263157,
    0.5714285714285714,
    0.3333333333333333,
    0.6060606060606061,
    0.4
  ]
}