{
  "f1": 0.5714285714285714,
  "roc_auc": 0.8388888888888888,
  "pr_auc": 0.6155400756793945
}