{
  "f1": 0.42857142857142855,
  "roc_auc": 0.832258064516129,
  "pr_auc": 0.3477272727272727
}