{
  "f1": 0.7058823529411765,
  "roc_auc": 0.8029556650246304,
  "pr_auc": 0.4984126984126983
}