{
  "f1": 0.3076923076923077,
  "roc_auc": 0.8282828282828283,
  "pr_auc": 0.48333333333333334
}