{
  "f1": 0.5714285714285714,
  "roc_auc": 0.8277777777777778,
  "pr_auc": 0.6171957671957672
}