{
  "f1": 0.5,
  "roc_auc": 0.84375,
  "pr_auc": 0.41388888888888886
}