{
  "f1": 0.5,
  "roc_auc": 0.796875,
  "pr_auc": 0.6037037037037036
}