{
  "f1": 0.47619047619047616,
  "roc_auc": 0.8444444444444444,
  "pr_auc": 0.5623348873348873
}