{
  "f1": 0.7058823529411765,
  "roc_auc": 0.9555555555555556,
  "pr_auc": 0.8069444444444444
}