{
  "f1": 0.5333333333333333,
  "roc_auc": 0.8555555555555555,
  "pr_auc": 0.5217864923747276
}