{
  "f1": 0.631578947368421,
  "roc_auc": 0.84375,
  "pr_auc": 0.7393127705627706
}