{
  "f1": 0.625,
  "roc_auc": 0.8333333333333335,
  "pr_auc": 0.6830938697318008
}