{
  "f1": 0.5,
  "roc_auc": 0.7055555555555555,
  "pr_auc": 0.44202244116037215
}