{
  "f1": 0.5333333333333333,
  "roc_auc": 0.7611111111111111,
  "pr_auc": 0.42508417508417506
}