{
  "f1": 0.25,
  "roc_auc": 0.7777777777777778,
  "pr_auc": 0.2103174603174603
}