{
  "f1": 0.625,
  "roc_auc": 0.8666666666666667,
  "pr_auc": 0.4714285714285714
}