{
  "f1": 0.5454545454545454,
  "roc_auc": 0.75,
  "pr_auc": 0.39166666666666666
}