{
  "f1": 0.4444444444444444,
  "roc_auc": 0.7722222222222223,
  "pr_auc": 0.43088170709654083
}