{
  "f1": 0.5454545454545454,
  "roc_auc": 0.734375,
  "pr_auc": 0.32198275862068965
}