{
  "f1": 0.6,
  "roc_auc": 0.7857142857142857,
  "pr_auc": 0.47257799671592776
}