{
  "f1": 0.7777777777777778,
  "roc_auc": 0.9196428571428571,
  "pr_auc": 0.6767857142857143
}