{
  "f1": 0.4,
  "roc_auc": 0.8515625,
  "pr_auc": 0.3492424242424242
}