{
  "f1": 0.5454545454545454,
  "roc_auc": 0.8722222222222222,
  "pr_auc": 0.5436507936507936
}