{
  "f1": 0.5714285714285714,
  "roc_auc": 0.8214285714285714,
  "pr_auc": 0.5939732142857144
}