{
  "f1": 0.5,
  "roc_auc": 0.8325123152709359,
  "pr_auc": 0.6799628942486085
}