{
  "f1": 0.5714285714285714,
  "roc_auc": 0.8029556650246304,
  "pr_auc": 0.6679723502304147
}