{
  "f1": 0.7058823529411765,
  "roc_auc": 0.9444444444444444,
  "pr_auc": 0.6718253968253968
}