{
  "f1": 0.47058823529411764,
  "roc_auc": 0.8967741935483872,
  "pr_auc": 0.6199999999999999
}