{
  "f1": 0.2,
  "roc_auc": 0.8585858585858586,
  "pr_auc": 0.5074074074074074
}