{
  "f1": 0.5,
  "roc_auc": 0.7944444444444445,
  "pr_auc": 0.4564814814814815
}