{
  "f1": 0.7142857142857143,
  "roc_auc": 0.9483870967741936,
  "pr_auc": 0.6295238095238094
}