{
  "f1": 0.6428571428571429,
  "roc_auc": 0.7569444444444444,
  "pr_auc": 0.607093253968254
}