{
  "f1": 0.25,
  "roc_auc": 0.7647058823529411,
  "pr_auc": 0.19166666666666665
}