{
  "f1": 0.5,
  "roc_auc": 0.78125,
  "pr_auc": 0.719758064516129
}