{
  "f1": 0.7,
  "roc_auc": 0.9852216748768473,
  "pr_auc": 0.9571428571428571
}