{
  "f1": 0.5,
  "roc_auc": 0.7225806451612904,
  "pr_auc": 0.6204615384615384
}