{
  "mean": 0.353934389872403,
  "std": 0.1256884159439241,
  "dist": [
    0.4210526315789473,
    0.4545454545454545,
    0.3076923076923077,
    0.1666666666666666,
    0.3529411764705882,
    0.3529411764705882,
    0.1666666666666666,
    0.3529411764705882,
    0.375,
    0.4761904761904761,
    0.3,
    0.1333333333333333,
    0.5,
    0.2666666666666666,
    0.5714285714285714,
    0.2857142857142857,
    0.1052631578947368,
    0.4444444444444444,
    0.4444444444444444,
    0.5714285714285714,
    0.2222222222222222,
    0.4761904761904761,
    0.2666666666666666,
    0.2,
    0.5263157894736842,
    0.3076923076923077,
    0.5714285714285714,
    0.4705882352941176,
    0.2222222222222222,
    0.2857142857142857,
    0.3529411764705882,
    0.3529411764705882,
    0.4,
    0.3333333333333333,
    0.3636363636363636,
    0.1666666666666666,
    0.3076923076923077,
    0.4444444444444444,
    0.6666666666666666,
    0.2105263157894736,
    0.4210526315789473,
    0.3529411764705882,
    0.4,
    0.3636363636363636,
    0.1818181818181818,
    0.25,
    0.4,
    0.2666666666666666,
    0.4285714285714285,
    0.4347826086956521
  ]
}