{
  "t_test": {
    "t_stat": 2.034113180309293,
    "p_value": 0.04737205567480523
  },
  "wilcoxon": {
    "w_stat": 340.5,
    "p_value": 0.07136431578626432
  }
}