{
  "f1": 0.15384615384615385,
  "roc_auc": 0.6722222222222223,
  "pr_auc": 0.2623221685721686
}