{
  "f1": 0.5555555555555556,
  "roc_auc": 0.9113300492610837,
  "pr_auc": 0.7933150183150182
}