{
  "f1": 0.26666666666666666,
  "roc_auc": 0.707070707070707,
  "pr_auc": 0.17777777777777776
}