{
  "f1": 0.4,
  "roc_auc": 0.8277777777777777,
  "pr_auc": 0.607331074722379
}