{
  "f1": 0.0,
  "roc_auc": 0.609375,
  "pr_auc": 0.1579861111111111
}