{
  "f1": 0.5555555555555556,
  "roc_auc": 0.7901785714285714,
  "pr_auc": 0.44221455627705625
}