{
  "f1": 0.4,
  "roc_auc": 0.7055555555555556,
  "pr_auc": 0.3950968013468013
}