{
  "mean": 0.28756268933351986,
  "std": 0.144615945995641,
  "dist": [
    0.5263157894736842,
    0.1176470588235294,
    0.2857142857142857,
    0.2,
    0.2666666666666666,
    0.3333333333333333,
    0.0,
    0.4444444444444444,
    0.25,
    0.3529411764705882,
    0.2857142857142857,
    0.0,
    0.5,
    0.1666666666666666,
    0.4,
    0.1666666666666666,
    0.0,
    0.3076923076923077,
    0.4347826086956521,
    0.5,
    0.1176470588235294,
    0.4761904761904761,
    0.3333333333333333,
    0.1818181818181818,
    0.2857142857142857,
    0.2666666666666666,
    0.3636363636363636,
    0.375,
    0.2222222222222222,
    0.2666666666666666,
    0.3529411764705882,
    0.1428571428571428,
    0.3333333333333333,
    0.2352941176470588,
    0.4444444444444444,
    0.1818181818181818,
    0.1538461538461538,
    0.3333333333333333,
    0.6153846153846154,
    0.1428571428571428,
    0.4705882352941176,
    0.5,
    0.1,
    0.3333333333333333,
    0.1428571428571428,
    0.2857142857142857,
    0.2666666666666666,
    0.1538461538461538,
    0.4615384615384615,
    0.3
  ]
}