{
  "t_test": {
    "t_stat": 2.3438909355926727,
    "p_value": 0.02318356715590881
  },
  "wilcoxon": {
    "w_stat": 283.0,
    "p_value": 0.021771860907952353
  }
}