{
  "f1": 0.5161290322580645,
  "roc_auc": 0.8265086206896551,
  "pr_auc": 0.6268153251823365
}