{
  "f1": 0.18181818181818182,
  "roc_auc": 0.6439205955334988,
  "pr_auc": 0.3058879617725626
}