{
  "f1": 0.4666666666666667,
  "roc_auc": 0.6414392059553351,
  "pr_auc": 0.3693242759555679
}