{
  "f1": 0.2608695652173913,
  "roc_auc": 0.712686567164179,
  "pr_auc": 0.21998146394845564
}