{
  "f1": 0.41025641025641024,
  "roc_auc": 0.6607142857142857,
  "pr_auc": 0.3430571919656684
}