{
  "f1": 0.4,
  "roc_auc": 0.733921815889029,
  "pr_auc": 0.39529247698469505
}