{
  "f1": 0.3225806451612903,
  "roc_auc": 0.7388059701492538,
  "pr_auc": 0.27827101497876144
}