{
  "f1": 0.45161290322580644,
  "roc_auc": 0.7097457627118644,
  "pr_auc": 0.550775855904027
}