{
  "f1": 0.4186046511627907,
  "roc_auc": 0.661592505854801,
  "pr_auc": 0.410717866974922
}