{
  "f1": 0.5365853658536586,
  "roc_auc": 0.7811111111111112,
  "pr_auc": 0.4456669828895066
}