{
  "f1": 0.29411764705882354,
  "roc_auc": 0.6402116402116402,
  "pr_auc": 0.24785551079367613
}