{
  "f1": 0.42105263157894735,
  "roc_auc": 0.7093253968253969,
  "pr_auc": 0.5089159699547455
}