{
  "f1": 0.358974358974359,
  "roc_auc": 0.6718266253869969,
  "pr_auc": 0.4316927356863146
}