{
  "f1": 0.5882352941176471,
  "roc_auc": 0.7380952380952381,
  "pr_auc": 0.5737006009204734
}