{
  "f1": 0.5454545454545454,
  "roc_auc": 0.746532156368222,
  "pr_auc": 0.465266756420353
}