{
  "f1": 0.5,
  "roc_auc": 0.7457627118644068,
  "pr_auc": 0.5231318228872577
}