{
  "f1": 0.5238095238095238,
  "roc_auc": 0.7434210526315789,
  "pr_auc": 0.5861061165191321
}