{
  "f1": 0.4782608695652174,
  "roc_auc": 0.7407407407407408,
  "pr_auc": 0.5110421820033819
}