{
  "f1": 0.5555555555555556,
  "roc_auc": 0.8387096774193548,
  "pr_auc": 0.46091237777446714
}