{
  "f1": 0.56,
  "roc_auc": 0.7513227513227513,
  "pr_auc": 0.6773688195988252
}