{
  "f1": 0.5142857142857142,
  "roc_auc": 0.815819209039548,
  "pr_auc": 0.571605767582779
}