{
  "f1": 0.5641025641025641,
  "roc_auc": 0.8372881355932202,
  "pr_auc": 0.5876531355102784
}