{
  "f1": 0.5714285714285714,
  "roc_auc": 0.7732057416267943,
  "pr_auc": 0.6022293725853323
}