{
  "f1": 0.45161290322580644,
  "roc_auc": 0.840625,
  "pr_auc": 0.5512902794879538
}