{
  "f1": 0.4444444444444444,
  "roc_auc": 0.71712158808933,
  "pr_auc": 0.4055238627842457
}