{
  "f1": 0.4,
  "roc_auc": 0.7000000000000001,
  "pr_auc": 0.47889383114049255
}