{
  "f1": 0.3225806451612903,
  "roc_auc": 0.5353846153846153,
  "pr_auc": 0.19307429129864975
}