{
  "f1": 0.23529411764705882,
  "roc_auc": 0.6036931818181819,
  "pr_auc": 0.3481535166908234
}