{
  "f1": 0.32558139534883723,
  "roc_auc": 0.6865079365079365,
  "pr_auc": 0.4320100151933273
}