{
  "f1": 0.5263157894736842,
  "roc_auc": 0.6833333333333333,
  "pr_auc": 0.4223123395074227
}