{
  "f1": 0.55,
  "roc_auc": 0.8158192090395481,
  "pr_auc": 0.6384255236260681
}