{
  "f1": 0.48484848484848486,
  "roc_auc": 0.7548022598870057,
  "pr_auc": 0.4072824423224881
}