{
  "f1": 0.375,
  "roc_auc": 0.6962365591397849,
  "pr_auc": 0.3513158904071985
}