{
  "f1": 0.2222222222222222,
  "roc_auc": 0.47159090909090906,
  "pr_auc": 0.1699880222590086
}