{
  "f1": 0.6,
  "roc_auc": 0.8577586206896551,
  "pr_auc": 0.5843639163314991
}