{
  "f1": 0.5294117647058824,
  "roc_auc": 0.7853598014888339,
  "pr_auc": 0.500627691198287
}