{
  "f1": 0.5294117647058824,
  "roc_auc": 0.6791569086651055,
  "pr_auc": 0.41978397358109565
}