{
  "f1": 0.34285714285714286,
  "roc_auc": 0.6883116883116883,
  "pr_auc": 0.3420245536565749
}