{
  "f1": 0.35,
  "roc_auc": 0.6455555555555557,
  "pr_auc": 0.35842922477595246
}