{
  "f1": 0.41379310344827586,
  "roc_auc": 0.7794612794612795,
  "pr_auc": 0.42402665468703205
}