{
  "f1": 0.4,
  "roc_auc": 0.6789772727272727,
  "pr_auc": 0.410192728495254
}