{
  "f1": 0.4444444444444444,
  "roc_auc": 0.6985111662531018,
  "pr_auc": 0.46460538598246576
}