{
  "f1": 0.45,
  "roc_auc": 0.7046783625730995,
  "pr_auc": 0.41895197892230784
}