{
  "f1": 0.7272727272727273,
  "roc_auc": 0.8870813397129187,
  "pr_auc": 0.6102816395257945
}