{
  "f1": 0.4444444444444444,
  "roc_auc": 0.8205128205128205,
  "pr_auc": 0.5239336005755988
}