{
  "f1": 0.35,
  "roc_auc": 0.6178660049627791,
  "pr_auc": 0.3996618733160412
}