{
  "f1": 0.3225806451612903,
  "roc_auc": 0.7182539682539683,
  "pr_auc": 0.41182064823369174
}