{
  "f1": 0.6046511627906976,
  "roc_auc": 0.8216374269005847,
  "pr_auc": 0.7423071583427348
}