{
  "f1": 0.42424242424242425,
  "roc_auc": 0.7444168734491315,
  "pr_auc": 0.36576444851611967
}