{
  "f1": 0.6046511627906976,
  "roc_auc": 0.7961722488038276,
  "pr_auc": 0.6638426997769331
}