{
  "f1": 0.5714285714285714,
  "roc_auc": 0.8394396551724138,
  "pr_auc": 0.5821284175340027
}