{
  "f1": 0.5882352941176471,
  "roc_auc": 0.8398486759142497,
  "pr_auc": 0.5719443544352494
}