{
  "f1": 0.46153846153846156,
  "roc_auc": 0.7997658079625293,
  "pr_auc": 0.45688527860830414
}