{
  "f1": 0.45454545454545453,
  "roc_auc": 0.6693711967545639,
  "pr_auc": 0.48085164600773017
}