{
  "f1": 0.45714285714285713,
  "roc_auc": 0.8121693121693122,
  "pr_auc": 0.4685322343305714
}