{
  "f1": 0.4444444444444444,
  "roc_auc": 0.75,
  "pr_auc": 0.45138888888888884
}