{
  "f1": 0.5,
  "roc_auc": 0.7777777777777777,
  "pr_auc": 0.5380952380952381
}