{
  "f1": 0.8333333333333334,
  "roc_auc": 0.9313725490196079,
  "pr_auc": 0.9102564102564102
}