{
  "f1": 0.8,
  "roc_auc": 0.7745098039215685,
  "pr_auc": 0.7743055555555555
}