{
  "f1": 0.7272727272727273,
  "roc_auc": 0.7549019607843137,
  "pr_auc": 0.7698412698412698
}