{
  "f1": 0.4444444444444444,
  "roc_auc": 0.6052631578947368,
  "pr_auc": 0.5941176470588235
}