{
  "f1": 0.2,
  "roc_auc": 0.37962962962962965,
  "pr_auc": 0.27392850813903447
}