{
  "f1": 0.3333333333333333,
  "roc_auc": 0.6190476190476191,
  "pr_auc": 0.2847222222222222
}