{
  "f1": 0.6666666666666666,
  "roc_auc": 0.7301587301587302,
  "pr_auc": 0.4444444444444444
}