{
  "f1": 0.5,
  "roc_auc": 0.588235294117647,
  "pr_auc": 0.49068627450980395
}