{
  "f1": 0.3333333333333333,
  "roc_auc": 0.3421052631578948,
  "pr_auc": 0.2398705096073517
}