{
  "f1": 0.36363636363636365,
  "roc_auc": 0.9761904761904762,
  "pr_auc": 0.8333333333333333
}