{
  "f1": 0.5714285714285714,
  "roc_auc": 0.65625,
  "pr_auc": 0.6218954248366013
}