{
  "f1": 0.6666666666666666,
  "roc_auc": 0.7763157894736843,
  "pr_auc": 0.6222222222222222
}