{
  "f1": 0.16666666666666666,
  "roc_auc": 0.4444444444444444,
  "pr_auc": 0.2879072681704261
}