{
  "f1": 0.4444444444444444,
  "roc_auc": 0.6625,
  "pr_auc": 0.6026315789473684
}