{
  "f1": 0.8333333333333334,
  "roc_auc": 0.9666666666666667,
  "pr_auc": 0.8766666666666667
}