{
  "f1": 0.0,
  "roc_auc": 0.35714285714285715,
  "pr_auc": 0.09728506787330317
}