{
  "f1": 0.46153846153846156,
  "roc_auc": 0.525,
  "pr_auc": 0.4602582176595334
}