{
  "f1": 0.2222222222222222,
  "roc_auc": 0.39473684210526316,
  "pr_auc": 0.19125939849624057
}