{
  "f1": 0.6,
  "roc_auc": 0.8026315789473684,
  "pr_auc": 0.5083333333333333
}