{
  "f1": 0.4444444444444444,
  "roc_auc": 0.6842105263157895,
  "pr_auc": 0.4859649122807017
}