{
  "f1": 0.38095238095238093,
  "roc_auc": 0.6650246305418719,
  "pr_auc": 0.5157251306319629
}