{
  "f1": 0.0,
  "roc_auc": 0.48571428571428577,
  "pr_auc": 0.05263157894736842
}