{
  "f1": 0.3076923076923077,
  "roc_auc": 0.638888888888889,
  "pr_auc": 0.2965939153439153
}