{
  "f1": 0.25,
  "roc_auc": 0.4833333333333333,
  "pr_auc": 0.21917989417989417
}