{
  "f1": 0.2857142857142857,
  "roc_auc": 0.6206896551724138,
  "pr_auc": 0.36423902894491134
}