{
  "f1": 0.3157894736842105,
  "roc_auc": 0.7008928571428572,
  "pr_auc": 0.5658625730994151
}