{
  "f1": 0.26666666666666666,
  "roc_auc": 0.47096774193548385,
  "pr_auc": 0.334640522875817
}