{
  "f1": 0.42857142857142855,
  "roc_auc": 0.7722222222222221,
  "pr_auc": 0.48637566137566135
}