{
  "f1": 0.2857142857142857,
  "roc_auc": 0.7161290322580646,
  "pr_auc": 0.3239194139194139
}