{
  "f1": 0.47058823529411764,
  "roc_auc": 0.7388888888888889,
  "pr_auc": 0.46965488215488216
}