{
  "mean": 0.3708809229985701,
  "std": 0.20644185217430833,
  "dist": [
    0.0,
    0.5454545454545454,
    0.3636363636363636,
    0.6666666666666666,
    0.5,
    0.4444444444444444,
    0.2,
    0.2857142857142857,
    0.5,
    0.5714285714285714,
    0.25,
    0.5,
    0.6153846153846154,
    0.3636363636363636,
    0.2222222222222222,
    0.25,
    0.5882352941176471,
    0.0,
    0.4444444444444444,
    0.4,
    0.4,
    0.6153846153846154,
    0.3076923076923077,
    0.0,
    0.5,
    0.0,
    0.5454545454545454,
    0.7142857142857143,
    0.3076923076923077,
    0.0,
    0.2222222222222222,
    0.5,
    0.25,
    0.6666666666666666,
    0.0,
    0.4615384615384615,
    0.5,
    0.2,
    0.25,
    0.6666666666666666,
    0.5,
    0.3333333333333333,
    0.3636363636363636,
    0.2857142857142857,
    0.4615384615384615,
    0.0,
    0.4,
    0.4444444444444444,
    0.2222222222222222,
    0.7142857142857143
  ]
}