{
  "t_test": {
    "t_stat": 5.930002765578419,
    "p_value": 2.999527556097877e-07
  },
  "wilcoxon": {
    "w_stat": 82.5,
    "p_value": 3.949310905052024e-06
  }
}