{
  "mean": 0.31788200688200685,
  "std": 0.1812603966793955,
  "dist": [
    0.3636363636363636,
    0.25,
    0.3333333333333333,
    0.4444444444444444,
    0.2222222222222222,
    0.1818181818181818,
    0.3076923076923077,
    0.5,
    0.4,
    0.3333333333333333,
    0.0,
    0.3076923076923077,
    0.5,
    0.5,
    0.2,
    0.4,
    0.5454545454545454,
    0.0,
    0.2222222222222222,
    0.4444444444444444,
    0.5454545454545454,
    0.2,
    0.3333333333333333,
    0.2222222222222222,
    0.2857142857142857,
    0.5714285714285714,
    0.0,
    0.2222222222222222,
    0.4,
    0.3333333333333333,
    0.4444444444444444,
    0.6666666666666666,
    0.1818181818181818,
    0.0,
    0.2857142857142857,
    0.1818181818181818,
    0.2222222222222222,
    0.25,
    0.4,
    0.6,
    0.0,
    0.4444444444444444,
    0.6,
    0.0,
    0.5,
    0.3636363636363636,
    0.3333333333333333,
    0.6,
    0.25,
    0.0
  ]
}