{
  "t_test": {
    "t_stat": 2.512154633880921,
    "p_value": 0.01534253283983323
  },
  "wilcoxon": {
    "w_stat": 369.0,
    "p_value": 0.015421931407869119
  }
}