{
  "f1": 0.5185185185185185,
  "roc_auc": 0.6323185011709602,
  "pr_auc": 0.47034096085267374
}