{
  "f1": 0.35714285714285715,
  "roc_auc": 0.6292613636363635,
  "pr_auc": 0.40599804582631127
}