{
  "f1": 0.5294117647058824,
  "roc_auc": 0.7559322033898305,
  "pr_auc": 0.619685008638569
}