{
  "f1": 0.55,
  "roc_auc": 0.7043062200956938,
  "pr_auc": 0.5030390419875187
}