{
  "f1": 0.46153846153846156,
  "roc_auc": 0.6748120300751881,
  "pr_auc": 0.48199636569605603
}