{
  "f1": 0.5185185185185185,
  "roc_auc": 0.8265625000000001,
  "pr_auc": 0.6040442122795063
}