{
  "f1": 0.5454545454545454,
  "roc_auc": 0.7043650793650794,
  "pr_auc": 0.5711337756817877
}