{
  "f1": 0.4827586206896552,
  "roc_auc": 0.7804232804232804,
  "pr_auc": 0.5030043812587429
}