{
  "f1": 0.5454545454545454,
  "roc_auc": 0.8552631578947368,
  "pr_auc": 0.8166666666666667
}