{
  "f1": 0.6666666666666666,
  "roc_auc": 0.7352941176470588,
  "pr_auc": 0.7323529411764705
}