{
  "f1": 0.36363636363636365,
  "roc_auc": 0.513157894736842,
  "pr_auc": 0.45795454545454545
}