{
  "f1": 0.5333333333333333,
  "roc_auc": 0.671875,
  "pr_auc": 0.6908730158730159
}