{
  "f1": 0.3076923076923077,
  "roc_auc": 0.8484848484848485,
  "pr_auc": 0.3055555555555556
}