{
  "f1": 0.36363636363636365,
  "roc_auc": 0.6611111111111111,
  "pr_auc": 0.42350427350427344
}