{
  "f1": 0.5263157894736842,
  "roc_auc": 0.8177339901477831,
  "pr_auc": 0.6679723502304147
}