{
  "f1": 0.4,
  "roc_auc": 0.7611111111111111,
  "pr_auc": 0.4702075702075702
}