{
  "f1": 0.4,
  "roc_auc": 0.5960591133004925,
  "pr_auc": 0.4580847723704866
}