{
  "f1": 0.3333333333333333,
  "roc_auc": 0.5833333333333334,
  "pr_auc": 0.33874458874458874
}