{
  "f1": 0.15384615384615385,
  "roc_auc": 0.6262626262626263,
  "pr_auc": 0.2513227513227513
}