{
  "f1": 0.4444444444444444,
  "roc_auc": 0.7980295566502463,
  "pr_auc": 0.6007142857142858
}