{
  "mean": 0.5368572538572539,
  "std": 0.18239150194304507,
  "dist": [
    0.3636363636363636,
    0.8,
    0.6,
    0.6666666666666666,
    0.4444444444444444,
    0.6666666666666666,
    0.8888888888888888,
    0.5714285714285714,
    0.2222222222222222,
    0.2857142857142857,
    0.5333333333333333,
    0.4444444444444444,
    0.75,
    0.2857142857142857,
    0.8,
    0.7272727272727273,
    0.6666666666666666,
    0.5714285714285714,
    0.5,
    0.0,
    0.4444444444444444,
    0.6666666666666666,
    0.5714285714285714,
    0.5,
    0.5,
    0.5714285714285714,
    0.5,
    0.4,
    0.5333333333333333,
    0.6666666666666666,
    0.25,
    0.5,
    0.6666666666666666,
    0.5714285714285714,
    0.6666666666666666,
    0.5714285714285714,
    0.2857142857142857,
    0.75,
    0.2222222222222222,
    0.7692307692307693,
    0.4444444444444444,
    0.5333333333333333,
    0.5714285714285714,
    0.5,
    0.8,
    0.5714285714285714,
    0.2857142857142857,
    0.4,
    0.7692307692307693,
    0.5714285714285714
  ]
}