{
  "t_test": {
    "t_stat": 0.6198958989195916,
    "p_value": 0.5381985249362615
  },
  "wilcoxon": {
    "w_stat": 342.5,
    "p_value": 0.6846330158331161
  }
}