{
  "mean": 0.5250951270951272,
  "std": 0.19370939832206263,
  "dist": [
    0.25,
    0.5714285714285714,
    0.6666666666666666,
    0.6666666666666666,
    0.5,
    0.8888888888888888,
    0.6,
    0.5,
    0.25,
    0.3333333333333333,
    0.5333333333333333,
    0.5,
    0.8571428571428571,
    0.3333333333333333,
    0.4,
    0.8888888888888888,
    0.5,
    0.6666666666666666,
    0.4615384615384615,
    0.0,
    0.1818181818181818,
    0.6666666666666666,
    0.7272727272727273,
    0.8,
    0.4,
    0.6,
    0.4,
    0.4,
    0.5714285714285714,
    0.5714285714285714,
    0.3333333333333333,
    0.5,
    0.4444444444444444,
    0.6666666666666666,
    0.6666666666666666,
    0.6666666666666666,
    0.2857142857142857,
    0.5,
    0.25,
    0.8333333333333334,
    0.5714285714285714,
    0.4,
    0.5714285714285714,
    0.5714285714285714,
    0.8,
    0.5714285714285714,
    0.4,
    0.25,
    0.7142857142857143,
    0.5714285714285714
  ]
}