{
  "mean": 0.24989210789210783,
  "std": 0.14799372950440096,
  "dist": [
    0.3076923076923077,
    0.25,
    0.2857142857142857,
    0.2,
    0.2222222222222222,
    0.1818181818181818,
    0.3333333333333333,
    0.4,
    0.0,
    0.2857142857142857,
    0.0,
    0.3076923076923077,
    0.2857142857142857,
    0.4444444444444444,
    0.1818181818181818,
    0.4,
    0.5,
    0.0,
    0.2,
    0.1818181818181818,
    0.3636363636363636,
    0.1818181818181818,
    0.25,
    0.25,
    0.2222222222222222,
    0.4444444444444444,
    0.0,
    0.2222222222222222,
    0.2,
    0.3333333333333333,
    0.1818181818181818,
    0.6,
    0.2222222222222222,
    0.0,
    0.2,
    0.2,
    0.2,
    0.2857142857142857,
    0.25,
    0.3333333333333333,
    0.0,
    0.3636363636363636,
    0.4444444444444444,
    0.0,
    0.4,
    0.2666666666666666,
    0.5,
    0.4444444444444444,
    0.1666666666666666,
    0.0
  ]
}