{
  "t_test": {
    "t_stat": 0.2556684418854618,
    "p_value": 0.7992770884156888
  },
  "wilcoxon": {
    "w_stat": 546.0,
    "p_value": 0.6666052776464899
  }
}