{
  "f1": 0.4,
  "roc_auc": 0.8359375,
  "pr_auc": 0.48942307692307696
}