{
  "f1": 0.4444444444444444,
  "roc_auc": 0.8671875,
  "pr_auc": 0.42142857142857143
}