{
  "f1": 0.2857142857142857,
  "roc_auc": 0.8282828282828283,
  "pr_auc": 0.48333333333333334
}