{
  "f1": 0.3333333333333333,
  "roc_auc": 0.7890625,
  "pr_auc": 0.2644230769230769
}