{
  "f1": 0.42857142857142855,
  "roc_auc": 0.875,
  "pr_auc": 0.4063852813852814
}