{
  "f1": 0.46153846153846156,
  "roc_auc": 0.9696969696969697,
  "pr_auc": 0.8333333333333333
}