{
  "f1": 0.0,
  "roc_auc": 0.6470588235294117,
  "pr_auc": 0.10989010989010989
}