{
  "f1": 0.3333333333333333,
  "roc_auc": 0.7373737373737375,
  "pr_auc": 0.24206349206349206
}