{
  "f1": 0.4,
  "roc_auc": 0.7734375,
  "pr_auc": 0.35555555555555557
}