{
  "f1": 0.42857142857142855,
  "roc_auc": 0.8125,
  "pr_auc": 0.34310776942355886
}