{
  "f1": 0.46153846153846156,
  "roc_auc": 0.8686868686868686,
  "pr_auc": 0.31746031746031744
}