{
  "f1": 0.0,
  "roc_auc": 0.7070707070707072,
  "pr_auc": 0.16581196581196583
}