{
  "f1": 0.0,
  "roc_auc": 0.7794117647058824,
  "pr_auc": 0.17692307692307693
}