{
  "f1": 0.5,
  "roc_auc": 0.7870967741935484,
  "pr_auc": 0.5454385964912281
}