{
  "f1": 0.5714285714285714,
  "roc_auc": 0.9161290322580645,
  "pr_auc": 0.5476190476190476
}