{
  "f1": 0.75,
  "roc_auc": 0.9483870967741935,
  "pr_auc": 0.8433333333333333
}