{
  "f1": 0.36363636363636365,
  "roc_auc": 0.7935483870967741,
  "pr_auc": 0.33749999999999997
}