{
  "f1": 0.42857142857142855,
  "roc_auc": 0.828125,
  "pr_auc": 0.4380482456140351
}