{
  "f1": 0.5454545454545454,
  "roc_auc": 0.898989898989899,
  "pr_auc": 0.4027777777777778
}