{
  "mean": 0.4859792576188861,
  "std": 0.13861824545640494,
  "dist": [
    0.7058823529411765,
    0.375,
    0.625,
    0.2857142857142857,
    0.4444444444444444,
    0.5,
    0.5555555555555556,
    0.625,
    0.25,
    0.4285714285714285,
    0.3636363636363636,
    0.7,
    0.5,
    0.5882352941176471,
    0.1666666666666666,
    0.64,
    0.4285714285714285,
    0.5,
    0.4,
    0.2857142857142857,
    0.4,
    0.5,
    0.5454545454545454,
    0.5555555555555556,
    0.5,
    0.6153846153846154,
    0.4,
    0.5,
    0.5882352941176471,
    0.4,
    0.8,
    0.3333333333333333,
    0.2666666666666666,
    0.5714285714285714,
    0.6,
    0.6,
    0.625,
    0.3636363636363636,
    0.5,
    0.3076923076923077,
    0.6,
    0.6666666666666666,
    0.4761904761904761,
    0.5,
    0.2,
    0.6153846153846154,
    0.5263157894736842,
    0.4,
    0.5454545454545454,
    0.4285714285714285
  ]
}