{
  "t_test": {
    "t_stat": -0.0902051514759727,
    "p_value": 0.928491916877842
  },
  "wilcoxon": {
    "w_stat": 612.0,
    "p_value": 0.9960313990679445
  }
}