{
  "f1": 0.47058823529411764,
  "roc_auc": 0.78125,
  "pr_auc": 0.2527146464646465
}