{
  "f1": 0.3076923076923077,
  "roc_auc": 0.703125,
  "pr_auc": 0.23931159420289855
}