{
  "f1": 0.46153846153846156,
  "roc_auc": 0.8671875,
  "pr_auc": 0.5401785714285714
}