{
  "f1": 0.3076923076923077,
  "roc_auc": 0.6484375,
  "pr_auc": 0.21592261904761906
}