{
  "f1": 0.3157894736842105,
  "roc_auc": 0.7538461538461537,
  "pr_auc": 0.35303431656063233
}