{
  "f1": 0.36363636363636365,
  "roc_auc": 0.8189655172413793,
  "pr_auc": 0.42584033613445377
}