{
  "f1": 0.2857142857142857,
  "roc_auc": 0.6939655172413794,
  "pr_auc": 0.1984126984126984
}