{
  "f1": 0.5454545454545454,
  "roc_auc": 0.7543103448275862,
  "pr_auc": 0.5003246753246753
}