{
  "f1": 0.14285714285714285,
  "roc_auc": 0.5543859649122806,
  "pr_auc": 0.15768093974990527
}