{
  "f1": 0.1111111111111111,
  "roc_auc": 0.5922077922077922,
  "pr_auc": 0.15301991241840865
}