{
  "f1": 0.0,
  "roc_auc": 0.6767241379310346,
  "pr_auc": 0.16414141414141414
}