{
  "f1": 0.18181818181818182,
  "roc_auc": 0.8166666666666668,
  "pr_auc": 0.16570048309178745
}