{
  "f1": 0.375,
  "roc_auc": 0.7831632653061226,
  "pr_auc": 0.37526045383188233
}