{
  "f1": 0.16666666666666666,
  "roc_auc": 0.7090909090909091,
  "pr_auc": 0.25596396624721746
}