{
  "f1": 0.2,
  "roc_auc": 0.611111111111111,
  "pr_auc": 0.09544021343681786
}