{
  "f1": 0.42105263157894735,
  "roc_auc": 0.8025974025974026,
  "pr_auc": 0.3895840718421364
}