{
  "f1": 0.18181818181818182,
  "roc_auc": 0.607843137254902,
  "pr_auc": 0.32673951039586846
}