{
  "f1": 0.42857142857142855,
  "roc_auc": 0.6101190476190477,
  "pr_auc": 0.2635220241152444
}