{
  "f1": 0.3076923076923077,
  "roc_auc": 0.6271186440677965,
  "pr_auc": 0.16694915254237286
}