{
  "f1": 0.11764705882352941,
  "roc_auc": 0.7559523809523809,
  "pr_auc": 0.19704739704739704
}