{
  "f1": 0.0,
  "roc_auc": 0.6422413793103449,
  "pr_auc": 0.110343567251462
}