{
  "f1": 0.23529411764705882,
  "roc_auc": 0.4883116883116883,
  "pr_auc": 0.30903161839373333
}