{
  "f1": 0.3076923076923077,
  "roc_auc": 0.693103448275862,
  "pr_auc": 0.43437229437229435
}