{
  "f1": 0.13333333333333333,
  "roc_auc": 0.6875,
  "pr_auc": 0.17445765870372024
}