{
  "f1": 0.3333333333333333,
  "roc_auc": 0.8793103448275862,
  "pr_auc": 0.3333333333333333
}