{
  "f1": 0.14285714285714285,
  "roc_auc": 0.4851190476190476,
  "pr_auc": 0.1259667418129548
}