{
  "f1": 0.13333333333333333,
  "roc_auc": 0.5684210526315789,
  "pr_auc": 0.1805031810294968
}