{
  "f1": 0.0,
  "roc_auc": 0.7231638418079095,
  "pr_auc": 0.13536036036036037
}