{
  "f1": 0.0,
  "roc_auc": 0.48070175438596496,
  "pr_auc": 0.09143300230647335
}