{
  "f1": 0.13333333333333333,
  "roc_auc": 0.42091836734693877,
  "pr_auc": 0.13687188157882413
}