{
  "f1": 0.23529411764705882,
  "roc_auc": 0.6934523809523809,
  "pr_auc": 0.31114417989417986
}