{
  "f1": 0.0,
  "roc_auc": 0.7344632768361582,
  "pr_auc": 0.10832004253056884
}