{
  "f1": 0.08695652173913043,
  "roc_auc": 0.5365384615384615,
  "pr_auc": 0.1765103557762216
}