{
  "f1": 0.23529411764705882,
  "roc_auc": 0.662037037037037,
  "pr_auc": 0.21797759988549462
}