{
  "f1": 0.2,
  "roc_auc": 0.7457627118644067,
  "pr_auc": 0.400679117147708
}