{
  "f1": 0.375,
  "roc_auc": 0.7321428571428572,
  "pr_auc": 0.5245379072681704
}