{
  "f1": 0.2222222222222222,
  "roc_auc": 0.7738095238095237,
  "pr_auc": 0.20724889145941777
}