{
  "f1": 0.35294117647058826,
  "roc_auc": 0.7168367346938775,
  "pr_auc": 0.42165840466427423
}