{
  "f1": 0.3076923076923077,
  "roc_auc": 0.7052631578947368,
  "pr_auc": 0.3730601092896175
}