{
  "f1": 0.125,
  "roc_auc": 0.7076271186440678,
  "pr_auc": 0.21725146198830408
}