{
  "f1": 0.14285714285714285,
  "roc_auc": 0.6034482758620691,
  "pr_auc": 0.13685271646859082
}