{
  "f1": 0.3157894736842105,
  "roc_auc": 0.7688311688311689,
  "pr_auc": 0.35582259219477264
}