{
  "f1": 0.0,
  "roc_auc": 0.5980769230769231,
  "pr_auc": 0.1999500295676221
}