{
  "f1": 0.1,
  "roc_auc": 0.5153061224489796,
  "pr_auc": 0.14276649308506315
}