{
  "f1": 0.18181818181818182,
  "roc_auc": 0.5724137931034483,
  "pr_auc": 0.14207966866769045
}