{
  "f1": 0.0,
  "roc_auc": 0.19774011299435026,
  "pr_auc": 0.03920046016681047
}