{
  "f1": 0.2857142857142857,
  "roc_auc": 0.6939203354297694,
  "pr_auc": 0.4250340231272434
}