{
  "f1": 0.1111111111111111,
  "roc_auc": 0.6815476190476191,
  "pr_auc": 0.15414935745395514
}