{
  "f1": 0.25,
  "roc_auc": 0.6192307692307693,
  "pr_auc": 0.2664421755664206
}