{
  "f1": 0.4,
  "roc_auc": 0.7304526748971194,
  "pr_auc": 0.3142339142339142
}