{
  "f1": 0.14285714285714285,
  "roc_auc": 0.768361581920904,
  "pr_auc": 0.2525252525252525
}