{
  "f1": 0.2608695652173913,
  "roc_auc": 0.7801724137931034,
  "pr_auc": 0.1795343137254902
}