{
  "f1": 0.08,
  "roc_auc": 0.4310344827586207,
  "pr_auc": 0.07783004258614014
}