{
  "f1": 0.3333333333333333,
  "roc_auc": 0.7220779220779221,
  "pr_auc": 0.3370121732903688
}