{
  "f1": 0.18181818181818182,
  "roc_auc": 0.6175438596491227,
  "pr_auc": 0.14293037318464918
}