{
  "f1": 0.20689655172413793,
  "roc_auc": 0.7456896551724138,
  "pr_auc": 0.27022357723577234
}