{
  "f1": 0.32,
  "roc_auc": 0.6964285714285714,
  "pr_auc": 0.2988348962773515
}