{
  "f1": 0.25,
  "roc_auc": 0.5127551020408163,
  "pr_auc": 0.13960781282209855
}