{
  "f1": 0.3125,
  "roc_auc": 0.6172839506172839,
  "pr_auc": 0.291159137857251
}