{
  "f1": 0.08,
  "roc_auc": 0.521551724137931,
  "pr_auc": 0.09962109575012801
}