{
  "f1": 0.2857142857142857,
  "roc_auc": 0.7012987012987013,
  "pr_auc": 0.3690685045948204
}