{
  "f1": 0.3448275862068966,
  "roc_auc": 0.6211538461538462,
  "pr_auc": 0.2840209846527992
}