{
  "f1": 0.27586206896551724,
  "roc_auc": 0.5654761904761905,
  "pr_auc": 0.15260494669450528
}