{
  "f1": 0.23076923076923078,
  "roc_auc": 0.903954802259887,
  "pr_auc": 0.39215686274509803
}