{
  "f1": 0.20689655172413793,
  "roc_auc": 0.5827586206896552,
  "pr_auc": 0.1552930402930403
}