{
  "f1": 0.20689655172413793,
  "roc_auc": 0.6793103448275862,
  "pr_auc": 0.17820056899004266
}