{
  "f1": 0.16666666666666666,
  "roc_auc": 0.37499999999999994,
  "pr_auc": 0.15519419636224124
}