{
  "f1": 0.16666666666666666,
  "roc_auc": 0.5029761904761905,
  "pr_auc": 0.11099560893539806
}