{
  "f1": 0.3125,
  "roc_auc": 0.6935064935064935,
  "pr_auc": 0.3398619673009916
}