{
  "f1": 0.23076923076923078,
  "roc_auc": 0.8922413793103449,
  "pr_auc": 0.4184782608695652
}