{
  "f1": 0.3870967741935484,
  "roc_auc": 0.740041928721174,
  "pr_auc": 0.38698332531665863
}