{
  "f1": 0.07142857142857142,
  "roc_auc": 0.5819209039548022,
  "pr_auc": 0.07194060419866871
}