{
  "f1": 0.3870967741935484,
  "roc_auc": 0.7448979591836735,
  "pr_auc": 0.25266846770606166
}