{
  "f1": 0.21428571428571427,
  "roc_auc": 0.5863095238095238,
  "pr_auc": 0.2740154931762616
}