{
  "f1": 0.08695652173913043,
  "roc_auc": 0.5344827586206897,
  "pr_auc": 0.09583333333333333
}