{
  "f1": 0.3125,
  "roc_auc": 0.7168831168831169,
  "pr_auc": 0.2173362869015043
}