{
  "f1": 0.2,
  "roc_auc": 0.9265536723163842,
  "pr_auc": 0.6222222222222222
}