{
  "f1": 0.08333333333333333,
  "roc_auc": 0.5111111111111111,
  "pr_auc": 0.06526001705029838
}