{
  "f1": 0.3076923076923077,
  "roc_auc": 0.7708333333333333,
  "pr_auc": 0.4313346883468835
}