{
  "f1": 0.12903225806451613,
  "roc_auc": 0.47017543859649125,
  "pr_auc": 0.16804512942025582
}