{
  "f1": 0.13333333333333333,
  "roc_auc": 0.5386904761904762,
  "pr_auc": 0.13722394351197598
}