{
  "f1": 0.1,
  "roc_auc": 0.576271186440678,
  "pr_auc": 0.16168582375478927
}