{
  "f1": 0.18181818181818182,
  "roc_auc": 0.5714285714285714,
  "pr_auc": 0.15723917697601908
}