{
  "f1": 0.27586206896551724,
  "roc_auc": 0.6467532467532467,
  "pr_auc": 0.29366399366399365
}