{
  "f1": 0.21428571428571427,
  "roc_auc": 0.6279761904761905,
  "pr_auc": 0.23772090482616798
}