{
  "f1": 0.13333333333333333,
  "roc_auc": 0.5069444444444444,
  "pr_auc": 0.15569269905223063
}