{
  "f1": 0.16,
  "roc_auc": 0.6836158192090396,
  "pr_auc": 0.1114996114996115
}