{
  "f1": 0.21052631578947367,
  "roc_auc": 0.85,
  "pr_auc": 0.2398989898989899
}