{
  "f1": 0.32432432432432434,
  "roc_auc": 0.6403846153846153,
  "pr_auc": 0.2698713443366696
}