{
  "f1": 0.23529411764705882,
  "roc_auc": 0.5688311688311688,
  "pr_auc": 0.2213492763840837
}