{
  "f1": 0.30303030303030304,
  "roc_auc": 0.6007130124777184,
  "pr_auc": 0.25635962760022224
}