{
  "f1": 0.4166666666666667,
  "roc_auc": 0.75,
  "pr_auc": 0.27379265471370734
}