{
  "f1": 0.2777777777777778,
  "roc_auc": 0.5557692307692308,
  "pr_auc": 0.2241786503177938
}