{
  "f1": 0.16666666666666666,
  "roc_auc": 0.5929824561403509,
  "pr_auc": 0.20899321266968326
}