{
  "f1": 0.2857142857142857,
  "roc_auc": 0.775438596491228,
  "pr_auc": 0.20636363636363636
}