{
  "f1": 0.08333333333333333,
  "roc_auc": 0.4011299435028248,
  "pr_auc": 0.05978807591710818
}