{
  "f1": 0.3157894736842105,
  "roc_auc": 0.8060344827586207,
  "pr_auc": 0.39939024390243905
}