{
  "mean": 0.4771573617301172,
  "std": 0.16222649759720995,
  "dist": [
    0.631578947368421,
    0.4444444444444444,
    0.5714285714285714,
    0.1818181818181818,
    0.5454545454545454,
    0.6666666666666666,
    0.5555555555555556,
    0.4,
    0.0,
    0.625,
    0.3076923076923077,
    0.5882352941176471,
    0.5714285714285714,
    0.4705882352941176,
    0.5,
    0.4761904761904761,
    0.6153846153846154,
    0.5333333333333333,
    0.5,
    0.375,
    0.5263157894736842,
    0.6,
    0.3636363636363636,
    0.6666666666666666,
    0.2666666666666666,
    0.625,
    0.631578947368421,
    0.25,
    0.5263157894736842,
    0.1818181818181818,
    0.6666666666666666,
    0.4705882352941176,
    0.3333333333333333,
    0.6153846153846154,
    0.4615384615384615,
    0.4210526315789473,
    0.5,
    0.4615384615384615,
    0.3636363636363636,
    0.7142857142857143,
    0.5882352941176471,
    0.375,
    0.5882352941176471,
    0.6666666666666666,
    0.0,
    0.5,
    0.5263157894736842,
    0.4285714285714285,
    0.3636363636363636,
    0.6153846153846154
  ]
}