{
  "t_test": {
    "t_stat": -1.3388266667169502,
    "p_value": 0.18680556473311985
  },
  "wilcoxon": {
    "w_stat": 303.5,
    "p_value": 0.33119168689772616
  }
}