{
  "mean": 0.5070573315573316,
  "std": 0.16290569256209222,
  "dist": [
    0.5454545454545454,
    0.5,
    0.5454545454545454,
    0.6666666666666666,
    0.4,
    0.7272727272727273,
    0.6666666666666666,
    0.4444444444444444,
    0.4,
    0.2857142857142857,
    0.6666666666666666,
    0.5,
    0.6666666666666666,
    0.25,
    0.4444444444444444,
    0.6666666666666666,
    0.5454545454545454,
    0.5714285714285714,
    0.5333333333333333,
    0.0,
    0.3333333333333333,
    0.5,
    0.7142857142857143,
    0.8,
    0.3333333333333333,
    0.6153846153846154,
    0.4,
    0.2857142857142857,
    0.625,
    0.5,
    0.2857142857142857,
    0.4444444444444444,
    0.5454545454545454,
    0.4,
    0.8333333333333334,
    0.5,
    0.4,
    0.6,
    0.2857142857142857,
    0.7142857142857143,
    0.5,
    0.5555555555555556,
    0.5714285714285714,
    0.4,
    0.6666666666666666,
    0.4,
    0.2857142857142857,
    0.5454545454545454,
    0.7142857142857143,
    0.5714285714285714
  ]
}