{
  "t_test": {
    "t_stat": 0.24522761620124864,
    "p_value": 0.8073043594336372
  },
  "wilcoxon": {
    "w_stat": 543.5,
    "p_value": 0.8282418312285107
  }
}