{
  "f1": 0.3,
  "roc_auc": 0.6530612244897959,
  "pr_auc": 0.5173863111044774
}