{
  "f1": 0.2,
  "roc_auc": 0.7678571428571428,
  "pr_auc": 0.2735521060275962
}