{
  "f1": 0.3,
  "roc_auc": 0.5663265306122449,
  "pr_auc": 0.23484014915337123
}