{
  "f1": 0.34782608695652173,
  "roc_auc": 0.5828877005347594,
  "pr_auc": 0.39385598400654875
}