{
  "f1": 0.25,
  "roc_auc": 0.6519230769230769,
  "pr_auc": 0.3218142968142968
}