{
  "f1": 0.25,
  "roc_auc": 0.7542372881355933,
  "pr_auc": 0.3738095238095238
}