{
  "f1": 0.2727272727272727,
  "roc_auc": 0.6311688311688312,
  "pr_auc": 0.21242804814233385
}