{
  "f1": 0.375,
  "roc_auc": 0.701530612244898,
  "pr_auc": 0.41616919921080914
}