{
  "f1": 0.5,
  "roc_auc": 0.7946428571428572,
  "pr_auc": 0.5871296296296296
}