{
  "f1": 0.11764705882352941,
  "roc_auc": 0.6458333333333333,
  "pr_auc": 0.16713161464428414
}