{
  "mean": 0.3235874125874125,
  "std": 0.14970654521324184,
  "dist": [
    0.4615384615384615,
    0.4,
    0.2857142857142857,
    0.2222222222222222,
    0.2,
    0.2857142857142857,
    0.4444444444444444,
    0.4,
    0.1818181818181818,
    0.4,
    0.2857142857142857,
    0.2857142857142857,
    0.2857142857142857,
    0.4,
    0.3636363636363636,
    0.25,
    0.8888888888888888,
    0.0,
    0.3076923076923077,
    0.1666666666666666,
    0.5,
    0.4,
    0.25,
    0.25,
    0.1818181818181818,
    0.6,
    0.2857142857142857,
    0.1818181818181818,
    0.2,
    0.3636363636363636,
    0.1666666666666666,
    0.7272727272727273,
    0.25,
    0.2,
    0.25,
    0.3636363636363636,
    0.2222222222222222,
    0.4444444444444444,
    0.2222222222222222,
    0.3636363636363636,
    0.3333333333333333,
    0.3636363636363636,
    0.3076923076923077,
    0.2,
    0.4444444444444444,
    0.4615384615384615,
    0.2857142857142857,
    0.4444444444444444,
    0.2,
    0.2
  ]
}