{
  "t_test": {
    "t_stat": 3.83245154287015,
    "p_value": 0.0003619929933469271
  },
  "wilcoxon": {
    "w_stat": 241.5,
    "p_value": 0.0006423856712100668
  }
}