{
  "mean": 0.3128467501947108,
  "std": 0.12025524256238582,
  "dist": [
    0.4545454545454545,
    0.3571428571428571,
    0.3333333333333333,
    0.1333333333333333,
    0.2608695652173913,
    0.3157894736842105,
    0.1176470588235294,
    0.5217391304347826,
    0.3,
    0.2962962962962963,
    0.25,
    0.1,
    0.3529411764705882,
    0.3157894736842105,
    0.5384615384615384,
    0.2105263157894736,
    0.1818181818181818,
    0.2857142857142857,
    0.48,
    0.4210526315789473,
    0.1904761904761904,
    0.5185185185185185,
    0.2105263157894736,
    0.2222222222222222,
    0.3809523809523809,
    0.25,
    0.3333333333333333,
    0.4210526315789473,
    0.2727272727272727,
    0.3478260869565217,
    0.5217391304347826,
    0.2727272727272727,
    0.3076923076923077,
    0.1052631578947368,
    0.375,
    0.0,
    0.3333333333333333,
    0.3333333333333333,
    0.4705882352941176,
    0.4166666666666667,
    0.4444444444444444,
    0.375,
    0.32,
    0.2608695652173913,
    0.1333333333333333,
    0.2666666666666666,
    0.3157894736842105,
    0.2608695652173913,
    0.4210526315789473,
    0.3333333333333333
  ]
}