{
  "t_test": {
    "t_stat": 2.076326393247771,
    "p_value": 0.04313078106894544
  },
  "wilcoxon": {
    "w_stat": 366.0,
    "p_value": 0.056584567123235195
  }
}