{
  "f1": 0.8,
  "roc_auc": 0.9523809523809523,
  "pr_auc": 0.5833333333333333
}