{
  "f1": 0.46153846153846156,
  "roc_auc": 0.5882352941176471,
  "pr_auc": 0.4355275443510737
}