{
  "f1": 0.7272727272727273,
  "roc_auc": 0.7745098039215685,
  "pr_auc": 0.7761904761904761
}