{
  "f1": 0.3333333333333333,
  "roc_auc": 0.6507936507936508,
  "pr_auc": 0.29393939393939394
}