{
  "f1": 0.5714285714285714,
  "roc_auc": 0.7,
  "pr_auc": 0.4415204678362573
}