{
  "f1": 0.8571428571428571,
  "roc_auc": 0.9833333333333333,
  "pr_auc": 0.9166666666666665
}