{
  "f1": 0.8888888888888888,
  "roc_auc": 0.8105263157894738,
  "pr_auc": 0.8434782608695652
}