{
  "f1": 0.6666666666666666,
  "roc_auc": 0.75,
  "pr_auc": 0.5291666666666667
}