{
  "f1": 0.5,
  "roc_auc": 0.6315789473684211,
  "pr_auc": 0.6031468531468531
}