{
  "f1": 0.7142857142857143,
  "roc_auc": 0.8627450980392157,
  "pr_auc": 0.8112044817927171
}