{
  "f1": 0.5365853658536586,
  "roc_auc": 0.7799188640973631,
  "pr_auc": 0.626121455771089
}