{
  "f1": 0.5714285714285714,
  "roc_auc": 0.8412698412698413,
  "pr_auc": 0.7355793786728193
}