{
  "f1": 0.6829268292682927,
  "roc_auc": 0.8165784832451499,
  "pr_auc": 0.7744757703419547
}