{
  "f1": 0.4,
  "roc_auc": 0.6923076923076923,
  "pr_auc": 0.4260500660181167
}