{
  "f1": 0.45454545454545453,
  "roc_auc": 0.7444976076555023,
  "pr_auc": 0.5930726704353939
}