{
  "f1": 0.41025641025641024,
  "roc_auc": 0.7371031746031745,
  "pr_auc": 0.5097236401669243
}