{
  "f1": 0.0,
  "roc_auc": 0.5396825396825398,
  "pr_auc": 0.26715686274509803
}