{
  "f1": 0.2857142857142857,
  "roc_auc": 0.6904761904761905,
  "pr_auc": 0.3214285714285714
}