{
  "f1": 0.2857142857142857,
  "roc_auc": 0.44999999999999996,
  "pr_auc": 0.25588235294117645
}