{
  "f1": 0.8,
  "roc_auc": 0.7666666666666666,
  "pr_auc": 0.7254901960784313
}