{
  "f1": 0.4,
  "roc_auc": 0.7619047619047619,
  "pr_auc": 0.5833333333333334
}