{
  "f1": 0.25,
  "roc_auc": 0.8666666666666667,
  "pr_auc": 0.5873015873015872
}