{
  "f1": 0.5454545454545454,
  "roc_auc": 0.7941176470588236,
  "pr_auc": 0.7513227513227513
}