{
  "f1": 0.0,
  "roc_auc": 0.7236842105263158,
  "pr_auc": 0.3888888888888889
}