{
  "f1": 0.5,
  "roc_auc": 0.9222222222222222,
  "pr_auc": 0.7295238095238095
}