{
  "f1": 0.2222222222222222,
  "roc_auc": 0.5888888888888889,
  "pr_auc": 0.44372549019607843
}