{
  "f1": 0.0,
  "roc_auc": 0.5394736842105263,
  "pr_auc": 0.28038302277432714
}