{
  "f1": 0.5454545454545454,
  "roc_auc": 0.696078431372549,
  "pr_auc": 0.5163337264730453
}