{
  "f1": 0.4444444444444444,
  "roc_auc": 0.5333333333333333,
  "pr_auc": 0.3405982905982906
}