{
  "f1": 0.4444444444444444,
  "roc_auc": 0.7368421052631579,
  "pr_auc": 0.39215686274509803
}