{
  "f1": 0.6,
  "roc_auc": 0.7941176470588235,
  "pr_auc": 0.5787037037037037
}