{
  "f1": 0.25,
  "roc_auc": 0.47619047619047616,
  "pr_auc": 0.17261904761904762
}