{
  "f1": 0.25,
  "roc_auc": 0.5555555555555556,
  "pr_auc": 0.4379629629629629
}