{
  "f1": 0.25,
  "roc_auc": 0.4907407407407407,
  "pr_auc": 0.41640866873065013
}