{
  "f1": 0.3333333333333333,
  "roc_auc": 0.40789473684210525,
  "pr_auc": 0.2505482456140351
}