{
  "f1": 0.0,
  "roc_auc": 0.6578947368421052,
  "pr_auc": 0.3196428571428571
}