{
  "f1": 0.0,
  "roc_auc": 0.2857142857142857,
  "pr_auc": 0.0900735294117647
}