{
  "f1": 0.4444444444444444,
  "roc_auc": 0.7222222222222222,
  "pr_auc": 0.6441468253968254
}