{
  "f1": 0.3333333333333333,
  "roc_auc": 0.6916666666666667,
  "pr_auc": 0.6412724519632415
}