{
  "f1": 0.6,
  "roc_auc": 0.9624999999999999,
  "pr_auc": 0.8928571428571428
}