{
  "f1": 0.25,
  "roc_auc": 0.6666666666666667,
  "pr_auc": 0.3333333333333333
}