{
  "f1": 0.36363636363636365,
  "roc_auc": 0.6785714285714286,
  "pr_auc": 0.5877551020408163
}