{
  "f1": 0.6,
  "roc_auc": 0.736842105263158,
  "pr_auc": 0.41388888888888886
}