{
  "f1": 0.6666666666666666,
  "roc_auc": 0.8105263157894737,
  "pr_auc": 0.8054545454545454
}