{
  "f1": 0.2857142857142857,
  "roc_auc": 0.6333333333333333,
  "pr_auc": 0.3476190476190476
}