{
  "f1": 0.5714285714285714,
  "roc_auc": 0.631578947368421,
  "pr_auc": 0.5190972222222222
}