{
  "f1": 0.8,
  "roc_auc": 0.9803921568627451,
  "pr_auc": 0.9484126984126984
}