{
  "mean": 0.4178051948051948,
  "std": 0.22706398344668666,
  "dist": [
    0.25,
    0.5,
    0.6666666666666666,
    0.6,
    0.0,
    0.6666666666666666,
    0.8571428571428571,
    0.2857142857142857,
    0.0,
    0.2857142857142857,
    0.3333333333333333,
    0.5714285714285714,
    0.8,
    0.25,
    0.4,
    0.6,
    0.0,
    0.5714285714285714,
    0.5454545454545454,
    0.0,
    0.25,
    0.4444444444444444,
    0.5454545454545454,
    0.6666666666666666,
    0.0,
    0.4444444444444444,
    0.6666666666666666,
    0.2857142857142857,
    0.3636363636363636,
    0.5714285714285714,
    0.0,
    0.4444444444444444,
    0.4444444444444444,
    0.4,
    0.6,
    0.5,
    0.25,
    0.5714285714285714,
    0.3333333333333333,
    0.5,
    0.3333333333333333,
    0.3333333333333333,
    0.6666666666666666,
    0.25,
    0.8,
    0.3333333333333333,
    0.4,
    0.2222222222222222,
    0.8,
    0.2857142857142857
  ]
}