{
  "t_test": {
    "t_stat": -3.305349036447481,
    "p_value": 0.0017793923247487846
  },
  "wilcoxon": {
    "w_stat": 216.0,
    "p_value": 0.00322367731758801
  }
}