{
  "f1": 0.6,
  "roc_auc": 0.7728174603174603,
  "pr_auc": 0.6711856018031955
}