{
  "f1": 0.4186046511627907,
  "roc_auc": 0.6826697892271663,
  "pr_auc": 0.39932542325253495
}