{
  "f1": 0.5555555555555556,
  "roc_auc": 0.7478813559322034,
  "pr_auc": 0.5769990018276657
}