{
  "f1": 0.42105263157894735,
  "roc_auc": 0.6832386363636364,
  "pr_auc": 0.3437238519056701
}