{
  "f1": 0.5833333333333334,
  "roc_auc": 0.8235867446393762,
  "pr_auc": 0.7259233378989292
}