{
  "f1": 0.375,
  "roc_auc": 0.6384615384615384,
  "pr_auc": 0.27434738777689066
}