{
  "f1": 0.5714285714285714,
  "roc_auc": 0.8355555555555556,
  "pr_auc": 0.5343599238750457
}