{
  "f1": 0.5777777777777777,
  "roc_auc": 0.8056497175141243,
  "pr_auc": 0.5319681765371065
}