{
  "f1": 0.4666666666666667,
  "roc_auc": 0.8114478114478114,
  "pr_auc": 0.49898829565496233
}