{
  "f1": 0.5625,
  "roc_auc": 0.7805800756620429,
  "pr_auc": 0.5106794984474681
}