{
  "f1": 0.32432432432432434,
  "roc_auc": 0.711111111111111,
  "pr_auc": 0.3265263155200262
}