{
  "f1": 0.47619047619047616,
  "roc_auc": 0.739454094292804,
  "pr_auc": 0.4445020735000492
}