{
  "f1": 0.43478260869565216,
  "roc_auc": 0.6831785345717234,
  "pr_auc": 0.3977235516917843
}