{
  "f1": 0.5925925925925926,
  "roc_auc": 0.7380952380952381,
  "pr_auc": 0.5429699437361848
}