{
  "f1": 0.6086956521739131,
  "roc_auc": 0.8415948275862069,
  "pr_auc": 0.5985493750848665
}