{
  "f1": 0.43478260869565216,
  "roc_auc": 0.7083333333333333,
  "pr_auc": 0.42830915492553423
}