{
  "f1": 0.375,
  "roc_auc": 0.6922043010752688,
  "pr_auc": 0.4640730388550828
}