{
  "f1": 0.5405405405405406,
  "roc_auc": 0.7878411910669976,
  "pr_auc": 0.4343851724650176
}