{
  "f1": 0.4864864864864865,
  "roc_auc": 0.7306791569086651,
  "pr_auc": 0.43401591190544087
}