{
  "f1": 0.5714285714285714,
  "roc_auc": 0.837468982630273,
  "pr_auc": 0.6245411484050083
}