{
  "f1": 0.32558139534883723,
  "roc_auc": 0.6917989417989419,
  "pr_auc": 0.4246899403036068
}