{
  "f1": 0.4782608695652174,
  "roc_auc": 0.7033333333333334,
  "pr_auc": 0.3857010149213539
}