{
  "f1": 0.5116279069767442,
  "roc_auc": 0.7444444444444445,
  "pr_auc": 0.5127234023238925
}