{
  "f1": 0.5882352941176471,
  "roc_auc": 0.8148148148148149,
  "pr_auc": 0.5721797096716742
}