{
  "f1": 0.5945945945945946,
  "roc_auc": 0.8461538461538461,
  "pr_auc": 0.5047714489934169
}