{
  "f1": 0.45454545454545453,
  "roc_auc": 0.8121693121693121,
  "pr_auc": 0.4574370814634097
}