{
  "f1": 0.3076923076923077,
  "roc_auc": 0.6390625000000001,
  "pr_auc": 0.21770877698284785
}