{
  "f1": 0.5581395348837209,
  "roc_auc": 0.7434077079107506,
  "pr_auc": 0.5873121422482036
}