{
  "f1": 0.5217391304347826,
  "roc_auc": 0.7142857142857143,
  "pr_auc": 0.44006171109142733
}