{
  "f1": 0.5,
  "roc_auc": 0.815136476426799,
  "pr_auc": 0.4883956839975442
}