{
  "f1": 0.5333333333333333,
  "roc_auc": 0.8067796610169491,
  "pr_auc": 0.492027395600127
}