{
  "f1": 0.5106382978723404,
  "roc_auc": 0.7163742690058479,
  "pr_auc": 0.4120972942249377
}