{
  "f1": 0.32432432432432434,
  "roc_auc": 0.6917989417989419,
  "pr_auc": 0.4052938317130932
}