{
  "f1": 0.2564102564102564,
  "roc_auc": 0.546875,
  "pr_auc": 0.21215386260058847
}