{
  "f1": 0.3333333333333333,
  "roc_auc": 0.6697761194029851,
  "pr_auc": 0.23274017649017648
}