{
  "f1": 0.35555555555555557,
  "roc_auc": 0.6476426799007443,
  "pr_auc": 0.38280694804430093
}