{
  "f1": 0.34285714285714286,
  "roc_auc": 0.6321022727272727,
  "pr_auc": 0.21899419259519112
}