{
  "f1": 0.5142857142857142,
  "roc_auc": 0.85,
  "pr_auc": 0.48364722809490257
}