{
  "f1": 0.45,
  "roc_auc": 0.6943793911007026,
  "pr_auc": 0.4694372449496673
}