{
  "f1": 0.5333333333333333,
  "roc_auc": 0.7665071770334928,
  "pr_auc": 0.5675015350915628
}