{
  "f1": 0.46808510638297873,
  "roc_auc": 0.7218045112781954,
  "pr_auc": 0.46272782003397056
}