{
  "f1": 0.5769230769230769,
  "roc_auc": 0.7971291866028707,
  "pr_auc": 0.6076631287611904
}