{
  "f1": 0.47619047619047616,
  "roc_auc": 0.7097457627118644,
  "pr_auc": 0.5631958002249943
}