{
  "f1": 0.38095238095238093,
  "roc_auc": 0.7200577200577201,
  "pr_auc": 0.31463272177557894
}