{
  "f1": 0.76,
  "roc_auc": 0.8937799043062201,
  "pr_auc": 0.6107695148489091
}