{
  "mean": 0.3826118326118326,
  "std": 0.22106404956334272,
  "dist": [
    0.0,
    0.4444444444444444,
    0.5454545454545454,
    0.6666666666666666,
    0.3636363636363636,
    0.3636363636363636,
    0.5,
    0.3333333333333333,
    0.5454545454545454,
    0.2857142857142857,
    0.0,
    0.4,
    0.7142857142857143,
    0.4,
    0.2222222222222222,
    0.2857142857142857,
    0.5714285714285714,
    0.0,
    0.3636363636363636,
    0.5714285714285714,
    0.5,
    0.2857142857142857,
    0.4,
    0.4,
    0.6666666666666666,
    0.0,
    0.5,
    0.9090909090909092,
    0.2222222222222222,
    0.0,
    0.2857142857142857,
    0.5333333333333333,
    0.3333333333333333,
    0.4,
    0.4,
    0.4,
    0.6,
    0.2222222222222222,
    0.0,
    0.8571428571428571,
    0.25,
    0.4,
    0.4444444444444444,
    0.2857142857142857,
    0.5714285714285714,
    0.0,
    0.2222222222222222,
    0.5,
    0.25,
    0.7142857142857143
  ]
}