{
  "t_test": {
    "t_stat": 0.3263307483951209,
    "p_value": 0.7455638679678025
  },
  "wilcoxon": {
    "w_stat": 464.5,
    "p_value": 0.5496605749955437
  }
}