{
  "f1": 0.5,
  "roc_auc": 0.7611111111111111,
  "pr_auc": 0.40221815221815216
}