{
  "f1": 0.3076923076923077,
  "roc_auc": 0.5625,
  "pr_auc": 0.2236111111111111
}