{
  "f1": 0.3076923076923077,
  "roc_auc": 0.5703125,
  "pr_auc": 0.4090437788018433
}