{
  "f1": 0.5555555555555556,
  "roc_auc": 0.8226600985221675,
  "pr_auc": 0.6594932844932844
}