{
  "f1": 0.46153846153846156,
  "roc_auc": 0.6944444444444444,
  "pr_auc": 0.4658029878618114
}