{
  "f1": 0.4,
  "roc_auc": 0.535483870967742,
  "pr_auc": 0.24282430213464695
}