{
  "f1": 0.26666666666666666,
  "roc_auc": 0.5267857142857143,
  "pr_auc": 0.3401441550148447
}