{
  "f1": 0.3333333333333333,
  "roc_auc": 0.671875,
  "pr_auc": 0.2844827586206896
}