{
  "f1": 0.4,
  "roc_auc": 0.6055555555555555,
  "pr_auc": 0.3076499118165784
}