{
  "f1": 0.36363636363636365,
  "roc_auc": 0.6645161290322581,
  "pr_auc": 0.2866666666666667
}