{
  "f1": 0.0,
  "roc_auc": 0.3636363636363636,
  "pr_auc": 0.08324420677361855
}