{
  "f1": 0.6,
  "roc_auc": 0.7096774193548387,
  "pr_auc": 0.4541797283176593
}