{
  "f1": 0.6,
  "roc_auc": 0.6580645161290323,
  "pr_auc": 0.5801809954751131
}