{
  "f1": 0.36363636363636365,
  "roc_auc": 0.6666666666666665,
  "pr_auc": 0.27670250896057347
}