{
  "f1": 0.36363636363636365,
  "roc_auc": 0.6108374384236452,
  "pr_auc": 0.39741379310344827
}