{
  "f1": 0.5555555555555556,
  "roc_auc": 0.7678571428571429,
  "pr_auc": 0.5060515873015873
}