{
  "f1": 0.0,
  "roc_auc": 0.17142857142857137,
  "pr_auc": 0.03333333333333333
}