{
  "f1": 0.625,
  "roc_auc": 0.90625,
  "pr_auc": 0.8199392712550607
}