{
  "f1": 0.42857142857142855,
  "roc_auc": 0.7166666666666667,
  "pr_auc": 0.34097222222222223
}