{
  "f1": 0.6666666666666666,
  "roc_auc": 0.8611111111111112,
  "pr_auc": 0.5071289334447229
}