{
  "f1": 0.6,
  "roc_auc": 0.796875,
  "pr_auc": 0.5162037037037037
}