{
  "f1": 0.2857142857142857,
  "roc_auc": 0.625,
  "pr_auc": 0.22976190476190472
}