{
  "f1": 0.18181818181818182,
  "roc_auc": 0.48484848484848475,
  "pr_auc": 0.14565217391304347
}