{
  "f1": 0.2,
  "roc_auc": 0.6363636363636364,
  "pr_auc": 0.2037037037037037
}