{
  "f1": 0.4,
  "roc_auc": 0.5812807881773399,
  "pr_auc": 0.4011092983242853
}