{
  "f1": 0.2857142857142857,
  "roc_auc": 0.6055555555555555,
  "pr_auc": 0.30753968253968256
}