{
  "f1": 0.6666666666666666,
  "roc_auc": 0.7611111111111111,
  "pr_auc": 0.5870726495726496
}