{
  "f1": 0.18181818181818182,
  "roc_auc": 0.5221674876847291,
  "pr_auc": 0.2938404985818779
}