{
  "f1": 0.0,
  "roc_auc": 0.6015625,
  "pr_auc": 0.20845959595959596
}