{
  "f1": 0.6153846153846154,
  "roc_auc": 0.7635467980295566,
  "pr_auc": 0.5924914166293477
}