{
  "f1": 0.4,
  "roc_auc": 0.6651785714285715,
  "pr_auc": 0.5572542211328976
}