{
  "mean": 0.3378018648018648,
  "std": 0.15518237254419417,
  "dist": [
    0.5,
    0.3636363636363636,
    0.2857142857142857,
    0.3076923076923077,
    0.2,
    0.3076923076923077,
    0.2857142857142857,
    0.4444444444444444,
    0.3636363636363636,
    0.3333333333333333,
    0.2857142857142857,
    0.3076923076923077,
    0.3333333333333333,
    0.4615384615384615,
    0.2857142857142857,
    0.2857142857142857,
    0.7272727272727273,
    0.0,
    0.3636363636363636,
    0.2666666666666666,
    0.6666666666666666,
    0.3333333333333333,
    0.25,
    0.1538461538461538,
    0.25,
    0.5454545454545454,
    0.2857142857142857,
    0.1666666666666666,
    0.3076923076923077,
    0.4,
    0.2857142857142857,
    0.8,
    0.2222222222222222,
    0.1818181818181818,
    0.2222222222222222,
    0.3333333333333333,
    0.1666666666666666,
    0.5,
    0.2222222222222222,
    0.5,
    0.2222222222222222,
    0.3333333333333333,
    0.4,
    0.2,
    0.5714285714285714,
    0.4285714285714285,
    0.25,
    0.6,
    0.2,
    0.1818181818181818
  ]
}