{
  "t_test": {
    "t_stat": 4.357278134312129,
    "p_value": 6.720106198952752e-05
  },
  "wilcoxon": {
    "w_stat": 194.0,
    "p_value": 0.0001532426196182653
  }
}