{
  "mean": 0.48622286897828687,
  "std": 0.15231801203165615,
  "dist": [
    0.631578947368421,
    0.5714285714285714,
    0.5714285714285714,
    0.2857142857142857,
    0.3333333333333333,
    0.5333333333333333,
    0.4705882352941176,
    0.7058823529411765,
    0.0,
    0.4615384615384615,
    0.3333333333333333,
    0.7777777777777778,
    0.3636363636363636,
    0.5333333333333333,
    0.3636363636363636,
    0.5833333333333334,
    0.4615384615384615,
    0.6153846153846154,
    0.4,
    0.2857142857142857,
    0.4615384615384615,
    0.2,
    0.6,
    0.6,
    0.5714285714285714,
    0.5,
    0.4444444444444444,
    0.4285714285714285,
    0.7142857142857143,
    0.4444444444444444,
    0.7692307692307693,
    0.4285714285714285,
    0.25,
    0.6153846153846154,
    0.5454545454545454,
    0.5,
    0.6666666666666666,
    0.6,
    0.4,
    0.3333333333333333,
    0.4,
    0.5714285714285714,
    0.5263157894736842,
    0.5,
    0.5,
    0.6153846153846154,
    0.7058823529411765,
    0.3076923076923077,
    0.4,
    0.4285714285714285
  ]
}