{
  "t_test": {
    "t_stat": 7.191548570927904,
    "p_value": 3.351675896384269e-09
  },
  "wilcoxon": {
    "w_stat": 19.5,
    "p_value": 2.3352771220075897e-07
  }
}