{
  "mean": 0.3989182218299191,
  "std": 0.15939980459164274,
  "dist": [
    0.5555555555555556,
    0.5714285714285714,
    0.3076923076923077,
    0.2666666666666666,
    0.2857142857142857,
    0.4,
    0.4444444444444444,
    0.5714285714285714,
    0.0,
    0.4615384615384615,
    0.3333333333333333,
    0.631578947368421,
    0.3636363636363636,
    0.4615384615384615,
    0.1666666666666666,
    0.4347826086956521,
    0.4285714285714285,
    0.4285714285714285,
    0.4444444444444444,
    0.2857142857142857,
    0.375,
    0.0,
    0.6666666666666666,
    0.5555555555555556,
    0.4,
    0.4615384615384615,
    0.2666666666666666,
    0.4285714285714285,
    0.6666666666666666,
    0.2,
    0.6666666666666666,
    0.4,
    0.1538461538461538,
    0.4615384615384615,
    0.3636363636363636,
    0.4,
    0.5882352941176471,
    0.4,
    0.4,
    0.2,
    0.4,
    0.375,
    0.4444444444444444,
    0.4285714285714285,
    0.4444444444444444,
    0.5714285714285714,
    0.5555555555555556,
    0.0,
    0.4,
    0.4285714285714285
  ]
}