{
  "mean": 0.47037327986247207,
  "std": 0.09501121087287115,
  "dist": [
    0.4186046511627907,
    0.5714285714285714,
    0.5,
    0.3157894736842105,
    0.5625,
    0.35,
    0.4761904761904761,
    0.3428571428571428,
    0.6111111111111112,
    0.5777777777777777,
    0.2941176470588235,
    0.5116279069767442,
    0.4878048780487805,
    0.4516129032258064,
    0.5714285714285714,
    0.3870967741935484,
    0.3888888888888889,
    0.5531914893617021,
    0.4761904761904761,
    0.5238095238095238,
    0.3636363636363636,
    0.5217391304347826,
    0.5263157894736842,
    0.5263157894736842,
    0.4186046511627907,
    0.4545454545454545,
    0.4444444444444444,
    0.4848484848484848,
    0.5531914893617021,
    0.4210526315789473,
    0.5882352941176471,
    0.4390243902439024,
    0.3783783783783784,
    0.4375,
    0.4864864864864865,
    0.3414634146341463,
    0.5294117647058824,
    0.4848484848484848,
    0.6666666666666666,
    0.3076923076923077,
    0.3243243243243243,
    0.5853658536585366,
    0.3636363636363636,
    0.631578947368421,
    0.4736842105263157,
    0.4651162790697674,
    0.5882352941176471,
    0.3,
    0.5641025641025641,
    0.4761904761904761
  ]
}