{
  "t_test": {
    "t_stat": 6.662300469002228,
    "p_value": 2.2133943897242774e-08
  },
  "wilcoxon": {
    "w_stat": 98.0,
    "p_value": 5.015809144871508e-07
  }
}