{
  "f1": 0.375,
  "roc_auc": 0.6985111662531017,
  "pr_auc": 0.3147569569771763
}