{
  "f1": 0.5,
  "roc_auc": 0.7068965517241379,
  "pr_auc": 0.5229049324834704
}