{
  "f1": 0.5405405405405406,
  "roc_auc": 0.7251461988304093,
  "pr_auc": 0.5033977175275233
}