{
  "f1": 0.631578947368421,
  "roc_auc": 0.8524251805985552,
  "pr_auc": 0.7076439597396589
}