{
  "f1": 0.5555555555555556,
  "roc_auc": 0.8199152542372882,
  "pr_auc": 0.597963072852804
}