{
  "f1": 0.5454545454545454,
  "roc_auc": 0.7210953346855983,
  "pr_auc": 0.58251173141998
}