{
  "f1": 0.45,
  "roc_auc": 0.7157894736842105,
  "pr_auc": 0.4813990638543748
}