{
  "f1": 0.45714285714285713,
  "roc_auc": 0.6998050682261209,
  "pr_auc": 0.5059698205667603
}