{
  "f1": 0.35714285714285715,
  "roc_auc": 0.7034739454094293,
  "pr_auc": 0.3177259396242026
}