{
  "f1": 0.5294117647058824,
  "roc_auc": 0.7542372881355932,
  "pr_auc": 0.4230506203767578
}