{
  "f1": 0.4864864864864865,
  "roc_auc": 0.7627118644067796,
  "pr_auc": 0.46205078871745536
}