{
  "f1": 0.4444444444444444,
  "roc_auc": 0.7175283732660782,
  "pr_auc": 0.41069562195739384
}