{
  "f1": 0.42857142857142855,
  "roc_auc": 0.7213403880070547,
  "pr_auc": 0.5598855010488304
}