{
  "f1": 0.3783783783783784,
  "roc_auc": 0.6986584107327141,
  "pr_auc": 0.4331217507787717
}