{
  "f1": 0.5142857142857142,
  "roc_auc": 0.7579365079365079,
  "pr_auc": 0.5349822794916412
}