{
  "f1": 0.5454545454545454,
  "roc_auc": 0.7019400352733686,
  "pr_auc": 0.47983290214519303
}