{
  "f1": 0.45714285714285713,
  "roc_auc": 0.7464285714285714,
  "pr_auc": 0.4364994443857258
}