{
  "f1": 0.6666666666666666,
  "roc_auc": 0.9074941451990632,
  "pr_auc": 0.8044159544159544
}