{
  "f1": 0.5294117647058824,
  "roc_auc": 0.7494929006085191,
  "pr_auc": 0.6073831876738155
}