{
  "f1": 0.6060606060606061,
  "roc_auc": 0.7860169491525424,
  "pr_auc": 0.6476859937800321
}