{
  "f1": 0.24,
  "roc_auc": 0.6338461538461538,
  "pr_auc": 0.2487928969178969
}