{
  "f1": 0.4878048780487805,
  "roc_auc": 0.7377777777777778,
  "pr_auc": 0.5487148815658245
}