{
  "f1": 0.5365853658536586,
  "roc_auc": 0.7523219814241485,
  "pr_auc": 0.6019977147849069
}