{
  "f1": 0.35294117647058826,
  "roc_auc": 0.6779661016949152,
  "pr_auc": 0.4668619363030094
}