{
  "f1": 0.3684210526315789,
  "roc_auc": 0.6943793911007026,
  "pr_auc": 0.28764237536223924
}