{
  "f1": 0.4666666666666667,
  "roc_auc": 0.7023809523809523,
  "pr_auc": 0.4424991050665871
}