{
  "f1": 0.6046511627906976,
  "roc_auc": 0.7876984126984127,
  "pr_auc": 0.5703065393922172
}