{
  "f1": 0.29411764705882354,
  "roc_auc": 0.6662531017369728,
  "pr_auc": 0.25803787438359405
}