{
  "f1": 0.5294117647058824,
  "roc_auc": 0.875,
  "pr_auc": 0.5965769524593054
}