{
  "f1": 0.375,
  "roc_auc": 0.6686182669789227,
  "pr_auc": 0.438935155016257
}