{
  "f1": 0.3888888888888889,
  "roc_auc": 0.7063492063492064,
  "pr_auc": 0.4262010017449568
}