{
  "f1": 0.6046511627906976,
  "roc_auc": 0.783068783068783,
  "pr_auc": 0.5406612954330382
}