{
  "f1": 0.4,
  "roc_auc": 0.7457627118644068,
  "pr_auc": 0.5858582516647033
}