{
  "f1": 0.4117647058823529,
  "roc_auc": 0.7394540942928038,
  "pr_auc": 0.406390686573718
}