{
  "f1": 0.6428571428571429,
  "roc_auc": 0.8573200992555833,
  "pr_auc": 0.657557575657123
}