{
  "f1": 0.3684210526315789,
  "roc_auc": 0.6220095693779905,
  "pr_auc": 0.4008993922264551
}