{
  "f1": 0.6222222222222222,
  "roc_auc": 0.8165784832451499,
  "pr_auc": 0.6377457409054501
}