{
  "f1": 0.5405405405405406,
  "roc_auc": 0.8067796610169492,
  "pr_auc": 0.5153463916083413
}