{
  "f1": 0.5581395348837209,
  "roc_auc": 0.7502246181491464,
  "pr_auc": 0.5593991479365936
}