{
  "f1": 0.41379310344827586,
  "roc_auc": 0.7490542244640606,
  "pr_auc": 0.41802219314245215
}