{
  "f1": 0.32,
  "roc_auc": 0.6904761904761905,
  "pr_auc": 0.3014812740198321
}