{
  "f1": 0.24242424242424243,
  "roc_auc": 0.6398305084745762,
  "pr_auc": 0.39099111572146306
}