{
  "f1": 0.45161290322580644,
  "roc_auc": 0.7733333333333334,
  "pr_auc": 0.4987800498979086
}