{
  "f1": 0.4878048780487805,
  "roc_auc": 0.6546296296296297,
  "pr_auc": 0.4742744457240963
}