{
  "f1": 0.5263157894736842,
  "roc_auc": 0.7855555555555556,
  "pr_auc": 0.5583849431219465
}