{
  "f1": 0.3448275862068966,
  "roc_auc": 0.6671875,
  "pr_auc": 0.4234158411572396
}