{
  "f1": 0.42424242424242425,
  "roc_auc": 0.7175141242937852,
  "pr_auc": 0.43241186515284225
}