{
  "f1": 0.375,
  "roc_auc": 0.7476923076923077,
  "pr_auc": 0.4074296048171411
}