{
  "f1": 0.55,
  "roc_auc": 0.7311004784688995,
  "pr_auc": 0.5230463049789393
}