{
  "f1": 0.4827586206896552,
  "roc_auc": 0.7953125000000001,
  "pr_auc": 0.4900584464555052
}