{
  "f1": 0.4,
  "roc_auc": 0.7866004962779156,
  "pr_auc": 0.41311301797953315
}