{
  "f1": 0.7142857142857143,
  "roc_auc": 0.9033492822966507,
  "pr_auc": 0.7277368302646756
}