{
  "f1": 0.25,
  "roc_auc": 0.669776119402985,
  "pr_auc": 0.3058890947309876
}