{
  "f1": 0.46153846153846156,
  "roc_auc": 0.7226190476190476,
  "pr_auc": 0.4789439046186338
}