{
  "f1": 0.5365853658536586,
  "roc_auc": 0.8329741379310345,
  "pr_auc": 0.628349798935177
}