{
  "f1": 0.5128205128205128,
  "roc_auc": 0.8002481389578164,
  "pr_auc": 0.47157740078106813
}