{
  "f1": 0.45,
  "roc_auc": 0.7211111111111111,
  "pr_auc": 0.4997092591582337
}