{
  "f1": 0.5263157894736842,
  "roc_auc": 0.7909604519774012,
  "pr_auc": 0.5067004586578623
}