{
  "f1": 0.5714285714285714,
  "roc_auc": 0.8429378531073446,
  "pr_auc": 0.5768348974929116
}