{
  "f1": 0.6122448979591837,
  "roc_auc": 0.7451499118165785,
  "pr_auc": 0.5570153286664821
}