{
  "f1": 0.5405405405405406,
  "roc_auc": 0.8214285714285714,
  "pr_auc": 0.4118315677334764
}