{
  "f1": 0.5142857142857142,
  "roc_auc": 0.6980932203389829,
  "pr_auc": 0.5267825816880735
}