{
  "f1": 0.2857142857142857,
  "roc_auc": 0.5951704545454545,
  "pr_auc": 0.26822305915425004
}