{
  "f1": 0.4888888888888889,
  "roc_auc": 0.8111111111111111,
  "pr_auc": 0.5350631160011465
}