{
  "f1": 0.4827586206896552,
  "roc_auc": 0.7231182795698924,
  "pr_auc": 0.44547883636294244
}