{
  "f1": 0.5,
  "roc_auc": 0.7089249492900608,
  "pr_auc": 0.5479684996921994
}