{
  "f1": 0.3333333333333333,
  "roc_auc": 0.7357320099255582,
  "pr_auc": 0.4554357443430097
}