{
  "f1": 0.4,
  "roc_auc": 0.7367521367521368,
  "pr_auc": 0.46176292530247903
}