{
  "f1": 0.43902439024390244,
  "roc_auc": 0.7271662763466042,
  "pr_auc": 0.5029486660264424
}