{
  "f1": 0.4444444444444444,
  "roc_auc": 0.7828282828282828,
  "pr_auc": 0.4630089564963515
}