{
  "f1": 0.55,
  "roc_auc": 0.8361581920903955,
  "pr_auc": 0.6973821887494656
}