{
  "f1": 0.4444444444444444,
  "roc_auc": 0.7344877344877345,
  "pr_auc": 0.42410048380752874
}