{
  "f1": 0.4,
  "roc_auc": 0.7288359788359788,
  "pr_auc": 0.410675794980999
}