{
  "f1": 0.42424242424242425,
  "roc_auc": 0.7515762925598992,
  "pr_auc": 0.529180107414323
}