{
  "f1": 0.5714285714285714,
  "roc_auc": 0.8209331651954602,
  "pr_auc": 0.6354035858560745
}