{
  "f1": 0.35,
  "roc_auc": 0.6177777777777778,
  "pr_auc": 0.3474087969708892
}