{
  "f1": 0.4,
  "roc_auc": 0.6676136363636364,
  "pr_auc": 0.4261240557892009
}