{
  "f1": 0.3076923076923077,
  "roc_auc": 0.6931216931216931,
  "pr_auc": 0.4176402664410794
}