{
  "f1": 0.5365853658536586,
  "roc_auc": 0.6945488721804511,
  "pr_auc": 0.47252165526505274
}