{
  "f1": 0.5,
  "roc_auc": 0.7952853598014887,
  "pr_auc": 0.5012356533467002
}