{
  "f1": 0.6,
  "roc_auc": 0.8066985645933015,
  "pr_auc": 0.698345211625673
}