{
  "f1": 0.47619047619047616,
  "roc_auc": 0.7743644067796609,
  "pr_auc": 0.6103379595315078
}