{
  "f1": 0.5882352941176471,
  "roc_auc": 0.8231850117096019,
  "pr_auc": 0.5131193584699563
}