{
  "f1": 0.3684210526315789,
  "roc_auc": 0.7288135593220338,
  "pr_auc": 0.4515294835268744
}