{
  "f1": 0.3783783783783784,
  "roc_auc": 0.6166253101736973,
  "pr_auc": 0.4189647073921532
}