{
  "f1": 0.43902439024390244,
  "roc_auc": 0.7213622291021672,
  "pr_auc": 0.47357824111642743
}