{
  "f1": 0.5789473684210527,
  "roc_auc": 0.8426724137931034,
  "pr_auc": 0.6151264319645531
}