{
  "f1": 0.3076923076923077,
  "roc_auc": 0.6415343915343916,
  "pr_auc": 0.266276589269374
}