{
  "f1": 0.3888888888888889,
  "roc_auc": 0.6898263027295285,
  "pr_auc": 0.44537939449098707
}