{
  "f1": 0.5416666666666666,
  "roc_auc": 0.7982456140350878,
  "pr_auc": 0.7256730073066391
}