{
  "f1": 0.4864864864864865,
  "roc_auc": 0.6826697892271663,
  "pr_auc": 0.4951815539937011
}