{
  "f1": 0.3448275862068966,
  "roc_auc": 0.5938461538461538,
  "pr_auc": 0.21612922065752252
}