{
  "f1": 0.5,
  "roc_auc": 0.753411306042885,
  "pr_auc": 0.4698735960371667
}