{
  "f1": 0.2857142857142857,
  "roc_auc": 0.6703125,
  "pr_auc": 0.27073023336126606
}