{
  "f1": 0.4878048780487805,
  "roc_auc": 0.7093253968253969,
  "pr_auc": 0.5545791662471229
}