{
  "f1": 0.2222222222222222,
  "roc_auc": 0.49573863636363635,
  "pr_auc": 0.17321794328098877
}