{
  "f1": 0.6511627906976745,
  "roc_auc": 0.8070175438596492,
  "pr_auc": 0.5323151711580505
}