{
  "f1": 0.5652173913043478,
  "roc_auc": 0.8011695906432749,
  "pr_auc": 0.6055536793463182
}