{
  "f1": 0.5789473684210527,
  "roc_auc": 0.8531073446327683,
  "pr_auc": 0.670040444939025
}