{
  "f1": 0.6956521739130435,
  "roc_auc": 0.876555023923445,
  "pr_auc": 0.6075044041685262
}