{
  "f1": 0.5833333333333334,
  "roc_auc": 0.7416225749559083,
  "pr_auc": 0.6438624703069622
}