{
  "f1": 0.4,
  "roc_auc": 0.750620347394541,
  "pr_auc": 0.3519867671689534
}