{
  "f1": 0.4878048780487805,
  "roc_auc": 0.7853598014888338,
  "pr_auc": 0.44391161712391347
}