{
  "f1": 0.3404255319148936,
  "roc_auc": 0.6970899470899472,
  "pr_auc": 0.41128021260510983
}