{
  "f1": 0.5116279069767442,
  "roc_auc": 0.6860902255639099,
  "pr_auc": 0.459907159034485
}