{
  "f1": 0.3870967741935484,
  "roc_auc": 0.7760942760942762,
  "pr_auc": 0.4125153076372588
}