{
  "f1": 0.45454545454545453,
  "roc_auc": 0.7803970223325063,
  "pr_auc": 0.48844165790475474
}