{
  "f1": 0.4,
  "roc_auc": 0.718362282878412,
  "pr_auc": 0.5709853578991484
}