{
  "f1": 0.2857142857142857,
  "roc_auc": 0.7257462686567164,
  "pr_auc": 0.35561589232363877
}