{
  "f1": 0.5365853658536586,
  "roc_auc": 0.777542372881356,
  "pr_auc": 0.5333840956142171
}