{
  "f1": 0.3684210526315789,
  "roc_auc": 0.6761363636363636,
  "pr_auc": 0.41039532983734794
}