{
  "f1": 0.46511627906976744,
  "roc_auc": 0.7327141382868937,
  "pr_auc": 0.45553952912061935
}