{
  "f1": 0.5789473684210527,
  "roc_auc": 0.841109709962169,
  "pr_auc": 0.5231238806971124
}