{
  "f1": 0.5581395348837209,
  "roc_auc": 0.8512931034482759,
  "pr_auc": 0.5948204055188757
}