{
  "f1": 0.41025641025641024,
  "roc_auc": 0.7962962962962963,
  "pr_auc": 0.4799814630671579
}