{
  "f1": 0.4782608695652174,
  "roc_auc": 0.7426900584795322,
  "pr_auc": 0.4421687029023877
}