{
  "f1": 0.35294117647058826,
  "roc_auc": 0.7407407407407408,
  "pr_auc": 0.4397302337527997
}