{
  "f1": 0.3333333333333333,
  "roc_auc": 0.58,
  "pr_auc": 0.18979166447587498
}