{
  "f1": 0.24242424242424243,
  "roc_auc": 0.5582386363636364,
  "pr_auc": 0.27011954860955467
}