{
  "f1": 0.37209302325581395,
  "roc_auc": 0.7178571428571429,
  "pr_auc": 0.553856207528111
}