{
  "f1": 0.3333333333333333,
  "roc_auc": 0.6077777777777778,
  "pr_auc": 0.33677601893346737
}