{
  "f1": 0.24390243902439024,
  "roc_auc": 0.634375,
  "pr_auc": 0.2900536137160178
}