{
  "f1": 0.46511627906976744,
  "roc_auc": 0.81615925058548,
  "pr_auc": 0.4887105612463214
}