{
  "f1": 0.2631578947368421,
  "roc_auc": 0.5198863636363636,
  "pr_auc": 0.20689236466437516
}