{
  "f1": 0.5853658536585366,
  "roc_auc": 0.8502155172413793,
  "pr_auc": 0.5971920289855073
}