{
  "f1": 0.5581395348837209,
  "roc_auc": 0.755952380952381,
  "pr_auc": 0.6048134852623739
}