{
  "f1": 0.5454545454545454,
  "roc_auc": 0.7502392344497608,
  "pr_auc": 0.5648241403960976
}