{
  "f1": 0.3333333333333333,
  "roc_auc": 0.5992555831265509,
  "pr_auc": 0.29685291888638743
}