{
  "f1": 0.32432432432432434,
  "roc_auc": 0.7521367521367521,
  "pr_auc": 0.44232448108565187
}