{
  "f1": 0.2857142857142857,
  "roc_auc": 0.6349206349206349,
  "pr_auc": 0.2885522978836197
}