{
  "f1": 0.46808510638297873,
  "roc_auc": 0.74,
  "pr_auc": 0.3902145387330915
}