{
  "f1": 0.4864864864864865,
  "roc_auc": 0.7540983606557377,
  "pr_auc": 0.4549015027998119
}