{
  "f1": 0.4,
  "roc_auc": 0.6938559322033898,
  "pr_auc": 0.44873125089058497
}