{
  "f1": 0.5294117647058824,
  "roc_auc": 0.7468926553672316,
  "pr_auc": 0.4419138211129688
}