{
  "f1": 0.5652173913043478,
  "roc_auc": 0.7626794258373205,
  "pr_auc": 0.5815601172301021
}