{
  "f1": 0.38095238095238093,
  "roc_auc": 0.6972704714640199,
  "pr_auc": 0.3242449937896913
}