{
  "f1": 0.42105263157894735,
  "roc_auc": 0.7633477633477633,
  "pr_auc": 0.4267388270923502
}