{
  "f1": 0.42857142857142855,
  "roc_auc": 0.7740112994350282,
  "pr_auc": 0.5996637634267562
}