{
  "f1": 0.5106382978723404,
  "roc_auc": 0.8045197740112995,
  "pr_auc": 0.571225699112156
}