{
  "f1": 0.5531914893617021,
  "roc_auc": 0.7992202729044834,
  "pr_auc": 0.6748746914205852
}