{
  "f1": 0.5454545454545454,
  "roc_auc": 0.7255555555555556,
  "pr_auc": 0.4606582330735777
}