{
  "f1": 0.5882352941176471,
  "roc_auc": 0.734192037470726,
  "pr_auc": 0.537027884915821
}