{
  "f1": 0.5217391304347826,
  "roc_auc": 0.7170385395537525,
  "pr_auc": 0.47917621588581594
}