{
  "f1": 0.4444444444444444,
  "roc_auc": 0.6674473067915692,
  "pr_auc": 0.3455890048803742
}