{
  "f1": 0.4827586206896552,
  "roc_auc": 0.8203125,
  "pr_auc": 0.5313924963924963
}