{
  "f1": 0.42424242424242425,
  "roc_auc": 0.7580645161290323,
  "pr_auc": 0.43377366056960703
}