{
  "f1": 0.37209302325581395,
  "roc_auc": 0.6478174603174603,
  "pr_auc": 0.44236255005995406
}