{
  "f1": 0.13333333333333333,
  "roc_auc": 0.5536723163841808,
  "pr_auc": 0.20686868686868687
}