{
  "f1": 0.3157894736842105,
  "roc_auc": 0.7543103448275863,
  "pr_auc": 0.24587912087912087
}