{
  "f1": 0.3333333333333333,
  "roc_auc": 0.6519230769230769,
  "pr_auc": 0.2933136552773116
}