{
  "f1": 0.3157894736842105,
  "roc_auc": 0.7648809523809524,
  "pr_auc": 0.39603829836027976
}