{
  "f1": 0.2222222222222222,
  "roc_auc": 0.5127551020408163,
  "pr_auc": 0.19753717089672748
}