{
  "f1": 0.1111111111111111,
  "roc_auc": 0.5238095238095237,
  "pr_auc": 0.11656643333661967
}