{
  "f1": 0.1111111111111111,
  "roc_auc": 0.46315789473684216,
  "pr_auc": 0.17051499717034524
}