{
  "f1": 0.23529411764705882,
  "roc_auc": 0.7113095238095238,
  "pr_auc": 0.36594356261022926
}