{
  "f1": 0.27586206896551724,
  "roc_auc": 0.5788461538461539,
  "pr_auc": 0.23384762630018796
}