{
  "f1": 0.42857142857142855,
  "roc_auc": 0.7263157894736842,
  "pr_auc": 0.42507575757575755
}