{
  "f1": 0.34782608695652173,
  "roc_auc": 0.6596153846153846,
  "pr_auc": 0.37805027320283
}