{
  "f1": 0.2,
  "roc_auc": 0.5578703703703703,
  "pr_auc": 0.19136531169459556
}