{
  "f1": 0.3157894736842105,
  "roc_auc": 0.7662337662337663,
  "pr_auc": 0.3441394366419192
}