{
  "f1": 0.3,
  "roc_auc": 0.6909090909090909,
  "pr_auc": 0.36280148423005565
}