{
  "f1": 0.3333333333333333,
  "roc_auc": 0.8448275862068966,
  "pr_auc": 0.5044117647058823
}