{
  "f1": 0.125,
  "roc_auc": 0.685344827586207,
  "pr_auc": 0.3380050505050505
}