{
  "f1": 0.25,
  "roc_auc": 0.6448275862068965,
  "pr_auc": 0.20615546218487396
}