{
  "f1": 0.375,
  "roc_auc": 0.7192982456140351,
  "pr_auc": 0.34052738336713995
}