{
  "f1": 0.3333333333333333,
  "roc_auc": 0.5948051948051948,
  "pr_auc": 0.2364853986945703
}