{
  "f1": 0.2857142857142857,
  "roc_auc": 0.773809523809524,
  "pr_auc": 0.3407051729632375
}