{
  "f1": 0.2857142857142857,
  "roc_auc": 0.9152542372881356,
  "pr_auc": 0.45138888888888884
}