{
  "f1": 0.23529411764705882,
  "roc_auc": 0.6939655172413793,
  "pr_auc": 0.18436692506459945
}