{
  "f1": 0.47058823529411764,
  "roc_auc": 0.8065476190476191,
  "pr_auc": 0.4688025511668922
}