{
  "f1": 0.375,
  "roc_auc": 0.943502824858757,
  "pr_auc": 0.43333333333333335
}