{
  "f1": 0.3076923076923077,
  "roc_auc": 0.8888888888888888,
  "pr_auc": 0.3207282913165266
}