{
  "f1": 0.2608695652173913,
  "roc_auc": 0.48979591836734687,
  "pr_auc": 0.1408717574415249
}