{
  "f1": 0.3333333333333333,
  "roc_auc": 0.6481481481481481,
  "pr_auc": 0.31277663856611226
}