{
  "f1": 0.35714285714285715,
  "roc_auc": 0.607843137254902,
  "pr_auc": 0.2820758379775975
}