{
  "f1": 0.375,
  "roc_auc": 0.793103448275862,
  "pr_auc": 0.3967391304347826
}