{
  "f1": 0.4,
  "roc_auc": 0.8341836734693878,
  "pr_auc": 0.3464710884353741
}