{
  "f1": 0.38095238095238093,
  "roc_auc": 0.7602040816326531,
  "pr_auc": 0.474590321958743
}