{
  "f1": 0.25,
  "roc_auc": 0.5803571428571428,
  "pr_auc": 0.18232946298984035
}