{
  "f1": 0.42105263157894735,
  "roc_auc": 0.8155844155844155,
  "pr_auc": 0.4606854838709677
}