{
  "f1": 0.09523809523809523,
  "roc_auc": 0.5148809523809524,
  "pr_auc": 0.14925017721070352
}