{
  "f1": 0.3333333333333333,
  "roc_auc": 0.864406779661017,
  "pr_auc": 0.2103174603174603
}