{
  "f1": 0.3076923076923077,
  "roc_auc": 0.7272727272727272,
  "pr_auc": 0.24677394677394676
}