{
  "f1": 0.34782608695652173,
  "roc_auc": 0.6160714285714286,
  "pr_auc": 0.16798208116993696
}