{
  "f1": 0.34782608695652173,
  "roc_auc": 0.7792207792207791,
  "pr_auc": 0.38020137756979855
}