{
  "f1": 0.41379310344827586,
  "roc_auc": 0.7365384615384616,
  "pr_auc": 0.32091097308488614
}