{
  "f1": 0.125,
  "roc_auc": 0.672316384180791,
  "pr_auc": 0.09957604663487016
}