{
  "f1": 0.10526315789473684,
  "roc_auc": 0.4568965517241379,
  "pr_auc": 0.07981950844854072
}