{
  "f1": 0.2222222222222222,
  "roc_auc": 0.5649717514124293,
  "pr_auc": 0.10907775020678245
}