{
  "f1": 0.0,
  "roc_auc": 0.45197740112994345,
  "pr_auc": 0.05566322136089578
}