{
  "f1": 0.21052631578947367,
  "roc_auc": 0.6596491228070176,
  "pr_auc": 0.31760623089815637
}