{
  "f1": 0.0,
  "roc_auc": 0.21111111111111108,
  "pr_auc": 0.038829494422714765
}