{
  "f1": 0.56,
  "roc_auc": 0.790356394129979,
  "pr_auc": 0.5031638926375768
}