{
  "f1": 0.3,
  "roc_auc": 0.6310344827586207,
  "pr_auc": 0.18144712430426713
}