{
  "mean": 0.20530990142505823,
  "std": 0.1316251527819374,
  "dist": [
    0.4,
    0.0869565217391304,
    0.3076923076923077,
    0.2,
    0.0,
    0.1818181818181818,
    0.0,
    0.3157894736842105,
    0.1428571428571428,
    0.3157894736842105,
    0.1,
    0.0,
    0.5454545454545454,
    0.1333333333333333,
    0.3157894736842105,
    0.125,
    0.0,
    0.2352941176470588,
    0.4210526315789473,
    0.1666666666666666,
    0.1333333333333333,
    0.2857142857142857,
    0.3333333333333333,
    0.1818181818181818,
    0.1176470588235294,
    0.3076923076923077,
    0.3076923076923077,
    0.2222222222222222,
    0.1111111111111111,
    0.1428571428571428,
    0.375,
    0.1111111111111111,
    0.2352941176470588,
    0.2352941176470588,
    0.0,
    0.2,
    0.0,
    0.25,
    0.375,
    0.1333333333333333,
    0.3529411764705882,
    0.3636363636363636,
    0.0,
    0.2857142857142857,
    0.1428571428571428,
    0.1818181818181818,
    0.1428571428571428,
    0.1333333333333333,
    0.4285714285714285,
    0.1818181818181818
  ]
}