{
  "t_test": {
    "t_stat": -2.5701567887051366,
    "p_value": 0.013256379891136767
  },
  "wilcoxon": {
    "w_stat": 291.0,
    "p_value": 0.017274121561137265
  }
}