{
  "f1": 0.25,
  "roc_auc": 0.828125,
  "pr_auc": 0.31858974358974357
}