{
  "f1": 0.2222222222222222,
  "roc_auc": 0.7832512315270936,
  "pr_auc": 0.40113378684807255
}