{
  "f1": 0.5454545454545454,
  "roc_auc": 0.8620689655172413,
  "pr_auc": 0.6984126984126984
}