{
  "f1": 0.7272727272727273,
  "roc_auc": 0.9483870967741935,
  "pr_auc": 0.6544444444444444
}