{
  "f1": 0.6666666666666666,
  "roc_auc": 0.8177339901477833,
  "pr_auc": 0.4465926930212645
}