{
  "f1": 0.6363636363636364,
  "roc_auc": 0.84375,
  "pr_auc": 0.6444176194176193
}