{
  "f1": 0.46153846153846156,
  "roc_auc": 0.8111111111111111,
  "pr_auc": 0.3938496144378497
}