{
  "f1": 0.6666666666666666,
  "roc_auc": 0.8526785714285714,
  "pr_auc": 0.5715277777777777
}