{
  "f1": 0.7058823529411765,
  "roc_auc": 0.9388888888888889,
  "pr_auc": 0.6218253968253968
}