{
  "f1": 0.5882352941176471,
  "roc_auc": 0.8111111111111111,
  "pr_auc": 0.37863756613756616
}