{
  "f1": 0.5,
  "roc_auc": 0.8944444444444444,
  "pr_auc": 0.6028490028490029
}