{
  "f1": 0.46153846153846156,
  "roc_auc": 0.864516129032258,
  "pr_auc": 0.5226373626373626
}