{
  "f1": 0.46153846153846156,
  "roc_auc": 0.7888888888888889,
  "pr_auc": 0.3896464646464647
}