{
  "f1": 0.6,
  "roc_auc": 0.7666666666666666,
  "pr_auc": 0.4748755672668716
}