{
  "f1": 0.4444444444444444,
  "roc_auc": 0.8484848484848485,
  "pr_auc": 0.3492063492063492
}