{
  "f1": 0.46153846153846156,
  "roc_auc": 0.8838709677419354,
  "pr_auc": 0.47090909090909083
}