{
  "f1": 0.625,
  "roc_auc": 0.8944444444444444,
  "pr_auc": 0.5195156695156695
}