{
  "f1": 0.625,
  "roc_auc": 0.9162561576354681,
  "pr_auc": 0.8380102040816326
}