{
  "f1": 0.625,
  "roc_auc": 0.8777777777777779,
  "pr_auc": 0.46957671957671954
}