{
  "f1": 0.6666666666666666,
  "roc_auc": 0.8571428571428572,
  "pr_auc": 0.7359486102133161
}