{
  "f1": 0.8,
  "roc_auc": 0.9722222222222222,
  "pr_auc": 0.8773809523809524
}