{
  "f1": 0.7142857142857143,
  "roc_auc": 0.9388888888888889,
  "pr_auc": 0.6496031746031746
}