{
  "f1": 0.5,
  "roc_auc": 0.864516129032258,
  "pr_auc": 0.6238095238095238
}