{
  "f1": 0.5,
  "roc_auc": 0.7870967741935484,
  "pr_auc": 0.5626143790849674
}