{
  "f1": 0.5,
  "roc_auc": 0.9277777777777778,
  "pr_auc": 0.7342592592592592
}