{
  "f1": 0.4444444444444444,
  "roc_auc": 0.8451612903225807,
  "pr_auc": 0.456045751633987
}