{
  "f1": 0.5,
  "roc_auc": 0.8774193548387096,
  "pr_auc": 0.4321789321789321
}