{
  "f1": 0.35294117647058826,
  "roc_auc": 0.7241379310344829,
  "pr_auc": 0.3370703544575725
}