{
  "f1": 0.5,
  "roc_auc": 0.8166666666666667,
  "pr_auc": 0.5037878787878788
}