{
  "f1": 0.7,
  "roc_auc": 0.9151785714285714,
  "pr_auc": 0.8045138888888889
}