{
  "f1": 0.5,
  "roc_auc": 0.8686868686868687,
  "pr_auc": 0.41025641025641024
}