{
  "f1": 0.45,
  "roc_auc": 0.7333333333333334,
  "pr_auc": 0.4454798166465268
}