{
  "f1": 0.3333333333333333,
  "roc_auc": 0.7315340909090908,
  "pr_auc": 0.33929327659877295
}