{
  "f1": 0.3,
  "roc_auc": 0.7126865671641791,
  "pr_auc": 0.2089542767174346
}