{
  "f1": 0.5306122448979592,
  "roc_auc": 0.7680311890838207,
  "pr_auc": 0.4312931558087927
}