{
  "f1": 0.2564102564102564,
  "roc_auc": 0.634375,
  "pr_auc": 0.1775468256134043
}