{
  "f1": 0.36363636363636365,
  "roc_auc": 0.6475409836065573,
  "pr_auc": 0.34452767534096324
}