{
  "f1": 0.42857142857142855,
  "roc_auc": 0.7144249512670565,
  "pr_auc": 0.41929951562648743
}