{
  "mean": 0.4647622912020073,
  "std": 0.10240551765724185,
  "dist": [
    0.4090909090909091,
    0.5333333333333333,
    0.4651162790697674,
    0.375,
    0.5806451612903226,
    0.4615384615384615,
    0.4285714285714285,
    0.2352941176470588,
    0.5263157894736842,
    0.6666666666666666,
    0.2285714285714285,
    0.5,
    0.5641025641025641,
    0.4242424242424242,
    0.5909090909090909,
    0.4137931034482758,
    0.3888888888888889,
    0.5238095238095238,
    0.4878048780487805,
    0.5106382978723404,
    0.4,
    0.5957446808510638,
    0.4102564102564102,
    0.4864864864864865,
    0.4285714285714285,
    0.5106382978723404,
    0.4324324324324324,
    0.4117647058823529,
    0.5714285714285714,
    0.4,
    0.5882352941176471,
    0.4102564102564102,
    0.35,
    0.4,
    0.5714285714285714,
    0.35,
    0.4864864864864865,
    0.5142857142857142,
    0.6938775510204082,
    0.2352941176470588,
    0.3428571428571428,
    0.4651162790697674,
    0.3888888888888889,
    0.6190476190476191,
    0.5128205128205128,
    0.4285714285714285,
    0.5405405405405406,
    0.3636363636363636,
    0.55,
    0.4651162790697674
  ]
}