{
  "t_test": {
    "t_stat": 2.2218789790606475,
    "p_value": 0.03094108688307336
  },
  "wilcoxon": {
    "w_stat": 350.5,
    "p_value": 0.023864313669786797
  }
}