{
  "f1": 0.55,
  "roc_auc": 0.7860169491525424,
  "pr_auc": 0.5111235159319525
}