{
  "f1": 0.43902439024390244,
  "roc_auc": 0.695906432748538,
  "pr_auc": 0.5547897889361367
}