{
  "f1": 0.4583333333333333,
  "roc_auc": 0.6825396825396826,
  "pr_auc": 0.4432593969738885
}