{
  "f1": 0.5777777777777777,
  "roc_auc": 0.8323412698412699,
  "pr_auc": 0.7178369198844512
}