{
  "f1": 0.5,
  "roc_auc": 0.8764204545454545,
  "pr_auc": 0.6730133107138455
}