{
  "f1": 0.25,
  "roc_auc": 0.7265625,
  "pr_auc": 0.21329365079365079
}