{
  "f1": 0.2,
  "roc_auc": 0.7474747474747475,
  "pr_auc": 0.18514818514818515
}