{
  "f1": 0.15384615384615385,
  "roc_auc": 0.6565656565656565,
  "pr_auc": 0.14493464052287583
}