{
  "f1": 0.16666666666666666,
  "roc_auc": 0.7352941176470588,
  "pr_auc": 0.1388888888888889
}