{
  "f1": 0.14285714285714285,
  "roc_auc": 0.6363636363636365,
  "pr_auc": 0.19722222222222222
}