{
  "f1": 0.16666666666666666,
  "roc_auc": 0.7070707070707071,
  "pr_auc": 0.17677224736048266
}