{
  "mean": 0.4875970473771467,
  "std": 0.0969470431092568,
  "dist": [
    0.5945945945945946,
    0.4,
    0.45,
    0.4137931034482758,
    0.6046511627906976,
    0.5555555555555556,
    0.4390243902439024,
    0.4571428571428571,
    0.5116279069767442,
    0.5,
    0.5555555555555556,
    0.3684210526315789,
    0.7058823529411765,
    0.3809523809523809,
    0.4897959183673469,
    0.4571428571428571,
    0.4,
    0.6,
    0.4186046511627907,
    0.5490196078431373,
    0.3571428571428571,
    0.6808510638297872,
    0.5238095238095238,
    0.5,
    0.3157894736842105,
    0.5957446808510638,
    0.4,
    0.5263157894736842,
    0.5,
    0.4102564102564102,
    0.5454545454545454,
    0.5128205128205128,
    0.4117647058823529,
    0.4571428571428571,
    0.5106382978723404,
    0.4090909090909091,
    0.4117647058823529,
    0.5142857142857142,
    0.6274509803921569,
    0.4571428571428571,
    0.45,
    0.45,
    0.5,
    0.6153846153846154,
    0.45,
    0.4782608695652174,
    0.3414634146341463,
    0.2758620689655172,
    0.5853658536585366,
    0.7142857142857143
  ]
}