{
  "t_test": {
    "t_stat": 0.0038101288048519558,
    "p_value": 0.9969754343716173
  },
  "wilcoxon": {
    "w_stat": 548.5,
    "p_value": 0.685375443597182
  }
}