{
  "mean": 0.448526751028791,
  "std": 0.0888178143271925,
  "dist": [
    0.5555555555555556,
    0.4545454545454545,
    0.4324324324324324,
    0.303030303030303,
    0.5,
    0.4864864864864865,
    0.4736842105263157,
    0.4,
    0.3243243243243243,
    0.5581395348837209,
    0.4102564102564102,
    0.3,
    0.6285714285714286,
    0.4117647058823529,
    0.5238095238095238,
    0.5,
    0.3333333333333333,
    0.55,
    0.4,
    0.4545454545454545,
    0.3157894736842105,
    0.5531914893617021,
    0.3684210526315789,
    0.5,
    0.5185185185185185,
    0.4761904761904761,
    0.4736842105263157,
    0.4651162790697674,
    0.4666666666666667,
    0.3783783783783784,
    0.5238095238095238,
    0.3529411764705882,
    0.5294117647058824,
    0.4,
    0.4444444444444444,
    0.3157894736842105,
    0.4516129032258064,
    0.45,
    0.5909090909090909,
    0.4324324324324324,
    0.2857142857142857,
    0.4864864864864865,
    0.4615384615384615,
    0.5365853658536586,
    0.4736842105263157,
    0.4878048780487805,
    0.358974358974359,
    0.2307692307692307,
    0.5853658536585366,
    0.5116279069767442
  ]
}