{
  "t_test": {
    "t_stat": -5.739272563483273,
    "p_value": 5.886825085231029e-07
  },
  "wilcoxon": {
    "w_stat": 142.0,
    "p_value": 4.775430251735304e-06
  }
}