{
  "f1": 0.3333333333333333,
  "roc_auc": 0.8387096774193548,
  "pr_auc": 0.3882034632034632
}