{
  "f1": 0.2222222222222222,
  "roc_auc": 0.578125,
  "pr_auc": 0.19332298136645962
}