{
  "f1": 0.4444444444444444,
  "roc_auc": 0.808080808080808,
  "pr_auc": 0.3366013071895425
}