{
  "f1": 0.3076923076923077,
  "roc_auc": 0.78125,
  "pr_auc": 0.4338235294117647
}