{
  "f1": 0.3333333333333333,
  "roc_auc": 0.864516129032258,
  "pr_auc": 0.5208119658119659
}