{
  "f1": 0.0,
  "roc_auc": 0.640625,
  "pr_auc": 0.16981074481074482
}