{
  "f1": 0.3333333333333333,
  "roc_auc": 0.8359375,
  "pr_auc": 0.32007575757575757
}