{
  "f1": 0.3076923076923077,
  "roc_auc": 0.7109375,
  "pr_auc": 0.29542606516290726
}