{
  "f1": 0.18181818181818182,
  "roc_auc": 0.8235294117647058,
  "pr_auc": 0.2
}