{
  "f1": 0.0,
  "roc_auc": 0.6868686868686869,
  "pr_auc": 0.15782828282828282
}