{
  "f1": 0.42857142857142855,
  "roc_auc": 0.8888888888888888,
  "pr_auc": 0.37777777777777777
}