{
  "f1": 0.16666666666666666,
  "roc_auc": 0.6969696969696969,
  "pr_auc": 0.19155844155844154
}