{
  "f1": 0.2,
  "roc_auc": 0.6617647058823529,
  "pr_auc": 0.14761904761904762
}