{
  "f1": 0.15384615384615385,
  "roc_auc": 0.8382352941176471,
  "pr_auc": 0.5769230769230769
}