{
  "f1": 0.25,
  "roc_auc": 0.7878787878787878,
  "pr_auc": 0.30000000000000004
}