{
  "f1": 0.3076923076923077,
  "roc_auc": 0.625,
  "pr_auc": 0.41703703703703704
}