{
  "f1": 0.2857142857142857,
  "roc_auc": 0.8181818181818181,
  "pr_auc": 0.49107142857142855
}