{
  "f1": 0.4,
  "roc_auc": 0.8671875,
  "pr_auc": 0.5681818181818181
}