{
  "f1": 0.15384615384615385,
  "roc_auc": 0.6565656565656566,
  "pr_auc": 0.17539682539682538
}