{
  "f1": 0.3333333333333333,
  "roc_auc": 0.6953125,
  "pr_auc": 0.23914742664742664
}