{
  "f1": 0.0,
  "roc_auc": 0.6176470588235294,
  "pr_auc": 0.10096153846153846
}