{
  "f1": 0.14285714285714285,
  "roc_auc": 0.6953125,
  "pr_auc": 0.27162511401641837
}