{
  "f1": 0.16666666666666666,
  "roc_auc": 0.703125,
  "pr_auc": 0.19821428571428573
}