{
  "f1": 0.6,
  "roc_auc": 0.9483870967741935,
  "pr_auc": 0.7644444444444445
}