{
  "f1": 0.5555555555555556,
  "roc_auc": 0.7339901477832512,
  "pr_auc": 0.5902973837756447
}