{
  "f1": 0.38095238095238093,
  "roc_auc": 0.6964285714285714,
  "pr_auc": 0.618014705882353
}