{
  "f1": 0.3333333333333333,
  "roc_auc": 0.5862068965517242,
  "pr_auc": 0.44415584415584414
}