{
  "f1": 0.47058823529411764,
  "roc_auc": 0.8722222222222222,
  "pr_auc": 0.675595238095238
}