{
  "f1": 0.26666666666666666,
  "roc_auc": 0.7161290322580645,
  "pr_auc": 0.31666666666666665
}