{
  "f1": 0.5714285714285714,
  "roc_auc": 0.838888888888889,
  "pr_auc": 0.5616096866096866
}