{
  "f1": 0.0,
  "roc_auc": 0.38383838383838376,
  "pr_auc": 0.09062049062049063
}