{
  "f1": 0.4444444444444444,
  "roc_auc": 0.9558823529411764,
  "pr_auc": 0.5
}