{
  "f1": 0.3076923076923077,
  "roc_auc": 0.5666666666666668,
  "pr_auc": 0.40714285714285714
}