{
  "f1": 0.64,
  "roc_auc": 0.8436657681940701,
  "pr_auc": 0.7075978374033396
}