{
  "f1": 0.6666666666666666,
  "roc_auc": 0.8315696649029983,
  "pr_auc": 0.7799140772230009
}