{
  "f1": 0.5106382978723404,
  "roc_auc": 0.77,
  "pr_auc": 0.5547210822033012
}