{
  "f1": 0.41025641025641024,
  "roc_auc": 0.648587570621469,
  "pr_auc": 0.3860249078384445
}