{
  "f1": 0.5555555555555556,
  "roc_auc": 0.7988700564971751,
  "pr_auc": 0.5521914388597109
}