{
  "f1": 0.5333333333333333,
  "roc_auc": 0.7754237288135593,
  "pr_auc": 0.5653057938142957
}