{
  "f1": 0.6538461538461539,
  "roc_auc": 0.8536155202821869,
  "pr_auc": 0.7374803891947985
}