{
  "f1": 0.5853658536585366,
  "roc_auc": 0.8155555555555556,
  "pr_auc": 0.5684793256599002
}