{
  "f1": 0.4,
  "roc_auc": 0.694789081885856,
  "pr_auc": 0.3538883657498315
}