{
  "f1": 0.4897959183673469,
  "roc_auc": 0.674074074074074,
  "pr_auc": 0.5749492950200983
}