{
  "f1": 0.26666666666666666,
  "roc_auc": 0.7672413793103448,
  "pr_auc": 0.31009615384615385
}