{
  "f1": 0.0,
  "roc_auc": 0.5480225988700564,
  "pr_auc": 0.06925663962277234
}