{
  "f1": 0.5555555555555556,
  "roc_auc": 0.7232704402515724,
  "pr_auc": 0.40120541268132737
}