{
  "f1": 0.2,
  "roc_auc": 0.7155172413793104,
  "pr_auc": 0.2207196029776675
}