{
  "f1": 0.1,
  "roc_auc": 0.47959183673469385,
  "pr_auc": 0.11723998223998222
}