{
  "f1": 0.0,
  "roc_auc": 0.6000000000000001,
  "pr_auc": 0.07474747474747474
}