{
  "f1": 0.36363636363636365,
  "roc_auc": 0.9055555555555556,
  "pr_auc": 0.5069444444444444
}