{
  "f1": 0.26666666666666666,
  "roc_auc": 0.6755952380952381,
  "pr_auc": 0.20361457714398892
}