{
  "f1": 0.2,
  "roc_auc": 0.6596491228070176,
  "pr_auc": 0.3292131036811888
}