{
  "f1": 0.5454545454545454,
  "roc_auc": 0.8129032258064516,
  "pr_auc": 0.3959663865546219
}