{
  "f1": 0.6666666666666666,
  "roc_auc": 0.8620689655172414,
  "pr_auc": 0.7703703703703704
}