{
  "f1": 0.4,
  "roc_auc": 0.5555555555555556,
  "pr_auc": 0.23166282642089092
}