{
  "f1": 0.2222222222222222,
  "roc_auc": 0.6171875,
  "pr_auc": 0.20267857142857143
}