{
  "f1": 0.47058823529411764,
  "roc_auc": 0.7741935483870968,
  "pr_auc": 0.35818181818181816
}