{
  "f1": 0.6666666666666666,
  "roc_auc": 0.796875,
  "pr_auc": 0.39999999999999997
}