{
  "f1": 0.5,
  "roc_auc": 0.6516129032258065,
  "pr_auc": 0.353030303030303
}