{
  "f1": 0.3333333333333333,
  "roc_auc": 0.7109375,
  "pr_auc": 0.27738095238095234
}