{
  "f1": 0.5882352941176471,
  "roc_auc": 0.8166666666666667,
  "pr_auc": 0.5167147667147667
}