{
  "f1": 0.4,
  "roc_auc": 0.7008928571428572,
  "pr_auc": 0.35469218281718284
}