{
  "f1": 0.7777777777777778,
  "roc_auc": 0.9464285714285715,
  "pr_auc": 0.7842261904761906
}