{
  "f1": 0.3333333333333333,
  "roc_auc": 0.8383838383838383,
  "pr_auc": 0.4907407407407407
}