{
  "f1": 0.6666666666666666,
  "roc_auc": 0.7684729064039408,
  "pr_auc": 0.42651901669758807
}