{
  "f1": 0.7692307692307693,
  "roc_auc": 0.8222222222222222,
  "pr_auc": 0.7591269841269841
}