{
  "f1": 0.7,
  "roc_auc": 0.8392857142857143,
  "pr_auc": 0.6334145021645021
}