{
  "f1": 0.6666666666666666,
  "roc_auc": 0.7455357142857143,
  "pr_auc": 0.43306489262371617
}