{
  "f1": 0.2,
  "roc_auc": 0.8484848484848484,
  "pr_auc": 0.2777777777777778
}