{
  "f1": 0.56,
  "roc_auc": 0.6597222222222222,
  "pr_auc": 0.4464129682543661
}