{
  "f1": 0.47058823529411764,
  "roc_auc": 0.6944444444444444,
  "pr_auc": 0.41594613570420025
}