{
  "f1": 0.35294117647058826,
  "roc_auc": 0.5944444444444443,
  "pr_auc": 0.22216788051633785
}