{
  "f1": 0.13333333333333333,
  "roc_auc": 0.6767676767676768,
  "pr_auc": 0.1512820512820513
}