{
  "f1": 0.6153846153846154,
  "roc_auc": 0.838888888888889,
  "pr_auc": 0.5338492063492064
}