{
  "f1": 0.5263157894736842,
  "roc_auc": 0.7222222222222223,
  "pr_auc": 0.30118351857482295
}