{
  "f1": 0.5,
  "roc_auc": 0.7777777777777778,
  "pr_auc": 0.34791666666666665
}