{
  "f1": 0.47058823529411764,
  "roc_auc": 0.7555555555555555,
  "pr_auc": 0.3747863247863248
}