{
  "f1": 0.5454545454545454,
  "roc_auc": 0.71875,
  "pr_auc": 0.3227342549923195
}