{
  "f1": 0.6153846153846154,
  "roc_auc": 0.7192118226600985,
  "pr_auc": 0.55566534914361
}