{
  "f1": 0.42857142857142855,
  "roc_auc": 0.7109375,
  "pr_auc": 0.41759259259259257
}