{
  "f1": 0.631578947368421,
  "roc_auc": 0.812807881773399,
  "pr_auc": 0.4142838155996051
}