{
  "f1": 0.625,
  "roc_auc": 0.8166666666666667,
  "pr_auc": 0.38794903926482877
}