{
  "f1": 0.7368421052631579,
  "roc_auc": 0.9310344827586207,
  "pr_auc": 0.6635281385281384
}