{
  "f1": 0.4444444444444444,
  "roc_auc": 0.7578125,
  "pr_auc": 0.27162698412698416
}