{
  "f1": 0.5882352941176471,
  "roc_auc": 0.7944444444444445,
  "pr_auc": 0.3834253508166552
}