{
  "f1": 0.5714285714285714,
  "roc_auc": 0.7666666666666666,
  "pr_auc": 0.3892063492063492
}