{
  "f1": 0.43478260869565216,
  "roc_auc": 0.7333333333333334,
  "pr_auc": 0.34050925925925923
}