{
  "f1": 0.13333333333333333,
  "roc_auc": 0.5952380952380952,
  "pr_auc": 0.16178940646730575
}