{
  "f1": 0.4444444444444444,
  "roc_auc": 0.8184523809523809,
  "pr_auc": 0.7191558441558441
}