{
  "f1": 0.26666666666666666,
  "roc_auc": 0.864406779661017,
  "pr_auc": 0.24707602339181287
}