{
  "f1": 0.6,
  "roc_auc": 0.8942307692307692,
  "pr_auc": 0.5038606562519606
}