{
  "f1": 0.14285714285714285,
  "roc_auc": 0.6045197740112993,
  "pr_auc": 0.10256410256410256
}