{
  "f1": 0.37037037037037035,
  "roc_auc": 0.659536541889483,
  "pr_auc": 0.400813942658667
}