{
  "f1": 0.36363636363636365,
  "roc_auc": 0.8,
  "pr_auc": 0.4336834733893557
}