{
  "f1": 0.631578947368421,
  "roc_auc": 0.8348214285714285,
  "pr_auc": 0.5957303113553114
}