{
  "f1": 0.4,
  "roc_auc": 0.6953125,
  "pr_auc": 0.3073863636363636
}