{
  "f1": 0.3333333333333333,
  "roc_auc": 0.6903225806451613,
  "pr_auc": 0.4056948798328109
}