{
  "f1": 0.7142857142857143,
  "roc_auc": 0.8333333333333334,
  "pr_auc": 0.834126984126984
}