{
  "f1": 0.4,
  "roc_auc": 0.7888888888888889,
  "pr_auc": 0.4015326778484673
}