{
  "f1": 0.6,
  "roc_auc": 0.6903225806451613,
  "pr_auc": 0.6636363636363636
}