{
  "f1": 0.6,
  "roc_auc": 0.7421875,
  "pr_auc": 0.6327380952380952
}