{
  "f1": 0.47619047619047616,
  "roc_auc": 0.8166666666666667,
  "pr_auc": 0.41489621489621487
}