{
  "f1": 0.5882352941176471,
  "roc_auc": 0.8166666666666668,
  "pr_auc": 0.6253136200716846
}