{
  "f1": 0.35294117647058826,
  "roc_auc": 0.7277777777777779,
  "pr_auc": 0.3966069018700597
}