{
  "f1": 0.5,
  "roc_auc": 0.8388888888888888,
  "pr_auc": 0.5477124183006535
}