{
  "f1": 0.5333333333333333,
  "roc_auc": 0.8838709677419354,
  "pr_auc": 0.4881313131313131
}