{
  "f1": 0.5,
  "roc_auc": 0.921875,
  "pr_auc": 0.6071428571428572
}