{
  "f1": 0.631578947368421,
  "roc_auc": 0.9064039408866996,
  "pr_auc": 0.7737200143215179
}