{
  "f1": 0.2222222222222222,
  "roc_auc": 0.6262626262626263,
  "pr_auc": 0.19074074074074074
}