{
  "f1": 0.5714285714285714,
  "roc_auc": 0.9375,
  "pr_auc": 0.5428571428571428
}