{
  "f1": 0.42857142857142855,
  "roc_auc": 0.6502463054187192,
  "pr_auc": 0.331906095771642
}