{
  "f1": 0.5833333333333334,
  "roc_auc": 0.7465277777777778,
  "pr_auc": 0.6267275928091868
}