{
  "f1": 0.6,
  "roc_auc": 0.8794642857142858,
  "pr_auc": 0.6549950243255197
}