{
  "f1": 0.18181818181818182,
  "roc_auc": 0.6911764705882353,
  "pr_auc": 0.1388888888888889
}