{
  "f1": 0.26666666666666666,
  "roc_auc": 0.6944444444444444,
  "pr_auc": 0.3407102157102157
}