{
  "f1": 0.4444444444444444,
  "roc_auc": 0.8645161290322582,
  "pr_auc": 0.5727272727272728
}