{
  "f1": 0.4444444444444444,
  "roc_auc": 0.6796875,
  "pr_auc": 0.292816091954023
}