{
  "f1": 0.631578947368421,
  "roc_auc": 0.8620689655172413,
  "pr_auc": 0.5389198103483818
}