{
  "f1": 0.5263157894736842,
  "roc_auc": 0.7833333333333334,
  "pr_auc": 0.5664351851851852
}