{
  "f1": 0.25,
  "roc_auc": 0.734375,
  "pr_auc": 0.2995754245754246
}