{
  "f1": 0.5882352941176471,
  "roc_auc": 0.8177339901477833,
  "pr_auc": 0.7607142857142857
}