{
  "f1": 0.3076923076923077,
  "roc_auc": 0.8181818181818182,
  "pr_auc": 0.2713675213675214
}