{
  "f1": 0.5882352941176471,
  "roc_auc": 0.9225806451612902,
  "pr_auc": 0.7051948051948052
}