{
  "f1": 0.7142857142857143,
  "roc_auc": 0.8571428571428571,
  "pr_auc": 0.8009655475093262
}