{
  "f1": 0.6666666666666666,
  "roc_auc": 0.9333333333333335,
  "pr_auc": 0.7236111111111111
}