{
  "f1": 0.47058823529411764,
  "roc_auc": 0.7008928571428571,
  "pr_auc": 0.49748607873607875
}