{
  "f1": 0.5,
  "roc_auc": 0.7499999999999999,
  "pr_auc": 0.5654882154882155
}