{
  "f1": 0.4666666666666667,
  "roc_auc": 0.6800847457627119,
  "pr_auc": 0.49804558925870024
}