{
  "f1": 0.25806451612903225,
  "roc_auc": 0.5980113636363636,
  "pr_auc": 0.35674257380196595
}