{
  "f1": 0.35714285714285715,
  "roc_auc": 0.7282051282051282,
  "pr_auc": 0.49777597780742433
}