{
  "f1": 0.47058823529411764,
  "roc_auc": 0.7196029776674939,
  "pr_auc": 0.4744106098235993
}