{
  "f1": 0.45,
  "roc_auc": 0.7119047619047619,
  "pr_auc": 0.48897070532947307
}