{
  "f1": 0.45714285714285713,
  "roc_auc": 0.8009367681498829,
  "pr_auc": 0.486905357920853
}