{
  "f1": 0.4,
  "roc_auc": 0.8114478114478114,
  "pr_auc": 0.42135894486124903
}