{
  "f1": 0.47368421052631576,
  "roc_auc": 0.6987829614604462,
  "pr_auc": 0.4730889604956004
}