{
  "f1": 0.4,
  "roc_auc": 0.7694915254237289,
  "pr_auc": 0.5155609126139312
}