{
  "f1": 0.38461538461538464,
  "roc_auc": 0.6153846153846153,
  "pr_auc": 0.23193539095785268
}