{
  "f1": 0.375,
  "roc_auc": 0.7288359788359787,
  "pr_auc": 0.47119468051101343
}