{
  "f1": 0.4666666666666667,
  "roc_auc": 0.7515762925598991,
  "pr_auc": 0.44088672843039384
}