{
  "f1": 0.6046511627906976,
  "roc_auc": 0.8206627680311891,
  "pr_auc": 0.7561940374440375
}