{
  "f1": 0.631578947368421,
  "roc_auc": 0.8700564971751412,
  "pr_auc": 0.793931336395592
}