{
  "f1": 0.5,
  "roc_auc": 0.7680084745762712,
  "pr_auc": 0.6033922060371997
}