{
  "f1": 0.5641025641025641,
  "roc_auc": 0.7524366471734892,
  "pr_auc": 0.48712422422652474
}