{
  "f1": 0.5,
  "roc_auc": 0.8255555555555556,
  "pr_auc": 0.5757037385518609
}