{
  "f1": 0.42105263157894735,
  "roc_auc": 0.7000000000000001,
  "pr_auc": 0.45819498744181136
}