{
  "f1": 0.5454545454545454,
  "roc_auc": 0.7351190476190477,
  "pr_auc": 0.5889150329480483
}