{
  "f1": 0.5365853658536586,
  "roc_auc": 0.7282296650717703,
  "pr_auc": 0.5590961088024944
}