{
  "f1": 0.6857142857142857,
  "roc_auc": 0.894396551724138,
  "pr_auc": 0.7632976988245608
}