{
  "f1": 0.6060606060606061,
  "roc_auc": 0.8338983050847457,
  "pr_auc": 0.5897350393608684
}