{
  "f1": 0.375,
  "roc_auc": 0.7655086848635235,
  "pr_auc": 0.4543568507236587
}