{
  "f1": 0.5789473684210527,
  "roc_auc": 0.7914230019493178,
  "pr_auc": 0.591755179169895
}