{
  "f1": 0.5517241379310345,
  "roc_auc": 0.6861826697892272,
  "pr_auc": 0.4468429564160033
}