{
  "f1": 0.41025641025641024,
  "roc_auc": 0.7645502645502645,
  "pr_auc": 0.43710886186023884
}