{
  "f1": 0.6521739130434783,
  "roc_auc": 0.8899521531100478,
  "pr_auc": 0.7312642068048967
}