{
  "f1": 0.5384615384615384,
  "roc_auc": 0.84375,
  "pr_auc": 0.5696872667562323
}