{
  "f1": 0.5,
  "roc_auc": 0.7275541795665634,
  "pr_auc": 0.4726244919693968
}