{
  "f1": 0.45,
  "roc_auc": 0.7208646616541353,
  "pr_auc": 0.5383942404874702
}