{
  "f1": 0.47368421052631576,
  "roc_auc": 0.7932203389830508,
  "pr_auc": 0.5599678849622858
}