{
  "f1": 0.42105263157894735,
  "roc_auc": 0.7420634920634921,
  "pr_auc": 0.6283312854890787
}