{
  "f1": 0.5294117647058824,
  "roc_auc": 0.8411910669975187,
  "pr_auc": 0.5895397866402867
}