{
  "f1": 0.47058823529411764,
  "roc_auc": 0.8134920634920635,
  "pr_auc": 0.5174834108840319
}