{
  "f1": 0.46153846153846156,
  "roc_auc": 0.7365591397849461,
  "pr_auc": 0.48222070780210313
}