{
  "f1": 0.5652173913043478,
  "roc_auc": 0.7283950617283951,
  "pr_auc": 0.6342913335134586
}