{
  "f1": 0.5142857142857142,
  "roc_auc": 0.7952853598014888,
  "pr_auc": 0.4985911192852222
}