{
  "f1": 0.2,
  "roc_auc": 0.6484375,
  "pr_auc": 0.3093884488444113
}