{
  "f1": 0.4888888888888889,
  "roc_auc": 0.7511961722488038,
  "pr_auc": 0.5979089652543459
}