{
  "f1": 0.43243243243243246,
  "roc_auc": 0.7777777777777778,
  "pr_auc": 0.43904905918312076
}