{
  "f1": 0.6285714285714286,
  "roc_auc": 0.8587641866330391,
  "pr_auc": 0.5907438715131024
}