{
  "f1": 0.32,
  "roc_auc": 0.7084367245657569,
  "pr_auc": 0.33334760077406267
}