{
  "f1": 0.2857142857142857,
  "roc_auc": 0.6415343915343915,
  "pr_auc": 0.241657274977529
}