{
  "f1": 0.2,
  "roc_auc": 0.5326704545454546,
  "pr_auc": 0.18605683883090302
}