{
  "f1": 0.3333333333333333,
  "roc_auc": 0.7164179104477612,
  "pr_auc": 0.33112520649285354
}