{
  "f1": 0.37037037037037035,
  "roc_auc": 0.6661931818181818,
  "pr_auc": 0.44216419972414456
}