{
  "f1": 0.4117647058823529,
  "roc_auc": 0.598014888337469,
  "pr_auc": 0.3705618403511205
}