{
  "f1": 0.6153846153846154,
  "roc_auc": 0.8857758620689654,
  "pr_auc": 0.7707345061232879
}