{
  "mean": 0.44135826790945515,
  "std": 0.11466572975056341,
  "dist": [
    0.4324324324324324,
    0.55,
    0.4761904761904761,
    0.3448275862068966,
    0.4,
    0.5294117647058824,
    0.3157894736842105,
    0.2857142857142857,
    0.5142857142857142,
    0.6111111111111112,
    0.1875,
    0.4,
    0.6060606060606061,
    0.4666666666666667,
    0.5581395348837209,
    0.4285714285714285,
    0.3870967741935484,
    0.5238095238095238,
    0.3783783783783784,
    0.5,
    0.32,
    0.6222222222222222,
    0.4242424242424242,
    0.4242424242424242,
    0.3809523809523809,
    0.5641025641025641,
    0.4,
    0.3225806451612903,
    0.5789473684210527,
    0.3428571428571428,
    0.5882352941176471,
    0.35,
    0.25,
    0.4347826086956521,
    0.5625,
    0.35,
    0.3870967741935484,
    0.4516129032258064,
    0.7111111111111111,
    0.2580645161290322,
    0.4242424242424242,
    0.4,
    0.3783783783783784,
    0.4864864864864865,
    0.5555555555555556,
    0.4210526315789473,
    0.5142857142857142,
    0.2,
    0.5555555555555556,
    0.5128205128205128
  ]
}