{
  "t_test": {
    "t_stat": 1.855602919288038,
    "p_value": 0.06953012910398487
  },
  "wilcoxon": {
    "w_stat": 422.5,
    "p_value": 0.08960584728245212
  }
}