{
  "mean": 0.4557598219137159,
  "std": 0.1140147510233137,
  "dist": [
    0.4102564102564102,
    0.5641025641025641,
    0.5128205128205128,
    0.3571428571428571,
    0.4375,
    0.5161290322580645,
    0.3157894736842105,
    0.2857142857142857,
    0.5714285714285714,
    0.631578947368421,
    0.2,
    0.5,
    0.5,
    0.5,
    0.5581395348837209,
    0.4444444444444444,
    0.4,
    0.5238095238095238,
    0.4210526315789473,
    0.5,
    0.2666666666666666,
    0.6842105263157895,
    0.5142857142857142,
    0.375,
    0.4285714285714285,
    0.5128205128205128,
    0.4117647058823529,
    0.2666666666666666,
    0.6,
    0.4705882352941176,
    0.56,
    0.4242424242424242,
    0.25,
    0.3703703703703703,
    0.6285714285714286,
    0.4,
    0.5185185185185185,
    0.4117647058823529,
    0.6666666666666666,
    0.2580645161290322,
    0.4117647058823529,
    0.4,
    0.4,
    0.6111111111111112,
    0.4864864864864865,
    0.4615384615384615,
    0.5,
    0.303030303030303,
    0.5882352941176471,
    0.4571428571428571
  ]
}