{
  "t_test": {
    "t_stat": -0.11063309781418197,
    "p_value": 0.9123592062851897
  },
  "wilcoxon": {
    "w_stat": 486.0,
    "p_value": 0.9163499191519514
  }
}