{
  "mean": 0.41554689754689744,
  "std": 0.18638437990975365,
  "dist": [
    0.4,
    0.4444444444444444,
    0.25,
    0.5,
    0.5714285714285714,
    0.25,
    0.4285714285714285,
    0.5714285714285714,
    0.5,
    0.4,
    0.0,
    0.4,
    0.5,
    0.7272727272727273,
    0.3333333333333333,
    0.3333333333333333,
    0.6,
    0.0,
    0.3636363636363636,
    0.6,
    0.5454545454545454,
    0.4444444444444444,
    0.4,
    0.2,
    0.5714285714285714,
    0.6,
    0.25,
    0.3333333333333333,
    0.5714285714285714,
    0.3636363636363636,
    0.5454545454545454,
    0.75,
    0.4444444444444444,
    0.0,
    0.2857142857142857,
    0.4444444444444444,
    0.2,
    0.5714285714285714,
    0.3333333333333333,
    0.6,
    0.2222222222222222,
    0.6666666666666666,
    0.5,
    0.0,
    0.6666666666666666,
    0.3636363636363636,
    0.3333333333333333,
    0.6666666666666666,
    0.4444444444444444,
    0.2857142857142857
  ]
}