{
  "t_test": {
    "t_stat": 6.446768272497324,
    "p_value": 4.7751071664181154e-08
  },
  "wilcoxon": {
    "w_stat": 100.5,
    "p_value": 9.337727450856291e-07
  }
}