{
  "mean": 0.2638986013986014,
  "std": 0.18045412611585182,
  "dist": [
    0.0,
    0.2857142857142857,
    0.3636363636363636,
    0.4444444444444444,
    0.3636363636363636,
    0.1666666666666666,
    0.25,
    0.25,
    0.5,
    0.2222222222222222,
    0.25,
    0.2857142857142857,
    0.5714285714285714,
    0.25,
    0.0,
    0.25,
    0.5,
    0.0,
    0.0,
    0.5,
    0.2857142857142857,
    0.3076923076923077,
    0.3076923076923077,
    0.0,
    0.4444444444444444,
    0.2,
    0.1666666666666666,
    0.6153846153846154,
    0.2222222222222222,
    0.0,
    0.1666666666666666,
    0.5,
    0.4,
    0.2222222222222222,
    0.0,
    0.4615384615384615,
    0.3076923076923077,
    0.1538461538461538,
    0.0,
    0.4,
    0.0,
    0.5714285714285714,
    0.3636363636363636,
    0.0,
    0.4615384615384615,
    0.0,
    0.3636363636363636,
    0.2222222222222222,
    0.2222222222222222,
    0.375
  ]
}