{
  "t_test": {
    "t_stat": -2.282308483866175,
    "p_value": 0.02685021084534855
  },
  "wilcoxon": {
    "w_stat": 250.5,
    "p_value": 0.032030308001596106
  }
}