{
  "mean": 0.4893737793411539,
  "std": 0.07981344824633325,
  "dist": [
    0.5789473684210527,
    0.4878048780487805,
    0.4864864864864865,
    0.4,
    0.5116279069767442,
    0.5714285714285714,
    0.4736842105263157,
    0.3783783783783784,
    0.4615384615384615,
    0.5777777777777777,
    0.5128205128205128,
    0.4102564102564102,
    0.6666666666666666,
    0.4324324324324324,
    0.4651162790697674,
    0.4571428571428571,
    0.3703703703703703,
    0.5365853658536586,
    0.4878048780487805,
    0.56,
    0.3636363636363636,
    0.6086956521739131,
    0.5,
    0.55,
    0.4,
    0.6666666666666666,
    0.4864864864864865,
    0.4186046511627907,
    0.4571428571428571,
    0.4324324324324324,
    0.5853658536585366,
    0.4324324324324324,
    0.4571428571428571,
    0.4615384615384615,
    0.5238095238095238,
    0.4615384615384615,
    0.4375,
    0.4878048780487805,
    0.6382978723404256,
    0.4,
    0.4444444444444444,
    0.4864864864864865,
    0.5,
    0.5581395348837209,
    0.4736842105263157,
    0.4888888888888889,
    0.45,
    0.2857142857142857,
    0.5853658536585366,
    0.6
  ]
}