{
  "t_test": {
    "t_stat": -1.6758825113481082,
    "p_value": 0.10013163557172332
  },
  "wilcoxon": {
    "w_stat": 420.0,
    "p_value": 0.1880037515058578
  }
}