{
  "f1": 0.36363636363636365,
  "roc_auc": 0.7373737373737373,
  "pr_auc": 0.2518037518037518
}