{
  "f1": 0.2222222222222222,
  "roc_auc": 0.588235294117647,
  "pr_auc": 0.11309523809523808
}