{
  "f1": 0.4444444444444444,
  "roc_auc": 0.9096774193548387,
  "pr_auc": 0.6797979797979798
}