{
  "f1": 0.25,
  "roc_auc": 0.6767676767676768,
  "pr_auc": 0.20784770784770784
}