{
  "f1": 0.4,
  "roc_auc": 0.7734375,
  "pr_auc": 0.456203007518797
}