{
  "f1": 0.18181818181818182,
  "roc_auc": 0.78125,
  "pr_auc": 0.27638888888888885
}