{
  "f1": 0.3076923076923077,
  "roc_auc": 0.767741935483871,
  "pr_auc": 0.3424908424908425
}