{
  "f1": 0.4444444444444444,
  "roc_auc": 0.7171717171717171,
  "pr_auc": 0.22125603864734297
}