{
  "f1": 0.46153846153846156,
  "roc_auc": 0.8515625,
  "pr_auc": 0.34656593406593406
}