{
  "f1": 0.2857142857142857,
  "roc_auc": 0.7205882352941176,
  "pr_auc": 0.1588235294117647
}