{
  "f1": 0.4444444444444444,
  "roc_auc": 0.8989898989898989,
  "pr_auc": 0.5555555555555556
}