{
  "f1": 0.2222222222222222,
  "roc_auc": 0.8235294117647058,
  "pr_auc": 0.25
}