{
  "f1": 0.4,
  "roc_auc": 0.8359375,
  "pr_auc": 0.4291666666666667
}