{
  "f1": 0.36363636363636365,
  "roc_auc": 0.78125,
  "pr_auc": 0.37681159420289856
}