{
  "f1": 0.36363636363636365,
  "roc_auc": 0.7575757575757575,
  "pr_auc": 0.20138888888888887
}