{
  "f1": 0.2,
  "roc_auc": 0.6171875,
  "pr_auc": 0.1798115079365079
}