{
  "f1": 0.2857142857142857,
  "roc_auc": 0.6767676767676768,
  "pr_auc": 0.17272727272727273
}