{
  "f1": 0.36363636363636365,
  "roc_auc": 0.7878787878787878,
  "pr_auc": 0.2569444444444444
}