{
  "f1": 0.36363636363636365,
  "roc_auc": 0.808080808080808,
  "pr_auc": 0.5
}