{
  "f1": 0.8888888888888888,
  "roc_auc": 0.9765625,
  "pr_auc": 0.8041666666666667
}