{
  "f1": 0.16666666666666666,
  "roc_auc": 0.625,
  "pr_auc": 0.1668546365914787
}