{
  "f1": 0.2857142857142857,
  "roc_auc": 0.6868686868686869,
  "pr_auc": 0.21944444444444444
}