{
  "f1": 0.16666666666666666,
  "roc_auc": 0.765625,
  "pr_auc": 0.42373737373737375
}