{
  "f1": 0.125,
  "roc_auc": 0.7232142857142857,
  "pr_auc": 0.17630503955968352
}