{
  "f1": 0.46153846153846156,
  "roc_auc": 0.7766233766233767,
  "pr_auc": 0.3344877344877345
}