{
  "f1": 0.18181818181818182,
  "roc_auc": 0.6388888888888888,
  "pr_auc": 0.10634920634920635
}