{
  "f1": 0.14285714285714285,
  "roc_auc": 0.7796610169491526,
  "pr_auc": 0.4083333333333333
}