{
  "f1": 0.2727272727272727,
  "roc_auc": 0.6737967914438503,
  "pr_auc": 0.3654625346466862
}