{
  "f1": 0.4444444444444444,
  "roc_auc": 0.8831168831168831,
  "pr_auc": 0.6070175438596491
}