{
  "f1": 0.3076923076923077,
  "roc_auc": 0.7440476190476191,
  "pr_auc": 0.22347095547559942
}