{
  "f1": 0.3076923076923077,
  "roc_auc": 0.831896551724138,
  "pr_auc": 0.4162852784134249
}