{
  "f1": 0.18181818181818182,
  "roc_auc": 0.5859649122807018,
  "pr_auc": 0.2948965392608657
}