{
  "f1": 0.5,
  "roc_auc": 0.766949152542373,
  "pr_auc": 0.5392472159985245
}