{
  "f1": 0.5238095238095238,
  "roc_auc": 0.7435406698564593,
  "pr_auc": 0.4971046181379518
}