{
  "f1": 0.6511627906976745,
  "roc_auc": 0.7830687830687831,
  "pr_auc": 0.6288479348435638
}