{
  "f1": 0.6511627906976745,
  "roc_auc": 0.8373764600179695,
  "pr_auc": 0.7670740103624405
}