{
  "f1": 0.26666666666666666,
  "roc_auc": 0.6491228070175439,
  "pr_auc": 0.39832356463099516
}