{
  "f1": 0.16666666666666666,
  "roc_auc": 0.6,
  "pr_auc": 0.37657784011220197
}