{
  "f1": 0.35294117647058826,
  "roc_auc": 0.7672413793103448,
  "pr_auc": 0.339458413926499
}