{
  "f1": 0.45454545454545453,
  "roc_auc": 0.6538461538461537,
  "pr_auc": 0.3622100189418248
}