{
  "f1": 0.2857142857142857,
  "roc_auc": 0.809322033898305,
  "pr_auc": 0.39449786324786323
}