{
  "f1": 0.4444444444444444,
  "roc_auc": 0.825974025974026,
  "pr_auc": 0.40210301394511916
}