{
  "f1": 0.18181818181818182,
  "roc_auc": 0.5387931034482758,
  "pr_auc": 0.1079039240329563
}