{
  "f1": 0.5714285714285714,
  "roc_auc": 0.7754385964912281,
  "pr_auc": 0.6021077283372365
}