{
  "f1": 0.4,
  "roc_auc": 0.6103896103896103,
  "pr_auc": 0.4978167073280925
}