{
  "f1": 0.35294117647058826,
  "roc_auc": 0.7321428571428571,
  "pr_auc": 0.29079166344974305
}