{
  "f1": 0.4,
  "roc_auc": 0.7038461538461538,
  "pr_auc": 0.34548470235113315
}