{
  "f1": 0.36363636363636365,
  "roc_auc": 0.6422413793103449,
  "pr_auc": 0.3797267759562841
}