{
  "f1": 0.43478260869565216,
  "roc_auc": 0.6470588235294117,
  "pr_auc": 0.3942850933686711
}