{
  "f1": 0.4444444444444444,
  "roc_auc": 0.7546296296296295,
  "pr_auc": 0.5203234265734266
}