{
  "f1": 0.47619047619047616,
  "roc_auc": 0.6477987421383649,
  "pr_auc": 0.4031479893774976
}