{
  "f1": 0.26666666666666666,
  "roc_auc": 0.8362068965517242,
  "pr_auc": 0.4217948717948718
}