{
  "f1": 0.10526315789473684,
  "roc_auc": 0.2655367231638418,
  "pr_auc": 0.04845661846496107
}