{
  "f1": 0.21052631578947367,
  "roc_auc": 0.6517857142857143,
  "pr_auc": 0.192365081278413
}