{
  "f1": 0.3333333333333333,
  "roc_auc": 0.7172619047619048,
  "pr_auc": 0.2537674539512774
}