{
  "f1": 0.5714285714285714,
  "roc_auc": 0.8249999999999998,
  "pr_auc": 0.5170500082795164
}