{
  "f1": 0.36363636363636365,
  "roc_auc": 0.711864406779661,
  "pr_auc": 0.17272727272727273
}