{
  "f1": 0.3076923076923077,
  "roc_auc": 0.6101694915254238,
  "pr_auc": 0.15000000000000002
}