{
  "f1": 0.13333333333333333,
  "roc_auc": 0.632768361581921,
  "pr_auc": 0.09007936507936508
}