{
  "f1": 0.4444444444444444,
  "roc_auc": 0.6846153846153846,
  "pr_auc": 0.36755721321023926
}