{
  "f1": 0.47619047619047616,
  "roc_auc": 0.7818181818181817,
  "pr_auc": 0.2743569922141351
}