{
  "f1": 0.2222222222222222,
  "roc_auc": 0.6597402597402597,
  "pr_auc": 0.20101886908609598
}