{
  "f1": 0.42857142857142855,
  "roc_auc": 0.7023809523809523,
  "pr_auc": 0.47105991243457546
}