{
  "f1": 0.2222222222222222,
  "roc_auc": 0.49999999999999994,
  "pr_auc": 0.27389968308335655
}