{
  "f1": 0.375,
  "roc_auc": 0.6035087719298247,
  "pr_auc": 0.17359058565955116
}