{
  "f1": 0.5714285714285714,
  "roc_auc": 0.735064935064935,
  "pr_auc": 0.3303817762784328
}