{
  "f1": 0.47058823529411764,
  "roc_auc": 0.8779761904761905,
  "pr_auc": 0.47638888888888886
}