{
  "f1": 0.4,
  "roc_auc": 0.8926553672316384,
  "pr_auc": 0.24074074074074076
}