{
  "f1": 0.16666666666666666,
  "roc_auc": 0.5403508771929826,
  "pr_auc": 0.2828402622045886
}