{
  "f1": 0.3,
  "roc_auc": 0.5331632653061225,
  "pr_auc": 0.17164414532835587
}