{
  "f1": 0.3076923076923077,
  "roc_auc": 0.646551724137931,
  "pr_auc": 0.13402777777777777
}