{
  "f1": 0.2857142857142857,
  "roc_auc": 0.4732142857142857,
  "pr_auc": 0.1210875292881728
}