{
  "f1": 0.35294117647058826,
  "roc_auc": 0.7974025974025974,
  "pr_auc": 0.49321430203783145
}