{
  "f1": 0.35294117647058826,
  "roc_auc": 0.6379310344827587,
  "pr_auc": 0.1985024154589372
}