{
  "f1": 0.42105263157894735,
  "roc_auc": 0.7366255144032922,
  "pr_auc": 0.34338245733594575
}