{
  "f1": 0.42105263157894735,
  "roc_auc": 0.7372448979591837,
  "pr_auc": 0.4855762904775062
}