{
  "f1": 0.2,
  "roc_auc": 0.6892655367231638,
  "pr_auc": 0.137012987012987
}