{
  "f1": 0.35294117647058826,
  "roc_auc": 0.7410714285714285,
  "pr_auc": 0.20831538423450188
}