{
  "f1": 0.5833333333333334,
  "roc_auc": 0.6944444444444444,
  "pr_auc": 0.5620233592737883
}