{
  "f1": 0.5714285714285714,
  "roc_auc": 0.8522167487684729,
  "pr_auc": 0.6210884353741497
}