{
  "f1": 0.375,
  "roc_auc": 0.7419354838709677,
  "pr_auc": 0.5047619047619047
}