{
  "f1": 0.6,
  "roc_auc": 0.8169642857142857,
  "pr_auc": 0.7658106960950763
}