{
  "f1": 0.375,
  "roc_auc": 0.7032258064516129,
  "pr_auc": 0.3933333333333333
}