{
  "f1": 0.47058823529411764,
  "roc_auc": 0.7833333333333333,
  "pr_auc": 0.42731481481481476
}