{
  "f1": 0.5454545454545454,
  "roc_auc": 0.6875,
  "pr_auc": 0.2990546218487395
}