{
  "f1": 0.42105263157894735,
  "roc_auc": 0.8333333333333333,
  "pr_auc": 0.6855263157894737
}