{
  "mean": 0.4378271825316514,
  "std": 0.1382598881552134,
  "dist": [
    0.6363636363636364,
    0.3333333333333333,
    0.6666666666666666,
    0.3157894736842105,
    0.2,
    0.4210526315789473,
    0.5714285714285714,
    0.5555555555555556,
    0.0,
    0.5,
    0.3076923076923077,
    0.6956521739130435,
    0.4285714285714285,
    0.5882352941176471,
    0.1176470588235294,
    0.6153846153846154,
    0.5,
    0.4210526315789473,
    0.3333333333333333,
    0.1818181818181818,
    0.4210526315789473,
    0.3333333333333333,
    0.4285714285714285,
    0.5555555555555556,
    0.4761904761904761,
    0.5333333333333333,
    0.4545454545454545,
    0.4615384615384615,
    0.4,
    0.4285714285714285,
    0.5555555555555556,
    0.4210526315789473,
    0.4,
    0.4705882352941176,
    0.4,
    0.4347826086956521,
    0.4761904761904761,
    0.4,
    0.3636363636363636,
    0.5714285714285714,
    0.4615384615384615,
    0.4705882352941176,
    0.4545454545454545,
    0.5263157894736842,
    0.3076923076923077,
    0.5333333333333333,
    0.5263157894736842,
    0.2105263157894736,
    0.4,
    0.625
  ]
}