{
  "t_test": {
    "t_stat": -8.776209619204506,
    "p_value": 1.2739660773908115e-11
  },
  "wilcoxon": {
    "w_stat": 11.0,
    "p_value": 1.0829971190103868e-08
  }
}