{
  "f1": 0.5625,
  "roc_auc": 0.7604035308953341,
  "pr_auc": 0.5179193863884235
}