{
  "f1": 0.32432432432432434,
  "roc_auc": 0.6746031746031746,
  "pr_auc": 0.25379106108272775
}