{
  "f1": 0.47368421052631576,
  "roc_auc": 0.7593220338983051,
  "pr_auc": 0.5194421873231377
}