{
  "f1": 0.38095238095238093,
  "roc_auc": 0.7113095238095237,
  "pr_auc": 0.5986269613052785
}