{
  "f1": 0.5,
  "roc_auc": 0.6569086651053865,
  "pr_auc": 0.439657872399672
}