{
  "f1": 0.3870967741935484,
  "roc_auc": 0.6392045454545454,
  "pr_auc": 0.38127339712211195
}