{
  "f1": 0.25,
  "roc_auc": 0.5696022727272727,
  "pr_auc": 0.2670531705832984
}