{
  "f1": 0.5306122448979592,
  "roc_auc": 0.708994708994709,
  "pr_auc": 0.5869269303330646
}