{
  "f1": 0.42424242424242425,
  "roc_auc": 0.5930521091811414,
  "pr_auc": 0.39605767026999905
}