{
  "f1": 0.5945945945945946,
  "roc_auc": 0.8508474576271187,
  "pr_auc": 0.6209644712585889
}