{
  "f1": 0.5116279069767442,
  "roc_auc": 0.7124060150375939,
  "pr_auc": 0.4889210639475582
}