{
  "f1": 0.42424242424242425,
  "roc_auc": 0.649364406779661,
  "pr_auc": 0.487632183936533
}