{
  "f1": 0.5,
  "roc_auc": 0.8031250000000001,
  "pr_auc": 0.5153942089656375
}