{
  "f1": 0.45714285714285713,
  "roc_auc": 0.603448275862069,
  "pr_auc": 0.39405075896610564
}