{
  "f1": 0.4864864864864865,
  "roc_auc": 0.680327868852459,
  "pr_auc": 0.4407055851788073
}