{
  "f1": 0.3333333333333333,
  "roc_auc": 0.49677419354838714,
  "pr_auc": 0.20459482038429405
}