{
  "f1": 0.0,
  "roc_auc": 0.515625,
  "pr_auc": 0.14077936777427438
}