{
  "f1": 0.0,
  "roc_auc": 0.5757575757575757,
  "pr_auc": 0.14166666666666666
}