{
  "f1": 0.4,
  "roc_auc": 0.8111111111111111,
  "pr_auc": 0.4645743145743146
}