{
  "f1": 0.0,
  "roc_auc": 0.49494949494949486,
  "pr_auc": 0.11203703703703705
}