{
  "f1": 0.2,
  "roc_auc": 0.5803571428571429,
  "pr_auc": 0.31921902022708476
}