{
  "f1": 0.4444444444444444,
  "roc_auc": 0.8111111111111112,
  "pr_auc": 0.6378306878306877
}