{
  "t_test": {
    "t_stat": -3.6295687956297598,
    "p_value": 0.0006769645866769892
  },
  "wilcoxon": {
    "w_stat": 185.0,
    "p_value": 0.0024882218384791586
  }
}