{
  "mean": 0.5684685837038779,
  "std": 0.15726331470960903,
  "dist": [
    0.7777777777777778,
    0.4615384615384615,
    0.6666666666666666,
    0.3333333333333333,
    0.5454545454545454,
    0.6666666666666666,
    0.6666666666666666,
    0.5333333333333333,
    0.2222222222222222,
    0.6666666666666666,
    0.3636363636363636,
    0.8,
    0.5,
    0.75,
    0.3636363636363636,
    0.6666666666666666,
    0.6153846153846154,
    0.5714285714285714,
    0.5714285714285714,
    0.3636363636363636,
    0.5,
    0.8,
    0.5454545454545454,
    0.7058823529411765,
    0.4,
    0.7692307692307693,
    0.6,
    0.5454545454545454,
    0.7142857142857143,
    0.1818181818181818,
    0.8,
    0.4705882352941176,
    0.3076923076923077,
    0.7142857142857143,
    0.6,
    0.5,
    0.6666666666666666,
    0.5,
    0.5454545454545454,
    0.7272727272727273,
    0.6666666666666666,
    0.5714285714285714,
    0.5555555555555556,
    0.7692307692307693,
    0.2222222222222222,
    0.5333333333333333,
    0.5,
    0.5714285714285714,
    0.6666666666666666,
    0.6666666666666666
  ]
}