{
  "t_test": {
    "t_stat": 6.870100422259452,
    "p_value": 1.0544004001041066e-08
  },
  "wilcoxon": {
    "w_stat": 74.5,
    "p_value": 8.690371238594611e-08
  }
}