{
  "f1": 0.5555555555555556,
  "roc_auc": 0.935483870967742,
  "pr_auc": 0.5977777777777777
}