{
  "f1": 0.3333333333333333,
  "roc_auc": 0.609375,
  "pr_auc": 0.2654761904761905
}