{
  "f1": 0.42857142857142855,
  "roc_auc": 0.7055555555555555,
  "pr_auc": 0.49662309368191715
}