{
  "f1": 0.5333333333333333,
  "roc_auc": 0.7444444444444445,
  "pr_auc": 0.5047182349813929
}