{
  "f1": 0.6666666666666666,
  "roc_auc": 0.8719211822660099,
  "pr_auc": 0.7454390847247989
}