{
  "f1": 0.46153846153846156,
  "roc_auc": 0.6903225806451613,
  "pr_auc": 0.5240100250626567
}