{
  "f1": 0.25,
  "roc_auc": 0.4074074074074074,
  "pr_auc": 0.2830907725409004
}