{
  "f1": 0.4,
  "roc_auc": 0.5083333333333334,
  "pr_auc": 0.46472250337381915
}