{
  "f1": 0.4444444444444444,
  "roc_auc": 0.5222222222222223,
  "pr_auc": 0.3768831168831168
}