{
  "f1": 0.5714285714285714,
  "roc_auc": 0.6071428571428572,
  "pr_auc": 0.5582872613928515
}