{
  "f1": 0.25,
  "roc_auc": 0.38157894736842113,
  "pr_auc": 0.21252587991718425
}