{
  "f1": 0.3333333333333333,
  "roc_auc": 0.7857142857142857,
  "pr_auc": 0.25
}