{
  "f1": 0.4,
  "roc_auc": 0.7827380952380952,
  "pr_auc": 0.530441998602376
}