{
  "f1": 0.5714285714285714,
  "roc_auc": 0.8779761904761905,
  "pr_auc": 0.6904337492572786
}