{
  "f1": 0.3157894736842105,
  "roc_auc": 0.6301020408163266,
  "pr_auc": 0.2235360810991063
}