{
  "f1": 0.125,
  "roc_auc": 0.5819209039548022,
  "pr_auc": 0.1441712204007286
}