{
  "f1": 0.0,
  "roc_auc": 0.6724137931034483,
  "pr_auc": 0.1325243664717349
}