{
  "f1": 0.4,
  "roc_auc": 0.7543859649122807,
  "pr_auc": 0.5033711262282691
}