{
  "f1": 0.2,
  "roc_auc": 0.6574074074074074,
  "pr_auc": 0.3027893200687318
}