{
  "f1": 0.0,
  "roc_auc": 0.6779661016949152,
  "pr_auc": 0.09338235294117647
}