{
  "f1": 0.5,
  "roc_auc": 0.7529761904761905,
  "pr_auc": 0.6521164021164021
}