{
  "f1": 0.125,
  "roc_auc": 0.7401129943502824,
  "pr_auc": 0.18308080808080807
}