{
  "f1": 0.3333333333333333,
  "roc_auc": 0.6961538461538461,
  "pr_auc": 0.41893913697509677
}