{
  "f1": 0.14285714285714285,
  "roc_auc": 0.8192090395480227,
  "pr_auc": 0.2585139318885449
}