{
  "f1": 0.6,
  "roc_auc": 0.8596938775510203,
  "pr_auc": 0.36374562457511767
}