{
  "f1": 0.19047619047619047,
  "roc_auc": 0.6057692307692308,
  "pr_auc": 0.29674883807948327
}