{
  "f1": 0.3333333333333333,
  "roc_auc": 0.7428571428571428,
  "pr_auc": 0.3352956567242281
}