{
  "f1": 0.47619047619047616,
  "roc_auc": 0.8637316561844864,
  "pr_auc": 0.6056004489337823
}