{
  "f1": 0.375,
  "roc_auc": 0.8362068965517241,
  "pr_auc": 0.620777027027027
}