{
  "f1": 0.19047619047619047,
  "roc_auc": 0.6441558441558441,
  "pr_auc": 0.23069069195324574
}