{
  "f1": 0.3157894736842105,
  "roc_auc": 0.5076530612244898,
  "pr_auc": 0.31779403392306615
}