{
  "f1": 0.18181818181818182,
  "roc_auc": 0.7062146892655368,
  "pr_auc": 0.25507246376811593
}