{
  "f1": 0.42857142857142855,
  "roc_auc": 0.7379310344827587,
  "pr_auc": 0.2891649048625793
}