{
  "f1": 0.43478260869565216,
  "roc_auc": 0.6256684491978609,
  "pr_auc": 0.4119396913113691
}