{
  "f1": 0.42105263157894735,
  "roc_auc": 0.8154761904761905,
  "pr_auc": 0.3163510101010101
}