{
  "f1": 0.0,
  "roc_auc": 0.6577380952380952,
  "pr_auc": 0.1523471626412803
}