{
  "f1": 0.0,
  "roc_auc": 0.46111111111111114,
  "pr_auc": 0.0691026827012026
}