{
  "f1": 0.15384615384615385,
  "roc_auc": 0.5614035087719299,
  "pr_auc": 0.3032247936395402
}