{
  "f1": 0.26666666666666666,
  "roc_auc": 0.7859649122807018,
  "pr_auc": 0.5005541871921182
}