{
  "f1": 0.14285714285714285,
  "roc_auc": 0.7291666666666667,
  "pr_auc": 0.18134224450013925
}