{
  "f1": 0.10526315789473684,
  "roc_auc": 0.7672413793103448,
  "pr_auc": 0.1628968253968254
}