{
  "f1": 0.0,
  "roc_auc": 0.5646551724137931,
  "pr_auc": 0.10421382757970193
}