{
  "f1": 0.5,
  "roc_auc": 0.8418367346938775,
  "pr_auc": 0.6729691876750701
}