{
  "f1": 0.09523809523809523,
  "roc_auc": 0.5654761904761905,
  "pr_auc": 0.15595993154132687
}