{
  "f1": 0.15384615384615385,
  "roc_auc": 0.646551724137931,
  "pr_auc": 0.12670651420651421
}