{
  "f1": 0.47058823529411764,
  "roc_auc": 0.6493506493506493,
  "pr_auc": 0.5762197352059103
}