{
  "f1": 0.47619047619047616,
  "roc_auc": 0.8389610389610389,
  "pr_auc": 0.6271519178495922
}