{
  "f1": 0.15384615384615385,
  "roc_auc": 0.8777777777777778,
  "pr_auc": 0.24314574314574317
}