{
  "f1": 0.1111111111111111,
  "roc_auc": 0.5654761904761905,
  "pr_auc": 0.14969544763548215
}