{
  "f1": 0.3157894736842105,
  "roc_auc": 0.8879310344827587,
  "pr_auc": 0.6136363636363636
}