{
  "f1": 0.2222222222222222,
  "roc_auc": 0.8870056497175142,
  "pr_auc": 0.33040935672514615
}