{
  "f1": 0.5882352941176471,
  "roc_auc": 0.7386831275720165,
  "pr_auc": 0.5364718614718615
}