{
  "f1": 0.26666666666666666,
  "roc_auc": 0.8577586206896551,
  "pr_auc": 0.2931985294117647
}