{
  "f1": 0.4,
  "roc_auc": 0.8038461538461539,
  "pr_auc": 0.5228092006033183
}