{
  "f1": 0.23529411764705882,
  "roc_auc": 0.6991525423728814,
  "pr_auc": 0.24944543034605146
}