{
  "f1": 0.18181818181818182,
  "roc_auc": 0.8248587570621468,
  "pr_auc": 0.26190476190476186
}