{
  "f1": 0.25,
  "roc_auc": 0.5833333333333333,
  "pr_auc": 0.44345238095238093
}