{
  "f1": 0.2222222222222222,
  "roc_auc": 0.6031746031746031,
  "pr_auc": 0.44999999999999996
}