{
  "f1": 0.3333333333333333,
  "roc_auc": 0.5666666666666667,
  "pr_auc": 0.44027777777777777
}