{
  "f1": 0.4,
  "roc_auc": 0.7236842105263157,
  "pr_auc": 0.5458333333333333
}