{
  "f1": 0.2222222222222222,
  "roc_auc": 0.6666666666666667,
  "pr_auc": 0.5625
}