{
  "f1": 0.3333333333333333,
  "roc_auc": 0.6203703703703703,
  "pr_auc": 0.5419823232323232
}