{
  "f1": 0.6666666666666666,
  "roc_auc": 0.9210526315789473,
  "pr_auc": 0.85
}