{
  "f1": 0.5454545454545454,
  "roc_auc": 0.9500000000000001,
  "pr_auc": 0.7555555555555555
}