{
  "f1": 0.6666666666666666,
  "roc_auc": 0.873015873015873,
  "pr_auc": 0.7575757575757576
}