{
  "f1": 0.7272727272727273,
  "roc_auc": 0.9157894736842105,
  "pr_auc": 0.8769230769230769
}