{
  "f1": 0.36363636363636365,
  "roc_auc": 0.6481481481481481,
  "pr_auc": 0.5196687370600414
}