{
  "f1": 0.25,
  "roc_auc": 0.7894736842105263,
  "pr_auc": 0.3813852813852813
}