{
  "f1": 0.4,
  "roc_auc": 0.631578947368421,
  "pr_auc": 0.4934782608695652
}