{
  "f1": 0.4,
  "roc_auc": 0.4473684210526315,
  "pr_auc": 0.24764492753623185
}