{
  "f1": 0.6666666666666666,
  "roc_auc": 0.696078431372549,
  "pr_auc": 0.6650060386473429
}