{
  "mean": 0.2821393051393051,
  "std": 0.20250621955632522,
  "dist": [
    0.0,
    0.3333333333333333,
    0.3636363636363636,
    0.4444444444444444,
    0.3333333333333333,
    0.2,
    0.2222222222222222,
    0.2857142857142857,
    0.4615384615384615,
    0.3333333333333333,
    0.25,
    0.2857142857142857,
    0.6153846153846154,
    0.25,
    0.0,
    0.2857142857142857,
    0.5,
    0.0,
    0.0,
    0.5,
    0.25,
    0.3076923076923077,
    0.3076923076923077,
    0.0,
    0.8,
    0.1666666666666666,
    0.2,
    0.6666666666666666,
    0.2222222222222222,
    0.0,
    0.2,
    0.6153846153846154,
    0.3333333333333333,
    0.2222222222222222,
    0.0,
    0.5,
    0.3333333333333333,
    0.2,
    0.0,
    0.3333333333333333,
    0.0,
    0.6666666666666666,
    0.3636363636363636,
    0.0,
    0.4615384615384615,
    0.0,
    0.3636363636363636,
    0.25,
    0.25,
    0.4285714285714285
  ]
}