{
  "t_test": {
    "t_stat": -4.714909059552417,
    "p_value": 2.041069079847689e-05
  },
  "wilcoxon": {
    "w_stat": 129.0,
    "p_value": 5.515641951569301e-05
  }
}