{
  "t_test": {
    "t_stat": 1.8663257144125227,
    "p_value": 0.06798639577308566
  },
  "wilcoxon": {
    "w_stat": 311.5,
    "p_value": 0.032214765821070274
  }
}