{
  "f1": 0.5454545454545454,
  "roc_auc": 0.8026315789473685,
  "pr_auc": 0.6291666666666667
}