{
  "f1": 0.25,
  "roc_auc": 0.5185185185185185,
  "pr_auc": 0.41794871794871796
}