{
  "f1": 0.8,
  "roc_auc": 0.9444444444444444,
  "pr_auc": 0.7861904761904761
}