{
  "f1": 0.2857142857142857,
  "roc_auc": 0.32894736842105265,
  "pr_auc": 0.1993640417553461
}