{
  "f1": 0.5,
  "roc_auc": 0.5982142857142857,
  "pr_auc": 0.5325293753865181
}