{
  "f1": 0.0,
  "roc_auc": 0.40789473684210525,
  "pr_auc": 0.20240683229813666
}