{
  "f1": 0.3333333333333333,
  "roc_auc": 0.6825396825396826,
  "pr_auc": 0.2566137566137566
}