{
  "f1": 0.5714285714285714,
  "roc_auc": 0.7833333333333332,
  "pr_auc": 0.46031746031746035
}