{
  "mean": 0.5152585620433917,
  "std": 0.13567686973025966,
  "dist": [
    0.75,
    0.5882352941176471,
    0.5882352941176471,
    0.2857142857142857,
    0.2857142857142857,
    0.5,
    0.5333333333333333,
    0.6666666666666666,
    0.4444444444444444,
    0.4615384615384615,
    0.3636363636363636,
    0.7,
    0.3076923076923077,
    0.6666666666666666,
    0.5,
    0.6666666666666666,
    0.5,
    0.625,
    0.3636363636363636,
    0.25,
    0.4615384615384615,
    0.3636363636363636,
    0.5454545454545454,
    0.7058823529411765,
    0.5263157894736842,
    0.6153846153846154,
    0.5555555555555556,
    0.4615384615384615,
    0.5555555555555556,
    0.4444444444444444,
    0.8,
    0.3529411764705882,
    0.4285714285714285,
    0.6666666666666666,
    0.4615384615384615,
    0.5454545454545454,
    0.75,
    0.5,
    0.4444444444444444,
    0.3333333333333333,
    0.4,
    0.5882352941176471,
    0.631578947368421,
    0.6153846153846154,
    0.3333333333333333,
    0.5714285714285714,
    0.7058823529411765,
    0.4285714285714285,
    0.4615384615384615,
    0.4615384615384615
  ]
}