{
  "t_test": {
    "t_stat": 6.179323864841571,
    "p_value": 1.2378411703438982e-07
  },
  "wilcoxon": {
    "w_stat": 99.0,
    "p_value": 1.4092183787798052e-06
  }
}