{
  "f1": 0.3076923076923077,
  "roc_auc": 0.7333333333333334,
  "pr_auc": 0.3474074074074074
}