{
  "f1": 0.5714285714285714,
  "roc_auc": 0.9609375,
  "pr_auc": 0.8125
}