{
  "f1": 0.5714285714285714,
  "roc_auc": 0.8325123152709359,
  "pr_auc": 0.4793127507413221
}