{
  "f1": 0.4444444444444444,
  "roc_auc": 0.788888888888889,
  "pr_auc": 0.34731240981240985
}