{
  "f1": 0.2857142857142857,
  "roc_auc": 0.7290322580645161,
  "pr_auc": 0.4777777777777778
}