{
  "f1": 0.375,
  "roc_auc": 0.8388888888888888,
  "pr_auc": 0.5817311773194126
}