{
  "f1": 0.7058823529411765,
  "roc_auc": 0.9019607843137254,
  "pr_auc": 0.6718253968253968
}