{
  "f1": 0.2222222222222222,
  "roc_auc": 0.8,
  "pr_auc": 0.5285714285714286
}