{
  "f1": 0.5714285714285714,
  "roc_auc": 0.9285714285714286,
  "pr_auc": 0.7
}