{
  "f1": 0.5,
  "roc_auc": 0.9833333333333333,
  "pr_auc": 0.9166666666666665
}