{
  "f1": 0.2222222222222222,
  "roc_auc": 0.5777777777777778,
  "pr_auc": 0.43212121212121213
}