{
  "f1": 0.4,
  "roc_auc": 0.8157894736842105,
  "pr_auc": 0.4821428571428571
}