{
  "f1": 0.5,
  "roc_auc": 0.6470588235294118,
  "pr_auc": 0.5410830999066293
}