{
  "f1": 0.36363636363636365,
  "roc_auc": 0.7677419354838709,
  "pr_auc": 0.38252587991718423
}