{
  "f1": 0.5263157894736842,
  "roc_auc": 0.9354838709677419,
  "pr_auc": 0.7442424242424241
}