{
  "f1": 0.5263157894736842,
  "roc_auc": 0.7232142857142858,
  "pr_auc": 0.47201996927803375
}