{
  "f1": 0.42105263157894735,
  "roc_auc": 0.8666666666666667,
  "pr_auc": 0.7713815789473684
}