{
  "f1": 0.25,
  "roc_auc": 0.7890625,
  "pr_auc": 0.36420454545454545
}