{
  "f1": 0.26666666666666666,
  "roc_auc": 0.7611111111111111,
  "pr_auc": 0.43731378915202446
}