{
  "f1": 0.375,
  "roc_auc": 0.8585858585858586,
  "pr_auc": 0.3611111111111111
}