{
  "f1": 0.6666666666666666,
  "roc_auc": 0.8125000000000001,
  "pr_auc": 0.7991300366300367
}