{
  "f1": 0.42857142857142855,
  "roc_auc": 0.9296875,
  "pr_auc": 0.8269230769230769
}