{
  "f1": 0.5263157894736842,
  "roc_auc": 0.8277777777777778,
  "pr_auc": 0.6513888888888889
}