{
  "f1": 0.5555555555555556,
  "roc_auc": 0.9107142857142857,
  "pr_auc": 0.7093906093906094
}