{
  "f1": 0.6666666666666666,
  "roc_auc": 0.8388888888888889,
  "pr_auc": 0.7915173237753883
}