{
  "f1": 0.36363636363636365,
  "roc_auc": 0.7421875,
  "pr_auc": 0.32179487179487176
}