{
  "f1": 0.47058823529411764,
  "roc_auc": 0.8666666666666666,
  "pr_auc": 0.5918803418803419
}