{
  "f1": 0.6153846153846154,
  "roc_auc": 0.9500000000000001,
  "pr_auc": 0.825925925925926
}