{
  "f1": 0.375,
  "roc_auc": 0.7555555555555555,
  "pr_auc": 0.4895451770451771
}