{
  "f1": 0.4,
  "roc_auc": 0.6453201970443349,
  "pr_auc": 0.3666736489317134
}