{
  "f1": 0.3333333333333333,
  "roc_auc": 0.7722222222222223,
  "pr_auc": 0.4594691857849752
}