{
  "f1": 0.631578947368421,
  "roc_auc": 0.8866995073891626,
  "pr_auc": 0.6191326530612244
}