{
  "f1": 0.47058823529411764,
  "roc_auc": 0.7611111111111111,
  "pr_auc": 0.4234279609279609
}