{
  "f1": 0.631578947368421,
  "roc_auc": 0.9014778325123153,
  "pr_auc": 0.8614285714285714
}