{
  "f1": 0.625,
  "roc_auc": 0.9225806451612903,
  "pr_auc": 0.6342857142857143
}