{
  "f1": 0.625,
  "roc_auc": 0.8275862068965518,
  "pr_auc": 0.7624458874458875
}