{
  "f1": 0.5,
  "roc_auc": 0.7741935483870968,
  "pr_auc": 0.528937728937729
}