{
  "f1": 0.5882352941176471,
  "roc_auc": 0.85,
  "pr_auc": 0.44030501089324625
}