{
  "f1": 0.6,
  "roc_auc": 0.90625,
  "pr_auc": 0.46111111111111114
}