{
  "f1": 0.5882352941176471,
  "roc_auc": 0.9055555555555554,
  "pr_auc": 0.6814204314204314
}