{
  "f1": 0.47619047619047616,
  "roc_auc": 0.7916666666666666,
  "pr_auc": 0.7041353538934185
}