{
  "f1": 0.6153846153846154,
  "roc_auc": 0.9419354838709677,
  "pr_auc": 0.7166666666666666
}