{
  "f1": 0.7142857142857143,
  "roc_auc": 0.9507389162561576,
  "pr_auc": 0.8500927643784786
}