{
  "f1": 0.5454545454545454,
  "roc_auc": 0.7741935483870968,
  "pr_auc": 0.5883186705767351
}