{
  "mean": 0.37558653833266836,
  "std": 0.19368648637765365,
  "dist": [
    0.0,
    0.5,
    0.5714285714285714,
    0.5714285714285714,
    0.3157894736842105,
    0.3333333333333333,
    0.4285714285714285,
    0.1666666666666666,
    0.5,
    0.5714285714285714,
    0.3636363636363636,
    0.3636363636363636,
    0.625,
    0.3333333333333333,
    0.1818181818181818,
    0.2222222222222222,
    0.5555555555555556,
    0.0,
    0.5,
    0.4285714285714285,
    0.3333333333333333,
    0.625,
    0.3333333333333333,
    0.25,
    0.3076923076923077,
    0.1666666666666666,
    0.6153846153846154,
    0.7142857142857143,
    0.2857142857142857,
    0.0,
    0.1538461538461538,
    0.4705882352941176,
    0.4444444444444444,
    0.6153846153846154,
    0.2222222222222222,
    0.5,
    0.4615384615384615,
    0.1666666666666666,
    0.1818181818181818,
    0.6666666666666666,
    0.4,
    0.5714285714285714,
    0.3076923076923077,
    0.2222222222222222,
    0.4705882352941176,
    0.0,
    0.4285714285714285,
    0.4,
    0.1818181818181818,
    0.75
  ]
}