{
  "t_test": {
    "t_stat": 7.959576776880452,
    "p_value": 2.20278801453411e-10
  },
  "wilcoxon": {
    "w_stat": 17.0,
    "p_value": 2.4254292877842702e-08
  }
}