{
  "f1": 0.5714285714285714,
  "roc_auc": 0.935483870967742,
  "pr_auc": 0.7888888888888888
}