{
  "f1": 0.18181818181818182,
  "roc_auc": 0.5625,
  "pr_auc": 0.20934139784946237
}