{
  "f1": 0.2222222222222222,
  "roc_auc": 0.4580645161290323,
  "pr_auc": 0.2303639846743295
}