{
  "f1": 0.3076923076923077,
  "roc_auc": 0.7,
  "pr_auc": 0.3393759018759019
}