{
  "f1": 0.0,
  "roc_auc": 0.24242424242424238,
  "pr_auc": 0.07087912087912088
}