{
  "f1": 0.2222222222222222,
  "roc_auc": 0.606060606060606,
  "pr_auc": 0.24434389140271492
}