{
  "f1": 0.0,
  "roc_auc": 0.53125,
  "pr_auc": 0.13686868686868686
}