{
  "f1": 0.3333333333333333,
  "roc_auc": 0.7111111111111111,
  "pr_auc": 0.31719298245614036
}