{
  "f1": 0.2222222222222222,
  "roc_auc": 0.47474747474747475,
  "pr_auc": 0.3914141414141414
}