{
  "f1": 0.4444444444444444,
  "roc_auc": 0.8967741935483872,
  "pr_auc": 0.6803174603174603
}