{
  "f1": 0.2,
  "roc_auc": 0.6387096774193548,
  "pr_auc": 0.23586466165413533
}