{
  "f1": 0.42857142857142855,
  "roc_auc": 0.6696428571428572,
  "pr_auc": 0.4307590275014477
}