{
  "f1": 0.2,
  "roc_auc": 0.5615763546798029,
  "pr_auc": 0.3775725232621784
}