{
  "f1": 0.3076923076923077,
  "roc_auc": 0.5833333333333334,
  "pr_auc": 0.26004901960784316
}