{
  "f1": 0.36363636363636365,
  "roc_auc": 0.625615763546798,
  "pr_auc": 0.5189342403628118
}