{
  "f1": 0.0,
  "roc_auc": 0.34285714285714286,
  "pr_auc": 0.041666666666666664
}