{
  "f1": 0.14285714285714285,
  "roc_auc": 0.5625,
  "pr_auc": 0.355552992734402
}