{
  "f1": 0.5714285714285714,
  "roc_auc": 0.8666666666666667,
  "pr_auc": 0.6555555555555556
}