{
  "f1": 0.5714285714285714,
  "roc_auc": 0.7783251231527093,
  "pr_auc": 0.6766850701633309
}