{
  "f1": 0.5714285714285714,
  "roc_auc": 0.5859375,
  "pr_auc": 0.5590277777777778
}