{
  "f1": 0.5555555555555556,
  "roc_auc": 0.748768472906404,
  "pr_auc": 0.4915639915639915
}