{
  "f1": 0.13333333333333333,
  "roc_auc": 0.5580357142857143,
  "pr_auc": 0.29392857142857143
}