{
  "f1": 0.42857142857142855,
  "roc_auc": 0.7339901477832511,
  "pr_auc": 0.5134575569358177
}