{
  "f1": 0.2,
  "roc_auc": 0.6796875,
  "pr_auc": 0.4025689223057644
}