{
  "f1": 0.4,
  "roc_auc": 0.6108374384236454,
  "pr_auc": 0.48176109604681033
}