{
  "f1": 0.3333333333333333,
  "roc_auc": 0.6516129032258065,
  "pr_auc": 0.2819254658385093
}