{
  "f1": 0.2857142857142857,
  "roc_auc": 0.5611111111111111,
  "pr_auc": 0.2723901098901099
}