{
  "f1": 0.6153846153846154,
  "roc_auc": 0.7833333333333334,
  "pr_auc": 0.6331168831168831
}