{
  "f1": 0.5333333333333333,
  "roc_auc": 0.7946428571428572,
  "pr_auc": 0.6629289215686274
}