{
  "f1": 0.6,
  "roc_auc": 0.7890625,
  "pr_auc": 0.43846153846153846
}