{
  "f1": 0.36363636363636365,
  "roc_auc": 0.6516129032258065,
  "pr_auc": 0.5391414141414141
}