{
  "f1": 0.4,
  "roc_auc": 0.7277777777777779,
  "pr_auc": 0.555896686159844
}