{
  "mean": 0.31220412920412915,
  "std": 0.19229374331547386,
  "dist": [
    0.0,
    0.6,
    0.3636363636363636,
    0.3636363636363636,
    0.4,
    0.3076923076923077,
    0.2222222222222222,
    0.2,
    0.5714285714285714,
    0.2857142857142857,
    0.5714285714285714,
    0.2857142857142857,
    0.5714285714285714,
    0.2,
    0.1333333333333333,
    0.2222222222222222,
    0.5,
    0.0,
    0.3333333333333333,
    0.3636363636363636,
    0.4444444444444444,
    0.4285714285714285,
    0.2857142857142857,
    0.0,
    0.5714285714285714,
    0.2,
    0.4285714285714285,
    0.5714285714285714,
    0.2,
    0.0,
    0.1428571428571428,
    0.5333333333333333,
    0.3333333333333333,
    0.5454545454545454,
    0.0,
    0.6153846153846154,
    0.4,
    0.1818181818181818,
    0.0,
    0.25,
    0.3076923076923077,
    0.5714285714285714,
    0.3333333333333333,
    0.0,
    0.4285714285714285,
    0.0,
    0.3636363636363636,
    0.2,
    0.2222222222222222,
    0.5555555555555556
  ]
}