{
  "t_test": {
    "t_stat": 0.13092828184584548,
    "p_value": 0.896368117667729
  },
  "wilcoxon": {
    "w_stat": 293.0,
    "p_value": 0.7185739607463889
  }
}