{
  "mean": 0.34901641856595417,
  "std": 0.19179393418219548,
  "dist": [
    0.0,
    0.4615384615384615,
    0.5714285714285714,
    0.4,
    0.3157894736842105,
    0.2857142857142857,
    0.4,
    0.1666666666666666,
    0.4210526315789473,
    0.5714285714285714,
    0.2666666666666666,
    0.3636363636363636,
    0.5555555555555556,
    0.3333333333333333,
    0.1818181818181818,
    0.2,
    0.5555555555555556,
    0.0,
    0.4285714285714285,
    0.4285714285714285,
    0.2666666666666666,
    0.6666666666666666,
    0.3636363636363636,
    0.1818181818181818,
    0.2666666666666666,
    0.1538461538461538,
    0.6153846153846154,
    0.7142857142857143,
    0.2222222222222222,
    0.0,
    0.125,
    0.4444444444444444,
    0.4,
    0.6153846153846154,
    0.2,
    0.3809523809523809,
    0.4285714285714285,
    0.1818181818181818,
    0.1818181818181818,
    0.6,
    0.3529411764705882,
    0.5714285714285714,
    0.2666666666666666,
    0.2222222222222222,
    0.4210526315789473,
    0.0,
    0.4,
    0.3333333333333333,
    0.1666666666666666,
    0.8
  ]
}