{
  "t_test": {
    "t_stat": 5.953392233482412,
    "p_value": 2.7609695798768157e-07
  },
  "wilcoxon": {
    "w_stat": 57.0,
    "p_value": 5.073804832430907e-07
  }
}