{
  "mean": 0.2774653439096163,
  "std": 0.16746233171722225,
  "dist": [
    0.0,
    0.2857142857142857,
    0.4,
    0.3076923076923077,
    0.375,
    0.25,
    0.3333333333333333,
    0.1538461538461538,
    0.4210526315789473,
    0.3333333333333333,
    0.1538461538461538,
    0.3076923076923077,
    0.5714285714285714,
    0.3076923076923077,
    0.1538461538461538,
    0.1818181818181818,
    0.5263157894736842,
    0.0,
    0.3529411764705882,
    0.1666666666666666,
    0.25,
    0.4705882352941176,
    0.3333333333333333,
    0.2,
    0.1818181818181818,
    0.0,
    0.5333333333333333,
    0.5333333333333333,
    0.2222222222222222,
    0.0,
    0.1176470588235294,
    0.3333333333333333,
    0.3333333333333333,
    0.5333333333333333,
    0.2,
    0.3333333333333333,
    0.3529411764705882,
    0.0,
    0.2,
    0.4615384615384615,
    0.4,
    0.2222222222222222,
    0.2857142857142857,
    0.1818181818181818,
    0.3529411764705882,
    0.0,
    0.2666666666666666,
    0.2857142857142857,
    0.0,
    0.7058823529411765
  ]
}