{
  "f1": 0.0,
  "roc_auc": 0.453125,
  "pr_auc": 0.11870663650075415
}