{
  "f1": 0.18181818181818182,
  "roc_auc": 0.640625,
  "pr_auc": 0.25925925925925924
}