{
  "f1": 0.3076923076923077,
  "roc_auc": 0.6322580645161291,
  "pr_auc": 0.24619047619047618
}