{
  "f1": 0.2857142857142857,
  "roc_auc": 0.6444444444444444,
  "pr_auc": 0.4329545454545455
}