{
  "f1": 0.36363636363636365,
  "roc_auc": 0.5555555555555556,
  "pr_auc": 0.27574476650563606
}