{
  "f1": 0.3076923076923077,
  "roc_auc": 0.6580645161290322,
  "pr_auc": 0.24892473118279568
}