{
  "f1": 0.42857142857142855,
  "roc_auc": 0.7611111111111111,
  "pr_auc": 0.508954008954009
}