{
  "f1": 0.47058823529411764,
  "roc_auc": 0.7684729064039408,
  "pr_auc": 0.5218178180363053
}