{
  "f1": 0.36363636363636365,
  "roc_auc": 0.8529411764705882,
  "pr_auc": 0.225
}