{
  "f1": 0.18181818181818182,
  "roc_auc": 0.4140625,
  "pr_auc": 0.16444444444444445
}