{
  "f1": 0.2,
  "roc_auc": 0.45454545454545453,
  "pr_auc": 0.1167991273180614
}