{
  "f1": 0.46153846153846156,
  "roc_auc": 0.78125,
  "pr_auc": 0.5607142857142857
}