{
  "f1": 0.43478260869565216,
  "roc_auc": 0.8078817733990148,
  "pr_auc": 0.5920868347338936
}