{
  "f1": 0.3333333333333333,
  "roc_auc": 0.6709677419354838,
  "pr_auc": 0.3014492753623188
}