{
  "f1": 0.4444444444444444,
  "roc_auc": 0.6666666666666666,
  "pr_auc": 0.3090277777777778
}