{
  "f1": 0.0,
  "roc_auc": 0.4852941176470589,
  "pr_auc": 0.09583333333333333
}