{
  "f1": 0.2857142857142857,
  "roc_auc": 0.6838709677419355,
  "pr_auc": 0.2638753403459286
}