{
  "f1": 0.5333333333333333,
  "roc_auc": 0.6650246305418719,
  "pr_auc": 0.6608294930875576
}