{
  "f1": 0.5,
  "roc_auc": 0.9292929292929293,
  "pr_auc": 0.4444444444444445
}