{
  "f1": 0.4,
  "roc_auc": 0.7388888888888889,
  "pr_auc": 0.5644547474162078
}