{
  "f1": 0.6666666666666666,
  "roc_auc": 0.888888888888889,
  "pr_auc": 0.6357142857142857
}