{
  "f1": 0.25,
  "roc_auc": 0.5270935960591133,
  "pr_auc": 0.2517833152069605
}