{
  "f1": 0.2,
  "roc_auc": 0.6363636363636364,
  "pr_auc": 0.25274725274725274
}