{
  "f1": 0.4,
  "roc_auc": 0.7166666666666667,
  "pr_auc": 0.5039511862092507
}