{
  "f1": 0.18181818181818182,
  "roc_auc": 0.4765625,
  "pr_auc": 0.3374269005847953
}