{
  "f1": 0.0,
  "roc_auc": 0.38235294117647056,
  "pr_auc": 0.06481481481481481
}