{
  "f1": 0.5,
  "roc_auc": 0.9290322580645161,
  "pr_auc": 0.7833333333333332
}