{
  "f1": 0.3333333333333333,
  "roc_auc": 0.6551724137931034,
  "pr_auc": 0.46788766788766784
}