{
  "f1": 0.3333333333333333,
  "roc_auc": 0.5703125,
  "pr_auc": 0.40919540229885054
}