{
  "f1": 0.5555555555555556,
  "roc_auc": 0.8611111111111112,
  "pr_auc": 0.5833333333333334
}