{
  "f1": 0.42105263157894735,
  "roc_auc": 0.6607142857142857,
  "pr_auc": 0.5454797517297517
}