{
  "f1": 0.6153846153846154,
  "roc_auc": 0.8500000000000001,
  "pr_auc": 0.602991452991453
}