{
  "f1": 0.125,
  "roc_auc": 0.5546875,
  "pr_auc": 0.35085282651072125
}