{
  "f1": 0.375,
  "roc_auc": 0.7290322580645161,
  "pr_auc": 0.2576190476190476
}