{
  "f1": 0.42105263157894735,
  "roc_auc": 0.6294642857142857,
  "pr_auc": 0.48019467448815273
}