{
  "f1": 0.6,
  "roc_auc": 0.7991071428571428,
  "pr_auc": 0.5428758741258741
}