{
  "f1": 0.625,
  "roc_auc": 0.896774193548387,
  "pr_auc": 0.5709090909090909
}