{
  "f1": 0.7272727272727273,
  "roc_auc": 0.7881773399014779,
  "pr_auc": 0.7805145046524358
}