{
  "f1": 0.5333333333333333,
  "roc_auc": 0.8193548387096774,
  "pr_auc": 0.5607142857142857
}