{
  "f1": 0.42857142857142855,
  "roc_auc": 0.838888888888889,
  "pr_auc": 0.42228835978835977
}