{
  "f1": 0.47058823529411764,
  "roc_auc": 0.7055555555555556,
  "pr_auc": 0.39764309764309763
}