{
  "f1": 0.625,
  "roc_auc": 0.8555555555555556,
  "pr_auc": 0.6407004830917874
}