{
  "f1": 0.47619047619047616,
  "roc_auc": 0.8444444444444446,
  "pr_auc": 0.44301948051948054
}