{
  "f1": 0.5454545454545454,
  "roc_auc": 0.7685185185185185,
  "pr_auc": 0.705026455026455
}