{
  "f1": 0.3333333333333333,
  "roc_auc": 0.7,
  "pr_auc": 0.4769230769230769
}