{
  "f1": 0.5,
  "roc_auc": 0.6568627450980392,
  "pr_auc": 0.6803751803751803
}