{
  "f1": 0.4,
  "roc_auc": 0.6984126984126984,
  "pr_auc": 0.47086247086247085
}