{
  "f1": 0.4444444444444444,
  "roc_auc": 0.6203703703703703,
  "pr_auc": 0.552068302068302
}