{
  "f1": 0.5714285714285714,
  "roc_auc": 0.75,
  "pr_auc": 0.45138888888888884
}