{
  "f1": 0.6666666666666666,
  "roc_auc": 0.8833333333333333,
  "pr_auc": 0.7666666666666666
}