{
  "f1": 0.0,
  "roc_auc": 0.618421052631579,
  "pr_auc": 0.2961309523809524
}