{
  "f1": 0.6153846153846154,
  "roc_auc": 0.796875,
  "pr_auc": 0.7649801587301588
}