{
  "f1": 0.2222222222222222,
  "roc_auc": 0.605263157894737,
  "pr_auc": 0.4418831168831169
}