{
  "f1": 0.5454545454545454,
  "roc_auc": 0.6078431372549019,
  "pr_auc": 0.45039682539682535
}