{
  "f1": 0.5,
  "roc_auc": 0.7631578947368423,
  "pr_auc": 0.5617715617715617
}