{
  "f1": 0.3333333333333333,
  "roc_auc": 0.9285714285714286,
  "pr_auc": 0.7
}