{
  "f1": 0.2857142857142857,
  "roc_auc": 0.5873015873015872,
  "pr_auc": 0.45286195286195285
}