{
  "f1": 0.5,
  "roc_auc": 0.8157894736842105,
  "pr_auc": 0.6666666666666666
}