{
  "f1": 0.4444444444444444,
  "roc_auc": 0.6447368421052633,
  "pr_auc": 0.5303030303030303
}