{
  "f1": 0.2,
  "roc_auc": 0.40789473684210525,
  "pr_auc": 0.2650691699604743
}