{
  "f1": 0.2222222222222222,
  "roc_auc": 0.31481481481481477,
  "pr_auc": 0.3381709585227892
}