{
  "f1": 0.5,
  "roc_auc": 0.5892857142857143,
  "pr_auc": 0.5235957624156382
}