{
  "f1": 0.42857142857142855,
  "roc_auc": 0.675,
  "pr_auc": 0.65851076007326
}