{
  "f1": 0.6,
  "roc_auc": 0.8777777777777778,
  "pr_auc": 0.6833333333333333
}