{
  "f1": 0.2857142857142857,
  "roc_auc": 0.4777777777777778,
  "pr_auc": 0.3909157509157509
}