{
  "mean": 0.4541638093298686,
  "std": 0.10236233318466566,
  "dist": [
    0.3720930232558139,
    0.55,
    0.5116279069767442,
    0.3529411764705882,
    0.5161290322580645,
    0.4444444444444444,
    0.4285714285714285,
    0.2702702702702703,
    0.5,
    0.65,
    0.25,
    0.4651162790697674,
    0.4615384615384615,
    0.4666666666666667,
    0.5957446808510638,
    0.3636363636363636,
    0.3448275862068966,
    0.5,
    0.5,
    0.5333333333333333,
    0.3448275862068966,
    0.5652173913043478,
    0.55,
    0.4242424242424242,
    0.3720930232558139,
    0.5238095238095238,
    0.4102564102564102,
    0.3448275862068966,
    0.5454545454545454,
    0.4324324324324324,
    0.5714285714285714,
    0.4102564102564102,
    0.2631578947368421,
    0.4137931034482758,
    0.6111111111111112,
    0.4090909090909091,
    0.5454545454545454,
    0.4242424242424242,
    0.6382978723404256,
    0.2352941176470588,
    0.4102564102564102,
    0.4210526315789473,
    0.3529411764705882,
    0.65,
    0.45,
    0.4761904761904761,
    0.4571428571428571,
    0.3783783783783784,
    0.5714285714285714,
    0.4285714285714285
  ]
}