{
  "t_test": {
    "t_stat": -2.2377036824523575,
    "p_value": 0.029819659166482694
  },
  "wilcoxon": {
    "w_stat": 362.0,
    "p_value": 0.02045045163560231
  }
}