{
  "f1": 0.3870967741935484,
  "roc_auc": 0.7341269841269842,
  "pr_auc": 0.49606398793478274
}