{
  "f1": 0.45161290322580644,
  "roc_auc": 0.7532467532467533,
  "pr_auc": 0.529305614626032
}