{
  "f1": 0.4666666666666667,
  "roc_auc": 0.6253101736972705,
  "pr_auc": 0.4003183537948539
}