{
  "f1": 0.41025641025641024,
  "roc_auc": 0.7345238095238095,
  "pr_auc": 0.5644564224421633
}