{
  "f1": 0.5,
  "roc_auc": 0.7775175644028103,
  "pr_auc": 0.5341826356782224
}