{
  "f1": 0.45714285714285713,
  "roc_auc": 0.6943793911007026,
  "pr_auc": 0.41213677778803826
}