{
  "f1": 0.5185185185185185,
  "roc_auc": 0.8296874999999999,
  "pr_auc": 0.5430154463218979
}