{
  "f1": 0.25806451612903225,
  "roc_auc": 0.6625,
  "pr_auc": 0.24579272281399944
}