{
  "f1": 0.4444444444444444,
  "roc_auc": 0.7192460317460317,
  "pr_auc": 0.5571517618944939
}