{
  "f1": 0.41379310344827586,
  "roc_auc": 0.7692307692307692,
  "pr_auc": 0.40269198847630217
}