{
  "f1": 0.375,
  "roc_auc": 0.7531017369727048,
  "pr_auc": 0.5247059081017805
}