{
  "f1": 0.55,
  "roc_auc": 0.8148148148148148,
  "pr_auc": 0.6963447610223752
}