{
  "f1": 0.5,
  "roc_auc": 0.7522222222222222,
  "pr_auc": 0.5164642992194517
}