{
  "f1": 0.47368421052631576,
  "roc_auc": 0.7309941520467836,
  "pr_auc": 0.471034249335191
}