{
  "f1": 0.48,
  "roc_auc": 0.7629255989911727,
  "pr_auc": 0.5150500730102201
}