{
  "f1": 0.3225806451612903,
  "roc_auc": 0.7063492063492063,
  "pr_auc": 0.39696368889129435
}