{
  "f1": 0.4666666666666667,
  "roc_auc": 0.7414772727272727,
  "pr_auc": 0.4530227696816862
}