{
  "f1": 0.4827586206896552,
  "roc_auc": 0.7131147540983607,
  "pr_auc": 0.4721747132495857
}