{
  "f1": 0.5777777777777777,
  "roc_auc": 0.7292768959435626,
  "pr_auc": 0.5590574377539297
}