{
  "f1": 0.42857142857142855,
  "roc_auc": 0.7325268817204301,
  "pr_auc": 0.42658653284714404
}