{
  "f1": 0.43478260869565216,
  "roc_auc": 0.797979797979798,
  "pr_auc": 0.4922053829030573
}