{
  "f1": 0.5641025641025641,
  "roc_auc": 0.8009569377990431,
  "pr_auc": 0.7018417649007342
}