{
  "f1": 0.5,
  "roc_auc": 0.7563559322033898,
  "pr_auc": 0.502648765741808
}