{
  "f1": 0.5714285714285714,
  "roc_auc": 0.794044665012407,
  "pr_auc": 0.5078017759013234
}