{
  "f1": 0.6666666666666666,
  "roc_auc": 0.9127155172413792,
  "pr_auc": 0.7475468321508958
}