{
  "f1": 0.5161290322580645,
  "roc_auc": 0.8411910669975187,
  "pr_auc": 0.4967632395866267
}