{
  "f1": 0.3783783783783784,
  "roc_auc": 0.7316821465428277,
  "pr_auc": 0.457233001523659
}