{
  "f1": 0.375,
  "roc_auc": 0.6799999999999999,
  "pr_auc": 0.3925651001534422
}