{
  "f1": 0.47058823529411764,
  "roc_auc": 0.6886409736308317,
  "pr_auc": 0.4775857018671704
}