{
  "f1": 0.5581395348837209,
  "roc_auc": 0.8021442495126706,
  "pr_auc": 0.6140987107722649
}