{
  "f1": 0.5,
  "roc_auc": 0.7321428571428571,
  "pr_auc": 0.4879309912482094
}