{
  "f1": 0.45161290322580644,
  "roc_auc": 0.718362282878412,
  "pr_auc": 0.4836599587808749
}