{
  "f1": 0.2962962962962963,
  "roc_auc": 0.6957671957671957,
  "pr_auc": 0.2710215320412689
}