{
  "f1": 0.38461538461538464,
  "roc_auc": 0.5984615384615385,
  "pr_auc": 0.2204011837835367
}