{
  "f1": 0.3888888888888889,
  "roc_auc": 0.7233333333333334,
  "pr_auc": 0.43191807897894374
}