{
  "f1": 0.4827586206896552,
  "roc_auc": 0.6610169491525424,
  "pr_auc": 0.4790902118182135
}