{
  "f1": 0.2962962962962963,
  "roc_auc": 0.6065340909090909,
  "pr_auc": 0.32345207573661044
}