{
  "f1": 0.6060606060606061,
  "roc_auc": 0.8398486759142497,
  "pr_auc": 0.5880987519656228
}