{
  "f1": 0.6111111111111112,
  "roc_auc": 0.8793103448275862,
  "pr_auc": 0.7314018013236763
}