{
  "f1": 0.5714285714285714,
  "roc_auc": 0.8451977401129944,
  "pr_auc": 0.6705064085842117
}