{
  "f1": 0.45714285714285713,
  "roc_auc": 0.8425925925925927,
  "pr_auc": 0.47437735555621735
}