{
  "f1": 0.5,
  "roc_auc": 0.7232142857142857,
  "pr_auc": 0.5748423838982104
}