{
  "f1": 0.5142857142857142,
  "roc_auc": 0.7932203389830508,
  "pr_auc": 0.5861327750045344
}