{
  "f1": 0.5,
  "roc_auc": 0.7751412429378531,
  "pr_auc": 0.505800787858848
}