{
  "f1": 0.5641025641025641,
  "roc_auc": 0.7645933014354066,
  "pr_auc": 0.5856984167743744
}