{
  "f1": 0.6666666666666666,
  "roc_auc": 0.8956937799043062,
  "pr_auc": 0.6754443723123913
}