{
  "f1": 0.35714285714285715,
  "roc_auc": 0.7332506203473945,
  "pr_auc": 0.3253798100933874
}