{
  "f1": 0.5238095238095238,
  "roc_auc": 0.8070175438596492,
  "pr_auc": 0.6311039683148356
}