{
  "f1": 0.358974358974359,
  "roc_auc": 0.6419491525423728,
  "pr_auc": 0.390995697405523
}