{
  "f1": 0.5416666666666666,
  "roc_auc": 0.7645502645502645,
  "pr_auc": 0.6163314759345104
}