{
  "f1": 0.5405405405405406,
  "roc_auc": 0.7944915254237288,
  "pr_auc": 0.6460682102306143
}