{
  "f1": 0.5714285714285714,
  "roc_auc": 0.7744833782569631,
  "pr_auc": 0.6437390543352361
}