{
  "f1": 0.43478260869565216,
  "roc_auc": 0.7755102040816327,
  "pr_auc": 0.36165294620263566
}