{
  "f1": 0.25,
  "roc_auc": 0.656140350877193,
  "pr_auc": 0.21984357027835288
}