{
  "f1": 0.14285714285714285,
  "roc_auc": 0.6163793103448276,
  "pr_auc": 0.21783357771260997
}