{
  "f1": 0.2857142857142857,
  "roc_auc": 0.572192513368984,
  "pr_auc": 0.3535197042898849
}