{
  "f1": 0.5714285714285714,
  "roc_auc": 0.7242798353909465,
  "pr_auc": 0.40723916272161886
}