{
  "f1": 0.2,
  "roc_auc": 0.6724137931034483,
  "pr_auc": 0.19631410256410256
}