{
  "f1": 0.4444444444444444,
  "roc_auc": 0.7767857142857143,
  "pr_auc": 0.637416311625076
}