{
  "f1": 0.36363636363636365,
  "roc_auc": 0.7908163265306123,
  "pr_auc": 0.3924908424908425
}