{
  "f1": 0.3076923076923077,
  "roc_auc": 0.6327683615819208,
  "pr_auc": 0.1564327485380117
}