{
  "f1": 0.2857142857142857,
  "roc_auc": 0.9055555555555554,
  "pr_auc": 0.2619047619047619
}