{
  "f1": 0.2222222222222222,
  "roc_auc": 0.5982142857142856,
  "pr_auc": 0.17417582417582417
}