{
  "f1": 0.21052631578947367,
  "roc_auc": 0.603448275862069,
  "pr_auc": 0.3923076923076923
}