{
  "f1": 0.37037037037037035,
  "roc_auc": 0.6653846153846155,
  "pr_auc": 0.38566754929658154
}