{
  "f1": 0.42105263157894735,
  "roc_auc": 0.5982142857142857,
  "pr_auc": 0.1856475814935949
}