{
  "f1": 0.32,
  "roc_auc": 0.6673076923076924,
  "pr_auc": 0.4152831160160382
}