{
  "f1": 0.3157894736842105,
  "roc_auc": 0.6527777777777778,
  "pr_auc": 0.2668502249384602
}