{
  "f1": 0.35294117647058826,
  "roc_auc": 0.7758620689655172,
  "pr_auc": 0.7056818181818182
}