{
  "f1": 0.15384615384615385,
  "roc_auc": 0.6949152542372882,
  "pr_auc": 0.3900966183574879
}