{
  "f1": 0.2222222222222222,
  "roc_auc": 0.7797619047619048,
  "pr_auc": 0.3009510125889436
}