{
  "f1": 0.42105263157894735,
  "roc_auc": 0.7310344827586207,
  "pr_auc": 0.2378205128205128
}