{
  "f1": 0.09523809523809523,
  "roc_auc": 0.4011299435028248,
  "pr_auc": 0.06352607965511191
}