{
  "f1": 0.0,
  "roc_auc": 0.632768361581921,
  "pr_auc": 0.08123897707231041
}