{
  "f1": 0.2727272727272727,
  "roc_auc": 0.6909090909090909,
  "pr_auc": 0.40086435031678574
}