{
  "f1": 0.4,
  "roc_auc": 0.9152542372881356,
  "pr_auc": 0.3055555555555556
}