{
  "f1": 0.2222222222222222,
  "roc_auc": 0.7241379310344828,
  "pr_auc": 0.16249999999999998
}