{
  "f1": 0.21052631578947367,
  "roc_auc": 0.7529761904761905,
  "pr_auc": 0.24990131647740343
}