{
  "f1": 0.5263157894736842,
  "roc_auc": 0.8831168831168831,
  "pr_auc": 0.6798872180451128
}