{
  "f1": 0.15384615384615385,
  "roc_auc": 0.36666666666666664,
  "pr_auc": 0.06335438130054281
}