{
  "f1": 0.125,
  "roc_auc": 0.5298245614035088,
  "pr_auc": 0.2912355966229409
}