{
  "f1": 0.21052631578947367,
  "roc_auc": 0.6815476190476191,
  "pr_auc": 0.15537668143166863
}