{
  "f1": 0.3333333333333333,
  "roc_auc": 0.8189655172413793,
  "pr_auc": 0.19704968944099377
}