{
  "f1": 0.38095238095238093,
  "roc_auc": 0.7168831168831169,
  "pr_auc": 0.30687830687830686
}