{
  "f1": 0.25,
  "roc_auc": 0.7627118644067796,
  "pr_auc": 0.17941176470588235
}