{
  "f1": 0.26666666666666666,
  "roc_auc": 0.8189655172413793,
  "pr_auc": 0.3901838901838902
}