{
  "f1": 0.32,
  "roc_auc": 0.6673076923076923,
  "pr_auc": 0.3529983660130719
}