{
  "f1": 0.42105263157894735,
  "roc_auc": 0.8869047619047619,
  "pr_auc": 0.6345238095238095
}