{
  "f1": 0.5217391304347826,
  "roc_auc": 0.8211538461538461,
  "pr_auc": 0.4056944444444444
}