{
  "f1": 0.23529411764705882,
  "roc_auc": 0.7321428571428572,
  "pr_auc": 0.23132117624871248
}