{
  "f1": 0.47058823529411764,
  "roc_auc": 0.6875,
  "pr_auc": 0.5409878207048018
}