{
  "f1": 0.42105263157894735,
  "roc_auc": 0.7766233766233767,
  "pr_auc": 0.39764108072378745
}