{
  "f1": 0.23529411764705882,
  "roc_auc": 0.6694915254237288,
  "pr_auc": 0.231682769726248
}