{
  "f1": 0.25,
  "roc_auc": 0.5204081632653061,
  "pr_auc": 0.16495971369021392
}