{
  "f1": 0.34782608695652173,
  "roc_auc": 0.5896103896103896,
  "pr_auc": 0.551296496372897
}