{
  "f1": 0.42857142857142855,
  "roc_auc": 0.656140350877193,
  "pr_auc": 0.33625922887612797
}