{
  "f1": 0.34782608695652173,
  "roc_auc": 0.8207792207792208,
  "pr_auc": 0.5147615147615148
}