{
  "f1": 0.2608695652173913,
  "roc_auc": 0.45408163265306123,
  "pr_auc": 0.20734493911915822
}