{
  "mean": 0.4465130110347087,
  "std": 0.09151350011174492,
  "dist": [
    0.4117647058823529,
    0.4285714285714285,
    0.5116279069767442,
    0.3529411764705882,
    0.5365853658536586,
    0.4705882352941176,
    0.4864864864864865,
    0.4324324324324324,
    0.358974358974359,
    0.5106382978723404,
    0.3888888888888889,
    0.3902439024390244,
    0.5555555555555556,
    0.3888888888888889,
    0.5333333333333333,
    0.3783783783783784,
    0.2857142857142857,
    0.4736842105263157,
    0.5238095238095238,
    0.5306122448979592,
    0.25,
    0.6666666666666666,
    0.5,
    0.45,
    0.3157894736842105,
    0.5217391304347826,
    0.3225806451612903,
    0.45,
    0.5405405405405406,
    0.4,
    0.55,
    0.3684210526315789,
    0.4324324324324324,
    0.4242424242424242,
    0.4782608695652174,
    0.4651162790697674,
    0.3529411764705882,
    0.4444444444444444,
    0.5,
    0.4827586206896552,
    0.4444444444444444,
    0.4390243902439024,
    0.4878048780487805,
    0.4761904761904761,
    0.4117647058823529,
    0.391304347826087,
    0.3684210526315789,
    0.2068965517241379,
    0.6341463414634146,
    0.6
  ]
}