{
  "t_test": {
    "t_stat": -5.502737406297703,
    "p_value": 1.3522162398295433e-06
  },
  "wilcoxon": {
    "w_stat": 146.0,
    "p_value": 5.803549693028695e-06
  }
}