{
  "mean": 0.45804745581216166,
  "std": 0.14842939316639892,
  "dist": [
    0.7058823529411765,
    0.6153846153846154,
    0.5,
    0.1538461538461538,
    0.25,
    0.5714285714285714,
    0.4210526315789473,
    0.5,
    0.25,
    0.5714285714285714,
    0.4,
    0.5882352941176471,
    0.4,
    0.5333333333333333,
    0.4,
    0.4,
    0.6666666666666666,
    0.5263157894736842,
    0.4444444444444444,
    0.2857142857142857,
    0.4705882352941176,
    0.4444444444444444,
    0.4,
    0.5882352941176471,
    0.4285714285714285,
    0.5714285714285714,
    0.6,
    0.2,
    0.5714285714285714,
    0.2222222222222222,
    0.5333333333333333,
    0.4285714285714285,
    0.4,
    0.5,
    0.5454545454545454,
    0.4210526315789473,
    0.6666666666666666,
    0.5,
    0.2,
    0.5454545454545454,
    0.5,
    0.3333333333333333,
    0.631578947368421,
    0.6666666666666666,
    0.0,
    0.5,
    0.4705882352941176,
    0.3636363636363636,
    0.4,
    0.6153846153846154
  ]
}