{
  "t_test": {
    "t_stat": 2.4916324806909493,
    "p_value": 0.016149238164352764
  },
  "wilcoxon": {
    "w_stat": 325.5,
    "p_value": 0.011604415435765044
  }
}