{
  "mean": 0.457797153661705,
  "std": 0.09493840547239636,
  "dist": [
    0.4864864864864865,
    0.358974358974359,
    0.5454545454545454,
    0.3529411764705882,
    0.5789473684210527,
    0.3888888888888889,
    0.6111111111111112,
    0.3529411764705882,
    0.4571428571428571,
    0.5,
    0.3783783783783784,
    0.4571428571428571,
    0.6111111111111112,
    0.3870967741935484,
    0.4761904761904761,
    0.4242424242424242,
    0.3333333333333333,
    0.4615384615384615,
    0.4117647058823529,
    0.6222222222222222,
    0.3870967741935484,
    0.6382978723404256,
    0.3870967741935484,
    0.4324324324324324,
    0.4,
    0.6222222222222222,
    0.4,
    0.4444444444444444,
    0.5161290322580645,
    0.2941176470588235,
    0.5714285714285714,
    0.4,
    0.4848484848484848,
    0.4,
    0.4390243902439024,
    0.4,
    0.3870967741935484,
    0.5,
    0.65,
    0.3529411764705882,
    0.4,
    0.4571428571428571,
    0.55,
    0.4615384615384615,
    0.4324324324324324,
    0.4615384615384615,
    0.3414634146341463,
    0.3076923076923077,
    0.5263157894736842,
    0.6486486486486487
  ]
}