{
  "t_test": {
    "t_stat": -7.471041894399233,
    "p_value": 1.240368121359928e-09
  },
  "wilcoxon": {
    "w_stat": 93.0,
    "p_value": 4.8571529021046445e-09
  }
}