{
  "mean": 0.5181339225545749,
  "std": 0.08852363735878013,
  "dist": [
    0.6153846153846154,
    0.5185185185185185,
    0.4736842105263157,
    0.4102564102564102,
    0.5909090909090909,
    0.5853658536585366,
    0.5238095238095238,
    0.4,
    0.5238095238095238,
    0.5909090909090909,
    0.4888888888888889,
    0.5,
    0.7,
    0.45,
    0.4897959183673469,
    0.4864864864864865,
    0.4324324324324324,
    0.5333333333333333,
    0.5,
    0.6181818181818182,
    0.375,
    0.6666666666666666,
    0.5217391304347826,
    0.5531914893617021,
    0.4390243902439024,
    0.6538461538461539,
    0.45,
    0.5106382978723404,
    0.5555555555555556,
    0.4102564102564102,
    0.6222222222222222,
    0.4651162790697674,
    0.5217391304347826,
    0.5,
    0.5,
    0.4090909090909091,
    0.4102564102564102,
    0.6046511627906976,
    0.64,
    0.5263157894736842,
    0.4736842105263157,
    0.5217391304347826,
    0.5116279069767442,
    0.6086956521739131,
    0.4878048780487805,
    0.5490196078431373,
    0.391304347826087,
    0.2857142857142857,
    0.5957446808510638,
    0.7142857142857143
  ]
}