{
  "mean": 0.3225106005106005,
  "std": 0.1748158277976904,
  "dist": [
    0.5,
    0.3636363636363636,
    0.3333333333333333,
    0.25,
    0.1818181818181818,
    0.3636363636363636,
    0.4,
    0.3636363636363636,
    0.1818181818181818,
    0.4,
    0.0,
    0.2857142857142857,
    0.3333333333333333,
    0.5454545454545454,
    0.3636363636363636,
    0.4,
    0.7272727272727273,
    0.0,
    0.2,
    0.2666666666666666,
    0.5,
    0.2222222222222222,
    0.2857142857142857,
    0.25,
    0.3333333333333333,
    0.6,
    0.25,
    0.1538461538461538,
    0.2222222222222222,
    0.5,
    0.1666666666666666,
    0.7272727272727273,
    0.3636363636363636,
    0.0,
    0.25,
    0.2,
    0.2,
    0.6,
    0.3333333333333333,
    0.3333333333333333,
    0.0,
    0.4,
    0.3333333333333333,
    0.2,
    0.5714285714285714,
    0.4615384615384615,
    0.5,
    0.3076923076923077,
    0.4,
    0.0
  ]
}