{
  "t_test": {
    "t_stat": 3.78545417118995,
    "p_value": 0.0004190502027056541
  },
  "wilcoxon": {
    "w_stat": 180.5,
    "p_value": 0.0007022696034042761
  }
}