{
  "f1": 0.46153846153846156,
  "roc_auc": 0.9161290322580645,
  "pr_auc": 0.6888888888888889
}