{
  "f1": 0.46153846153846156,
  "roc_auc": 0.7192118226600985,
  "pr_auc": 0.5690597978321763
}