{
  "f1": 0.4,
  "roc_auc": 0.7569444444444444,
  "pr_auc": 0.6129501446967714
}