{
  "f1": 0.6,
  "roc_auc": 0.9111111111111111,
  "pr_auc": 0.8050125313283207
}