{
  "f1": 0.5454545454545454,
  "roc_auc": 0.9609375,
  "pr_auc": 0.8611111111111112
}