{
  "f1": 0.5882352941176471,
  "roc_auc": 0.8482142857142857,
  "pr_auc": 0.5948645104895105
}