{
  "f1": 0.5,
  "roc_auc": 0.8388888888888889,
  "pr_auc": 0.5434782608695652
}