{
  "f1": 0.6,
  "roc_auc": 0.6774193548387097,
  "pr_auc": 0.6123030303030303
}