{
  "f1": 0.4,
  "roc_auc": 0.7444444444444445,
  "pr_auc": 0.5520993343573988
}