{
  "f1": 0.5714285714285714,
  "roc_auc": 0.967741935483871,
  "pr_auc": 0.8999999999999999
}