{
  "f1": 0.4117647058823529,
  "roc_auc": 0.840625,
  "pr_auc": 0.5430257750379702
}