{
  "f1": 0.5454545454545454,
  "roc_auc": 0.739712918660287,
  "pr_auc": 0.5482190033679499
}