{
  "f1": 0.5306122448979592,
  "roc_auc": 0.8050682261208577,
  "pr_auc": 0.5599647086954365
}