{
  "f1": 0.4,
  "roc_auc": 0.8082010582010581,
  "pr_auc": 0.4331204914828532
}