{
  "f1": 0.3783783783783784,
  "roc_auc": 0.7201704545454546,
  "pr_auc": 0.4320829006387332
}