{
  "f1": 0.5652173913043478,
  "roc_auc": 0.7894736842105262,
  "pr_auc": 0.6198382525350525
}