{
  "f1": 0.3157894736842105,
  "roc_auc": 0.710820895522388,
  "pr_auc": 0.3310617561311765
}