{
  "f1": 0.4,
  "roc_auc": 0.759018759018759,
  "pr_auc": 0.4168792478623661
}