{
  "f1": 0.4186046511627907,
  "roc_auc": 0.6920374707259954,
  "pr_auc": 0.3942960756870531
}