{
  "f1": 0.6190476190476191,
  "roc_auc": 0.855603448275862,
  "pr_auc": 0.557246942286958
}