{
  "f1": 0.5490196078431373,
  "roc_auc": 0.7178130511463845,
  "pr_auc": 0.5116989557466765
}