{
  "f1": 0.6153846153846154,
  "roc_auc": 0.7748015873015872,
  "pr_auc": 0.6513491724286788
}