{
  "f1": 0.37209302325581395,
  "roc_auc": 0.7142857142857143,
  "pr_auc": 0.4434653006114441
}