{
  "f1": 0.36363636363636365,
  "roc_auc": 0.7692307692307693,
  "pr_auc": 0.34806544909407167
}