{
  "f1": 0.34146341463414637,
  "roc_auc": 0.6451612903225806,
  "pr_auc": 0.38366480729040453
}