{
  "f1": 0.5116279069767442,
  "roc_auc": 0.7434077079107505,
  "pr_auc": 0.6035588583739874
}