{
  "f1": 0.38095238095238093,
  "roc_auc": 0.6633333333333333,
  "pr_auc": 0.3752063120403889
}