{
  "f1": 0.3902439024390244,
  "roc_auc": 0.685515873015873,
  "pr_auc": 0.42218757144463426
}