{
  "f1": 0.3902439024390244,
  "roc_auc": 0.7468982630272953,
  "pr_auc": 0.4126682195869691
}