{
  "f1": 0.2857142857142857,
  "roc_auc": 0.5411931818181818,
  "pr_auc": 0.20084933526939797
}