{
  "f1": 0.5777777777777777,
  "roc_auc": 0.8338983050847457,
  "pr_auc": 0.5732602620342319
}