{
  "f1": 0.47368421052631576,
  "roc_auc": 0.8090395480225989,
  "pr_auc": 0.4815657903222403
}