{
  "f1": 0.46808510638297873,
  "roc_auc": 0.7086466165413534,
  "pr_auc": 0.46565071078992515
}