{
  "f1": 0.4864864864864865,
  "roc_auc": 0.693208430913349,
  "pr_auc": 0.4379802599644401
}