{
  "f1": 0.5238095238095238,
  "roc_auc": 0.8169491525423729,
  "pr_auc": 0.6007073949649537
}