{
  "f1": 0.3157894736842105,
  "roc_auc": 0.6878306878306879,
  "pr_auc": 0.41538690775817566
}