{
  "f1": 0.3870967741935484,
  "roc_auc": 0.803030303030303,
  "pr_auc": 0.5199199910876149
}