{
  "f1": 0.24242424242424243,
  "roc_auc": 0.5866477272727273,
  "pr_auc": 0.27691727141374123
}