{
  "f1": 0.5116279069767442,
  "roc_auc": 0.7477777777777778,
  "pr_auc": 0.4567512665080814
}