{
  "f1": 0.5531914893617021,
  "roc_auc": 0.8469827586206896,
  "pr_auc": 0.6169402875738655
}