{
  "f1": 0.42857142857142855,
  "roc_auc": 0.7119047619047619,
  "pr_auc": 0.4536929424296487
}