{
  "f1": 0.5625,
  "roc_auc": 0.7868852459016393,
  "pr_auc": 0.4889274618598758
}