{
  "f1": 0.5306122448979592,
  "roc_auc": 0.8001949317738791,
  "pr_auc": 0.6924100405589231
}