{
  "f1": 0.45714285714285713,
  "roc_auc": 0.7224576271186441,
  "pr_auc": 0.529955749775505
}