{
  "f1": 0.47368421052631576,
  "roc_auc": 0.775175644028103,
  "pr_auc": 0.4560283874099663
}