{
  "f1": 0.4782608695652174,
  "roc_auc": 0.7280701754385965,
  "pr_auc": 0.42555958812003813
}