{
  "f1": 0.5,
  "roc_auc": 0.7425847457627119,
  "pr_auc": 0.5322588318208439
}