{
  "f1": 0.5263157894736842,
  "roc_auc": 0.8039702233250621,
  "pr_auc": 0.4756619832009049
}