{
  "f1": 0.3076923076923077,
  "roc_auc": 0.7247863247863249,
  "pr_auc": 0.35616839009494383
}