{
  "f1": 0.25,
  "roc_auc": 0.6328125,
  "pr_auc": 0.2763088275005141
}