{
  "f1": 0.3684210526315789,
  "roc_auc": 0.6904761904761905,
  "pr_auc": 0.34423184568271536
}