{
  "f1": 0.5641025641025641,
  "roc_auc": 0.8638083228247163,
  "pr_auc": 0.5385242331186686
}