{
  "f1": 0.6808510638297872,
  "roc_auc": 0.9014354066985646,
  "pr_auc": 0.6313759863577995
}