{
  "f1": 0.46511627906976744,
  "roc_auc": 0.7141382868937048,
  "pr_auc": 0.4202835042823595
}