{
  "f1": 0.36363636363636365,
  "roc_auc": 0.6989247311827956,
  "pr_auc": 0.4327713070889251
}