{
  "f1": 0.43243243243243246,
  "roc_auc": 0.718362282878412,
  "pr_auc": 0.6035079996191144
}