{
  "f1": 0.4878048780487805,
  "roc_auc": 0.8089330024813896,
  "pr_auc": 0.5369458383122351
}