{
  "f1": 0.34285714285714286,
  "roc_auc": 0.6261538461538462,
  "pr_auc": 0.24246252436174498
}