{
  "f1": 0.47368421052631576,
  "roc_auc": 0.7954802259887006,
  "pr_auc": 0.5610324859275512
}