{
  "f1": 0.46808510638297873,
  "roc_auc": 0.7855555555555556,
  "pr_auc": 0.4465666524048818
}