{
  "f1": 0.3,
  "roc_auc": 0.5586734693877551,
  "pr_auc": 0.15583566459142495
}