{
  "f1": 0.4,
  "roc_auc": 0.8423076923076922,
  "pr_auc": 0.5694355921855921
}