{
  "f1": 0.2222222222222222,
  "roc_auc": 0.6000000000000001,
  "pr_auc": 0.20569843024250317
}