{
  "f1": 0.2,
  "roc_auc": 0.4771929824561404,
  "pr_auc": 0.27672591151878256
}