{
  "f1": 0.2857142857142857,
  "roc_auc": 0.6810344827586207,
  "pr_auc": 0.14343786295005806
}