{
  "f1": 0.125,
  "roc_auc": 0.6309523809523809,
  "pr_auc": 0.13827330077330077
}