{
  "f1": 0.35294117647058826,
  "roc_auc": 0.8491379310344827,
  "pr_auc": 0.446078431372549
}