{
  "f1": 0.42105263157894735,
  "roc_auc": 0.7463312368972747,
  "pr_auc": 0.4249085542627368
}