{
  "f1": 0.5333333333333333,
  "roc_auc": 0.8883116883116883,
  "pr_auc": 0.653061224489796
}