{
  "f1": 0.375,
  "roc_auc": 0.770408163265306,
  "pr_auc": 0.42270779279453713
}