{
  "f1": 0.3333333333333333,
  "roc_auc": 0.8022598870056497,
  "pr_auc": 0.22777777777777777
}