{
  "f1": 0.2222222222222222,
  "roc_auc": 0.7038961038961039,
  "pr_auc": 0.26736057672114383
}