{
  "f1": 0.4444444444444444,
  "roc_auc": 0.6545454545454545,
  "pr_auc": 0.564959004129511
}