{
  "f1": 0.0,
  "roc_auc": 0.4689265536723164,
  "pr_auc": 0.05757575757575758
}