{
  "f1": 0.3157894736842105,
  "roc_auc": 0.6769547325102881,
  "pr_auc": 0.38676835824511985
}