{
  "f1": 0.25,
  "roc_auc": 0.7738095238095238,
  "pr_auc": 0.265332926970858
}