{
  "f1": 0.2,
  "roc_auc": 0.6388888888888888,
  "pr_auc": 0.22570201206664414
}