{
  "f1": 0.125,
  "roc_auc": 0.6369047619047619,
  "pr_auc": 0.15555555555555556
}