{
  "f1": 0.23529411764705882,
  "roc_auc": 0.6896551724137931,
  "pr_auc": 0.19255744255744256
}