{
  "f1": 0.23529411764705882,
  "roc_auc": 0.5255102040816326,
  "pr_auc": 0.2159287641627805
}