{
  "f1": 0.2,
  "roc_auc": 0.8166666666666665,
  "pr_auc": 0.1508870214752568
}