{
  "f1": 0.15384615384615385,
  "roc_auc": 0.6228813559322034,
  "pr_auc": 0.32047014413177766
}