{
  "f1": 0.42857142857142855,
  "roc_auc": 0.7589285714285715,
  "pr_auc": 0.4768376068376068
}