{
  "f1": 0.2222222222222222,
  "roc_auc": 0.7112068965517242,
  "pr_auc": 0.15271260997067448
}