{
  "f1": 0.26666666666666666,
  "roc_auc": 0.8333333333333333,
  "pr_auc": 0.3090601668862538
}