{
  "f1": 0.2608695652173913,
  "roc_auc": 0.6131907308377896,
  "pr_auc": 0.387121536078317
}