{
  "f1": 0.11764705882352941,
  "roc_auc": 0.48587570621468923,
  "pr_auc": 0.0818696330991413
}