{
  "f1": 0.375,
  "roc_auc": 0.9378531073446328,
  "pr_auc": 0.35555555555555557
}