{
  "f1": 0.2,
  "roc_auc": 0.8192090395480226,
  "pr_auc": 0.20634920634920634
}