{
  "f1": 0.4444444444444444,
  "roc_auc": 0.8519480519480519,
  "pr_auc": 0.5401222651222651
}