{
  "f1": 0.0,
  "roc_auc": 0.4482758620689655,
  "pr_auc": 0.0788094074384397
}