{
  "f1": 0.2222222222222222,
  "roc_auc": 0.5932203389830508,
  "pr_auc": 0.3761904761904762
}