{
  "f1": 0.3157894736842105,
  "roc_auc": 0.7344827586206897,
  "pr_auc": 0.3753242835595777
}