{
  "f1": 0.2857142857142857,
  "roc_auc": 0.6041666666666667,
  "pr_auc": 0.18292208306463473
}