{
  "f1": 0.2857142857142857,
  "roc_auc": 0.7551020408163265,
  "pr_auc": 0.24523658925935965
}