{
  "f1": 0.26666666666666666,
  "roc_auc": 0.8017241379310345,
  "pr_auc": 0.25162337662337664
}