{
  "f1": 0.15384615384615385,
  "roc_auc": 0.7403508771929825,
  "pr_auc": 0.23612279881564593
}