{
  "f1": 0.2857142857142857,
  "roc_auc": 0.7038461538461538,
  "pr_auc": 0.3640071984752835
}