{
  "f1": 0.4,
  "roc_auc": 0.8452380952380951,
  "pr_auc": 0.5445480445480445
}