{
  "f1": 0.15384615384615385,
  "roc_auc": 0.6045197740112993,
  "pr_auc": 0.12103174603174603
}