{
  "f1": 0.46153846153846156,
  "roc_auc": 0.7327586206896552,
  "pr_auc": 0.27443181818181817
}