{
  "f1": 0.42857142857142855,
  "roc_auc": 0.7454545454545454,
  "pr_auc": 0.3850223290556315
}