{
  "f1": 0.2608695652173913,
  "roc_auc": 0.6807692307692308,
  "pr_auc": 0.4467331493558464
}