{
  "f1": 0.34782608695652173,
  "roc_auc": 0.6692307692307693,
  "pr_auc": 0.39254435107376284
}