{
  "f1": 0.3076923076923077,
  "roc_auc": 0.6175438596491228,
  "pr_auc": 0.29544159544159543
}