{
  "f1": 0.25,
  "roc_auc": 0.6807017543859649,
  "pr_auc": 0.1633937198067633
}