{
  "mean": 0.5265879186173303,
  "std": 0.15004555776219633,
  "dist": [
    0.625,
    0.625,
    0.5,
    0.4,
    0.5,
    0.5,
    0.6666666666666666,
    0.6666666666666666,
    0.25,
    0.5,
    0.3636363636363636,
    0.7,
    0.6,
    0.5,
    0.4444444444444444,
    0.6363636363636364,
    0.5454545454545454,
    0.5,
    0.5714285714285714,
    0.3333333333333333,
    0.4615384615384615,
    0.25,
    0.5454545454545454,
    0.6666666666666666,
    0.6666666666666666,
    0.5454545454545454,
    0.3529411764705882,
    0.5454545454545454,
    0.8,
    0.5,
    0.7142857142857143,
    0.5714285714285714,
    0.4615384615384615,
    0.4615384615384615,
    0.5,
    0.625,
    0.7058823529411765,
    0.4444444444444444,
    0.5454545454545454,
    0.2222222222222222,
    0.6666666666666666,
    0.5333333333333333,
    0.5882352941176471,
    0.5,
    0.4444444444444444,
    0.7272727272727273,
    0.6666666666666666,
    0.0,
    0.7272727272727273,
    0.4615384615384615
  ]
}