{
  "t_test": {
    "t_stat": 4.189605189325263,
    "p_value": 0.0001161499711410922
  },
  "wilcoxon": {
    "w_stat": 220.0,
    "p_value": 0.0002720907191821037
  }
}