{
  "mean": 0.49307940563048924,
  "std": 0.1578000568650486,
  "dist": [
    0.3636363636363636,
    0.5,
    0.5454545454545454,
    0.6,
    0.5454545454545454,
    0.6666666666666666,
    0.8,
    0.4444444444444444,
    0.3636363636363636,
    0.2222222222222222,
    0.5882352941176471,
    0.4,
    0.75,
    0.25,
    0.5,
    0.6666666666666666,
    0.6,
    0.6666666666666666,
    0.4615384615384615,
    0.0,
    0.5454545454545454,
    0.5454545454545454,
    0.5333333333333333,
    0.6666666666666666,
    0.25,
    0.5882352941176471,
    0.3333333333333333,
    0.3333333333333333,
    0.5714285714285714,
    0.5,
    0.25,
    0.5454545454545454,
    0.6,
    0.5,
    0.5714285714285714,
    0.3636363636363636,
    0.4,
    0.6,
    0.2857142857142857,
    0.7692307692307693,
    0.5,
    0.5555555555555556,
    0.5,
    0.3636363636363636,
    0.6666666666666666,
    0.5714285714285714,
    0.3333333333333333,
    0.4,
    0.631578947368421,
    0.4444444444444444
  ]
}