{
  "t_test": {
    "t_stat": 2.0539613856057928,
    "p_value": 0.04533477761428519
  },
  "wilcoxon": {
    "w_stat": 279.5,
    "p_value": 0.05034749873753599
  }
}