{
  "mean": 0.4589294561647502,
  "std": 0.17893261300431693,
  "dist": [
    0.2,
    0.5714285714285714,
    0.5454545454545454,
    0.6666666666666666,
    0.4,
    0.7272727272727273,
    0.6666666666666666,
    0.2222222222222222,
    0.4,
    0.25,
    0.5,
    0.4,
    0.6666666666666666,
    0.25,
    0.5,
    0.8,
    0.25,
    0.6666666666666666,
    0.5,
    0.0,
    0.3636363636363636,
    0.4,
    0.6153846153846154,
    0.6666666666666666,
    0.2857142857142857,
    0.4285714285714285,
    0.5,
    0.5,
    0.5,
    0.4444444444444444,
    0.2857142857142857,
    0.5,
    0.5,
    0.25,
    0.6666666666666666,
    0.4444444444444444,
    0.4444444444444444,
    0.4444444444444444,
    0.25,
    0.6666666666666666,
    0.2857142857142857,
    0.4705882352941176,
    0.5,
    0.4,
    0.8,
    0.6666666666666666,
    0.3333333333333333,
    0.2222222222222222,
    0.7058823529411765,
    0.2222222222222222
  ]
}