{
  "f1": 0.2222222222222222,
  "roc_auc": 0.7508771929824561,
  "pr_auc": 0.2766577540106952
}