{
  "f1": 0.48,
  "roc_auc": 0.8443877551020407,
  "pr_auc": 0.5105442176870748
}