{
  "f1": 0.2857142857142857,
  "roc_auc": 0.8060344827586208,
  "pr_auc": 0.2221944721944722
}