{
  "f1": 0.2222222222222222,
  "roc_auc": 0.8079096045197739,
  "pr_auc": 0.21017871017871018
}