{
  "f1": 0.2608695652173913,
  "roc_auc": 0.75,
  "pr_auc": 0.20773809523809522
}