{
  "f1": 0.42857142857142855,
  "roc_auc": 0.8346153846153846,
  "pr_auc": 0.4715079365079365
}