{
  "f1": 0.32,
  "roc_auc": 0.6493506493506493,
  "pr_auc": 0.5093830005120328
}