{
  "f1": 0.43478260869565216,
  "roc_auc": 0.8622448979591837,
  "pr_auc": 0.4241071428571428
}