{
  "f1": 0.18181818181818182,
  "roc_auc": 0.6398809523809523,
  "pr_auc": 0.14499291844493084
}