{
  "f1": 0.09523809523809523,
  "roc_auc": 0.6896551724137931,
  "pr_auc": 0.2094017094017094
}