{
  "f1": 0.2962962962962963,
  "roc_auc": 0.5918003565062389,
  "pr_auc": 0.33917760659868157
}