{
  "f1": 0.25,
  "roc_auc": 0.6785714285714286,
  "pr_auc": 0.4272144822841417
}