{
  "f1": 0.3,
  "roc_auc": 0.8025974025974025,
  "pr_auc": 0.5679926560587515
}