{
  "f1": 0.23529411764705882,
  "roc_auc": 0.7482758620689656,
  "pr_auc": 0.2905123339658444
}