{
  "f1": 0.15384615384615385,
  "roc_auc": 0.5789473684210527,
  "pr_auc": 0.28976787073356364
}