{
  "f1": 0.23529411764705882,
  "roc_auc": 0.5943877551020408,
  "pr_auc": 0.33518073896225153
}