{
  "f1": 0.4,
  "roc_auc": 0.8275862068965518,
  "pr_auc": 0.6141414141414141
}