{
  "f1": 0.18181818181818182,
  "roc_auc": 0.6185383244206774,
  "pr_auc": 0.35246225120271135
}