{
  "f1": 0.25,
  "roc_auc": 0.788135593220339,
  "pr_auc": 0.25466200466200467
}