{
  "f1": 0.4,
  "roc_auc": 0.7756813417190775,
  "pr_auc": 0.5408298524087998
}