{
  "f1": 0.42105263157894735,
  "roc_auc": 0.8,
  "pr_auc": 0.29962037962037963
}