{
  "f1": 0.2222222222222222,
  "roc_auc": 0.5892857142857142,
  "pr_auc": 0.29787506400409625
}