{
  "f1": 0.2857142857142857,
  "roc_auc": 0.7672413793103448,
  "pr_auc": 0.17464985994397758
}