{
  "f1": 0.3333333333333333,
  "roc_auc": 0.7529761904761905,
  "pr_auc": 0.5878455155647164
}