{
  "f1": 0.18181818181818182,
  "roc_auc": 0.6666666666666666,
  "pr_auc": 0.38446969696969696
}