{
  "f1": 0.1111111111111111,
  "roc_auc": 0.6440677966101696,
  "pr_auc": 0.08404503105590061
}