{
  "f1": 0.26666666666666666,
  "roc_auc": 0.8275862068965517,
  "pr_auc": 0.33448275862068966
}