{
  "f1": 0.2222222222222222,
  "roc_auc": 0.6805194805194805,
  "pr_auc": 0.20261507902703918
}