{
  "f1": 0.18181818181818182,
  "roc_auc": 0.5517241379310345,
  "pr_auc": 0.11083788706739525
}