{
  "f1": 0.2222222222222222,
  "roc_auc": 0.8060344827586208,
  "pr_auc": 0.32125000000000004
}