{
  "f1": 0.46153846153846156,
  "roc_auc": 0.8663793103448276,
  "pr_auc": 0.634469696969697
}