{
  "f1": 0.13333333333333333,
  "roc_auc": 0.7062146892655368,
  "pr_auc": 0.39220779220779217
}