{
  "f1": 0.4,
  "roc_auc": 0.8163265306122449,
  "pr_auc": 0.4671357506213188
}