{
  "f1": 0.4,
  "roc_auc": 0.8519480519480519,
  "pr_auc": 0.5638417529173831
}