{
  "f1": 0.2857142857142857,
  "roc_auc": 0.6884615384615383,
  "pr_auc": 0.3872403886103577
}