{
  "f1": 0.5882352941176471,
  "roc_auc": 0.8065843621399177,
  "pr_auc": 0.5414044139850591
}