{
  "f1": 0.26666666666666666,
  "roc_auc": 0.7291666666666667,
  "pr_auc": 0.23975008379420143
}