{
  "f1": 0.3333333333333333,
  "roc_auc": 0.672316384180791,
  "pr_auc": 0.2596086652690426
}