{
  "f1": 0.5,
  "roc_auc": 0.6807692307692308,
  "pr_auc": 0.4873270948164211
}