{
  "f1": 0.23076923076923078,
  "roc_auc": 0.6346153846153846,
  "pr_auc": 0.3629641791508723
}