{
  "f1": 0.3076923076923077,
  "roc_auc": 0.7157894736842105,
  "pr_auc": 0.41253968253968254
}