{
  "f1": 0.11764705882352941,
  "roc_auc": 0.3785310734463277,
  "pr_auc": 0.195616211745244
}