{
  "f1": 0.25,
  "roc_auc": 0.7844827586206897,
  "pr_auc": 0.29890202702702706
}