{
  "f1": 0.42857142857142855,
  "roc_auc": 0.7473684210526316,
  "pr_auc": 0.35478260869565215
}