{
  "f1": 0.36363636363636365,
  "roc_auc": 0.8277777777777777,
  "pr_auc": 0.45238095238095233
}