{
  "f1": 0.23529411764705882,
  "roc_auc": 0.75,
  "pr_auc": 0.24945523516157553
}