{
  "f1": 0.3076923076923077,
  "roc_auc": 0.8813559322033897,
  "pr_auc": 0.5142857142857142
}