{
  "f1": 0.3333333333333333,
  "roc_auc": 0.6,
  "pr_auc": 0.4110398125346984
}