{
  "f1": 0.5263157894736842,
  "roc_auc": 0.8596938775510203,
  "pr_auc": 0.6723942723942724
}