{
  "f1": 0.3,
  "roc_auc": 0.96045197740113,
  "pr_auc": 0.7666666666666666
}