{
  "f1": 0.375,
  "roc_auc": 0.761038961038961,
  "pr_auc": 0.4430405012246444
}