{
  "f1": 0.23529411764705882,
  "roc_auc": 0.6280701754385964,
  "pr_auc": 0.32197619047619047
}