{
  "f1": 0.36363636363636365,
  "roc_auc": 0.8192090395480226,
  "pr_auc": 0.6952380952380952
}