{
  "f1": 0.2222222222222222,
  "roc_auc": 0.5357142857142857,
  "pr_auc": 0.3143016006924282
}