{
  "f1": 0.3,
  "roc_auc": 0.7708333333333333,
  "pr_auc": 0.21365995115995115
}