{
  "f1": 0.23529411764705882,
  "roc_auc": 0.7241379310344828,
  "pr_auc": 0.272859143657463
}