{
  "f1": 0.4,
  "roc_auc": 0.7546296296296295,
  "pr_auc": 0.4674682088744589
}