{
  "f1": 0.47058823529411764,
  "roc_auc": 0.8720238095238095,
  "pr_auc": 0.7024216524216523
}