{
  "f1": 0.43478260869565216,
  "roc_auc": 0.8038461538461538,
  "pr_auc": 0.5649108138238572
}