{
  "mean": 0.48428138528138526,
  "std": 0.15543138512342525,
  "dist": [
    0.4,
    0.6666666666666666,
    0.5,
    0.6666666666666666,
    0.3333333333333333,
    0.5454545454545454,
    0.6,
    0.4,
    0.4,
    0.5,
    0.5333333333333333,
    0.6,
    0.75,
    0.2222222222222222,
    0.2857142857142857,
    0.5454545454545454,
    0.4444444444444444,
    0.5714285714285714,
    0.5,
    0.3333333333333333,
    0.2222222222222222,
    0.6,
    0.6666666666666666,
    0.5714285714285714,
    0.25,
    0.4,
    0.6666666666666666,
    0.4444444444444444,
    0.5714285714285714,
    0.5,
    0.2857142857142857,
    0.4,
    0.3636363636363636,
    0.6666666666666666,
    0.6666666666666666,
    0.8571428571428571,
    0.4,
    0.4,
    0.2,
    0.6666666666666666,
    0.5,
    0.6666666666666666,
    0.4,
    0.25,
    0.5,
    0.4,
    0.2857142857142857,
    0.4,
    0.7142857142857143,
    0.5
  ]
}