{
  "t_test": {
    "t_stat": -0.5107581446418427,
    "p_value": 0.6118139983756807
  },
  "wilcoxon": {
    "w_stat": 470.5,
    "p_value": 0.4443334745446895
  }
}