{
  "mean": 0.3503237285590227,
  "std": 0.1817381185635097,
  "dist": [
    0.1666666666666666,
    0.4,
    0.5,
    0.4444444444444444,
    0.3636363636363636,
    0.2857142857142857,
    0.4,
    0.4,
    0.5714285714285714,
    0.1818181818181818,
    0.4444444444444444,
    0.25,
    0.5882352941176471,
    0.3333333333333333,
    0.1538461538461538,
    0.1666666666666666,
    0.5,
    0.0,
    0.4285714285714285,
    0.5454545454545454,
    0.3333333333333333,
    0.5,
    0.375,
    0.0,
    0.4444444444444444,
    0.1666666666666666,
    0.6153846153846154,
    0.5555555555555556,
    0.1818181818181818,
    0.0,
    0.2857142857142857,
    0.4444444444444444,
    0.5,
    0.5454545454545454,
    0.0,
    0.5714285714285714,
    0.5,
    0.1428571428571428,
    0.0,
    0.6666666666666666,
    0.3636363636363636,
    0.4,
    0.4615384615384615,
    0.2222222222222222,
    0.375,
    0.2222222222222222,
    0.3636363636363636,
    0.4,
    0.1666666666666666,
    0.5882352941176471
  ]
}