{
  "t_test": {
    "t_stat": -2.3920950247543358,
    "p_value": 0.020633264552593657
  },
  "wilcoxon": {
    "w_stat": 168.5,
    "p_value": 0.04535827451189128
  }
}