{
  "f1": 0.6666666666666666,
  "roc_auc": 0.872549019607843,
  "pr_auc": 0.6362794612794612
}