{
  "f1": 0.6,
  "roc_auc": 0.6470588235294117,
  "pr_auc": 0.6684782608695652
}