{
  "f1": 0.3076923076923077,
  "roc_auc": 0.6583333333333333,
  "pr_auc": 0.590079365079365
}