{
  "f1": 0.7272727272727273,
  "roc_auc": 0.8,
  "pr_auc": 0.8416666666666667
}