{
  "f1": 0.6060606060606061,
  "roc_auc": 0.8431372549019608,
  "pr_auc": 0.5548152004254022
}