{
  "f1": 0.38461538461538464,
  "roc_auc": 0.7251521298174443,
  "pr_auc": 0.4613116064240632
}