{
  "f1": 0.3225806451612903,
  "roc_auc": 0.7124756335282652,
  "pr_auc": 0.525924870100188
}