{
  "f1": 0.38461538461538464,
  "roc_auc": 0.6222222222222222,
  "pr_auc": 0.32336969023950635
}