{
  "f1": 0.4666666666666667,
  "roc_auc": 0.7301387137452712,
  "pr_auc": 0.469600728213788
}