{
  "f1": 0.6046511627906976,
  "roc_auc": 0.8230008984725965,
  "pr_auc": 0.7060100213916711
}