{
  "f1": 0.5161290322580645,
  "roc_auc": 0.7033898305084746,
  "pr_auc": 0.4102768768585253
}