{
  "f1": 0.4375,
  "roc_auc": 0.7213114754098361,
  "pr_auc": 0.3224580397173564
}