{
  "f1": 0.45714285714285713,
  "roc_auc": 0.7807017543859649,
  "pr_auc": 0.5333882594008528
}