{
  "f1": 0.32432432432432434,
  "roc_auc": 0.654320987654321,
  "pr_auc": 0.39091632165311985
}