{
  "f1": 0.4444444444444444,
  "roc_auc": 0.7033492822966507,
  "pr_auc": 0.5453581213377986
}