{
  "f1": 0.25,
  "roc_auc": 0.6904761904761905,
  "pr_auc": 0.4168190700214772
}