{
  "f1": 0.65,
  "roc_auc": 0.8668430335097002,
  "pr_auc": 0.7991152490026403
}