{
  "f1": 0.5405405405405406,
  "roc_auc": 0.6777777777777778,
  "pr_auc": 0.5320931913118275
}