{
  "f1": 0.45714285714285713,
  "roc_auc": 0.7192796610169491,
  "pr_auc": 0.4684547900612722
}