{
  "f1": 0.55,
  "roc_auc": 0.7781217750257998,
  "pr_auc": 0.5864578156315394
}