{
  "f1": 0.6153846153846154,
  "roc_auc": 0.8218694885361553,
  "pr_auc": 0.6771989527915137
}