{
  "f1": 0.7741935483870968,
  "roc_auc": 0.9203747072599532,
  "pr_auc": 0.6839634105390408
}