{
  "f1": 0.35294117647058826,
  "roc_auc": 0.6858757062146892,
  "pr_auc": 0.4476559554459396
}