{
  "f1": 0.32,
  "roc_auc": 0.6030769230769231,
  "pr_auc": 0.3336965233708509
}