{
  "f1": 0.5454545454545454,
  "roc_auc": 0.7605932203389831,
  "pr_auc": 0.5017954228783639
}