{
  "f1": 0.5,
  "roc_auc": 0.7310405643738976,
  "pr_auc": 0.4829579623870716
}