{
  "f1": 0.5161290322580645,
  "roc_auc": 0.7309322033898304,
  "pr_auc": 0.5781145560775484
}