{
  "f1": 0.5517241379310345,
  "roc_auc": 0.7965260545905708,
  "pr_auc": 0.5699101991522806
}