{
  "f1": 0.47058823529411764,
  "roc_auc": 0.6795131845841785,
  "pr_auc": 0.4813547145008707
}