{
  "f1": 0.3333333333333333,
  "roc_auc": 0.6809583858764187,
  "pr_auc": 0.4069512260463498
}