{
  "f1": 0.4375,
  "roc_auc": 0.768888888888889,
  "pr_auc": 0.6083172339422294
}