{
  "f1": 0.5925925925925926,
  "roc_auc": 0.8636363636363636,
  "pr_auc": 0.5661027158807403
}