{
  "f1": 0.5,
  "roc_auc": 0.81875,
  "pr_auc": 0.5639666928996614
}