{
  "f1": 0.45161290322580644,
  "roc_auc": 0.7444444444444446,
  "pr_auc": 0.5579771864653154
}