{
  "f1": 0.5,
  "roc_auc": 0.7977401129943502,
  "pr_auc": 0.5230694472165061
}