{
  "f1": 0.3076923076923077,
  "roc_auc": 0.6836228287841191,
  "pr_auc": 0.3522824781488211
}