{
  "f1": 0.3333333333333333,
  "roc_auc": 0.5800000000000001,
  "pr_auc": 0.3617569746578383
}