{
  "f1": 0.4,
  "roc_auc": 0.6238095238095238,
  "pr_auc": 0.381649990721855
}