{
  "f1": 0.5,
  "roc_auc": 0.7630272952853598,
  "pr_auc": 0.4439971227525325
}