{
  "f1": 0.5,
  "roc_auc": 0.7318501170960188,
  "pr_auc": 0.48811883408918444
}