{
  "f1": 0.6666666666666666,
  "roc_auc": 0.7748015873015873,
  "pr_auc": 0.6217438558549628
}