{
  "f1": 0.6486486486486487,
  "roc_auc": 0.8531073446327684,
  "pr_auc": 0.762787053751966
}