{
  "f1": 0.5,
  "roc_auc": 0.8027295285359801,
  "pr_auc": 0.5562447074907966
}