{
  "f1": 0.6470588235294118,
  "roc_auc": 0.7971291866028708,
  "pr_auc": 0.5912790586698796
}