{
  "f1": 0.4375,
  "roc_auc": 0.7251521298174443,
  "pr_auc": 0.49114860441671526
}