{
  "f1": 0.3333333333333333,
  "roc_auc": 0.6144067796610169,
  "pr_auc": 0.4304629300992383
}