{
  "f1": 0.5405405405405406,
  "roc_auc": 0.7543859649122806,
  "pr_auc": 0.6090734070801206
}