{
  "f1": 0.5,
  "roc_auc": 0.6588089330024813,
  "pr_auc": 0.37538144954196395
}