{
  "f1": 0.3333333333333333,
  "roc_auc": 0.6809583858764187,
  "pr_auc": 0.40695122604634976
}