{
  "f1": 0.3333333333333333,
  "roc_auc": 0.6497175141242939,
  "pr_auc": 0.4327336823129929
}