{
  "f1": 0.4878048780487805,
  "roc_auc": 0.7232704402515723,
  "pr_auc": 0.530777287856503
}