{
  "f1": 0.42424242424242425,
  "roc_auc": 0.7321428571428572,
  "pr_auc": 0.46217037665450367
}