{
  "f1": 0.5142857142857142,
  "roc_auc": 0.7103174603174603,
  "pr_auc": 0.5287240161940877
}