{
  "f1": 0.5,
  "roc_auc": 0.8077777777777777,
  "pr_auc": 0.4725565253792837
}