{
  "f1": 0.45454545454545453,
  "roc_auc": 0.7328042328042328,
  "pr_auc": 0.4208665143407791
}