{
  "mean": 0.3081458725313215,
  "std": 0.1384694851521047,
  "dist": [
    0.4705882352941176,
    0.1176470588235294,
    0.3333333333333333,
    0.2222222222222222,
    0.4444444444444444,
    0.2,
    0.2222222222222222,
    0.375,
    0.3076923076923077,
    0.375,
    0.375,
    0.2,
    0.4444444444444444,
    0.3333333333333333,
    0.2352941176470588,
    0.3076923076923077,
    0.0,
    0.4285714285714285,
    0.4,
    0.3636363636363636,
    0.2857142857142857,
    0.5263157894736842,
    0.4,
    0.0,
    0.1333333333333333,
    0.3636363636363636,
    0.5454545454545454,
    0.3636363636363636,
    0.1428571428571428,
    0.2352941176470588,
    0.2857142857142857,
    0.1538461538461538,
    0.5714285714285714,
    0.2666666666666666,
    0.25,
    0.25,
    0.1428571428571428,
    0.3333333333333333,
    0.6153846153846154,
    0.1818181818181818,
    0.5333333333333333,
    0.3636363636363636,
    0.1052631578947368,
    0.4,
    0.2222222222222222,
    0.4,
    0.1666666666666666,
    0.3636363636363636,
    0.3333333333333333,
    0.3157894736842105
  ]
}