{
  "t_test": {
    "t_stat": 2.8886274173646123,
    "p_value": 0.00574657646820078
  },
  "wilcoxon": {
    "w_stat": 364.0,
    "p_value": 0.013437884434267699
  }
}