{
  "mean": 0.251011728725351,
  "std": 0.1429849345983008,
  "dist": [
    0.4444444444444444,
    0.1904761904761904,
    0.1538461538461538,
    0.2,
    0.2666666666666666,
    0.1818181818181818,
    0.1666666666666666,
    0.3157894736842105,
    0.25,
    0.3157894736842105,
    0.1176470588235294,
    0.125,
    0.4615384615384615,
    0.3076923076923077,
    0.3333333333333333,
    0.2352941176470588,
    0.0,
    0.1428571428571428,
    0.4444444444444444,
    0.375,
    0.2352941176470588,
    0.3,
    0.1666666666666666,
    0.2222222222222222,
    0.3157894736842105,
    0.2666666666666666,
    0.3076923076923077,
    0.4705882352941176,
    0.2222222222222222,
    0.0,
    0.4210526315789473,
    0.0,
    0.3529411764705882,
    0.1333333333333333,
    0.3636363636363636,
    0.0,
    0.1176470588235294,
    0.4,
    0.4,
    0.2666666666666666,
    0.625,
    0.3076923076923077,
    0.1666666666666666,
    0.1428571428571428,
    0.0,
    0.2,
    0.2666666666666666,
    0.1176470588235294,
    0.5333333333333333,
    0.2
  ]
}