{
  "t_test": {
    "t_stat": 4.431261929577518,
    "p_value": 5.26561646833387e-05
  },
  "wilcoxon": {
    "w_stat": 104.0,
    "p_value": 3.901735476656978e-05
  }
}