{
  "f1": 0.2857142857142857,
  "roc_auc": 0.8203125,
  "pr_auc": 0.3833333333333333
}