{
  "f1": 0.16666666666666666,
  "roc_auc": 0.71875,
  "pr_auc": 0.39786967418546365
}