{
  "f1": 0.5,
  "roc_auc": 0.7276785714285714,
  "pr_auc": 0.5260995370370369
}