{
  "f1": 0.46153846153846156,
  "roc_auc": 0.7767857142857143,
  "pr_auc": 0.6137695637695637
}