{
  "f1": 0.5,
  "roc_auc": 0.6785714285714286,
  "pr_auc": 0.5451833291507204
}