{
  "f1": 0.36363636363636365,
  "roc_auc": 0.6157635467980296,
  "pr_auc": 0.4250751879699248
}