{
  "f1": 0.25,
  "roc_auc": 0.5656565656565656,
  "pr_auc": 0.4023188405797101
}