{
  "f1": 0.36363636363636365,
  "roc_auc": 0.6258064516129032,
  "pr_auc": 0.2882527944239024
}