{
  "f1": 0.3076923076923077,
  "roc_auc": 0.7044334975369458,
  "pr_auc": 0.47265521593252685
}