{
  "f1": 0.25,
  "roc_auc": 0.7272727272727273,
  "pr_auc": 0.45088566827697263
}