{
  "f1": 0.2222222222222222,
  "roc_auc": 0.6484375,
  "pr_auc": 0.41363636363636364
}