{
  "f1": 0.15384615384615385,
  "roc_auc": 0.5078125,
  "pr_auc": 0.16346153846153846
}