{
  "f1": 0.0,
  "roc_auc": 0.4848484848484848,
  "pr_auc": 0.11030982905982906
}