{
  "f1": 0.0,
  "roc_auc": 0.7222222222222223,
  "pr_auc": 0.27660533910533913
}