{
  "f1": 0.2,
  "roc_auc": 0.5935483870967743,
  "pr_auc": 0.215452847805789
}