{
  "f1": 0.3076923076923077,
  "roc_auc": 0.7055555555555555,
  "pr_auc": 0.45746031746031746
}