{
  "f1": 0.25,
  "roc_auc": 0.6484375,
  "pr_auc": 0.2764423076923077
}