{
  "f1": 0.2857142857142857,
  "roc_auc": 0.8322580645161292,
  "pr_auc": 0.525974025974026
}