{
  "f1": 0.0,
  "roc_auc": 0.4453125,
  "pr_auc": 0.12061223090634855
}