{
  "f1": 0.0,
  "roc_auc": 0.404040404040404,
  "pr_auc": 0.08817340067340068
}