{
  "f1": 0.36363636363636365,
  "roc_auc": 0.5960591133004927,
  "pr_auc": 0.4592411510058569
}