{
  "f1": 0.5714285714285714,
  "roc_auc": 0.8722222222222222,
  "pr_auc": 0.71504329004329
}