{
  "f1": 0.0,
  "roc_auc": 0.5833333333333334,
  "pr_auc": 0.22804285086893783
}