{
  "f1": 0.375,
  "roc_auc": 0.7931034482758621,
  "pr_auc": 0.4788239538239538
}