{
  "f1": 0.25,
  "roc_auc": 0.6516129032258066,
  "pr_auc": 0.32556561085972857
}