{
  "f1": 0.2222222222222222,
  "roc_auc": 0.5812807881773399,
  "pr_auc": 0.35415939900681165
}