{
  "f1": 0.2222222222222222,
  "roc_auc": 0.6611111111111111,
  "pr_auc": 0.4254475703324808
}