{
  "f1": 0.46153846153846156,
  "roc_auc": 0.8,
  "pr_auc": 0.5876190476190476
}