{
  "f1": 0.16666666666666666,
  "roc_auc": 0.7111111111111111,
  "pr_auc": 0.27070517202096145
}