{
  "f1": 0.36363636363636365,
  "roc_auc": 0.7166666666666667,
  "pr_auc": 0.5299854041233352
}