{
  "f1": 0.8,
  "roc_auc": 0.9556650246305419,
  "pr_auc": 0.8612768184196755
}