{
  "f1": 0.2222222222222222,
  "roc_auc": 0.8387096774193549,
  "pr_auc": 0.39722222222222225
}