{
  "f1": 0.5714285714285714,
  "roc_auc": 0.7733990147783251,
  "pr_auc": 0.5998368938218561
}