{
  "f1": 0.4,
  "roc_auc": 0.7290322580645161,
  "pr_auc": 0.3092142120005897
}