{
  "f1": 0.6153846153846154,
  "roc_auc": 0.8777777777777778,
  "pr_auc": 0.6299603174603174
}