{
  "f1": 0.375,
  "roc_auc": 0.7777777777777778,
  "pr_auc": 0.5111408199643493
}