{
  "f1": 0.4,
  "roc_auc": 0.6888888888888888,
  "pr_auc": 0.4824079302340172
}