{
  "f1": 0.36363636363636365,
  "roc_auc": 0.7944444444444445,
  "pr_auc": 0.42927211677211674
}