{
  "f1": 0.15384615384615385,
  "roc_auc": 0.7373737373737373,
  "pr_auc": 0.27990430622009566
}