{
  "f1": 0.2222222222222222,
  "roc_auc": 0.7373737373737373,
  "pr_auc": 0.27990430622009566
}