{
  "f1": 0.18181818181818182,
  "roc_auc": 0.8529411764705882,
  "pr_auc": 0.5833333333333334
}