{
  "f1": 0.2222222222222222,
  "roc_auc": 0.8580645161290323,
  "pr_auc": 0.4038095238095238
}