{
  "f1": 0.5454545454545454,
  "roc_auc": 0.9483870967741935,
  "pr_auc": 0.7592857142857143
}