{
  "f1": 0.3076923076923077,
  "roc_auc": 0.8451612903225807,
  "pr_auc": 0.598095238095238
}