{
  "f1": 0.36363636363636365,
  "roc_auc": 0.8359375,
  "pr_auc": 0.3047619047619048
}