{
  "f1": 0.2,
  "roc_auc": 0.765625,
  "pr_auc": 0.24162087912087912
}