{
  "f1": 0.2222222222222222,
  "roc_auc": 0.9117647058823529,
  "pr_auc": 0.625
}