{
  "f1": 0.18181818181818182,
  "roc_auc": 0.8181818181818182,
  "pr_auc": 0.47883597883597884
}