{
  "f1": 0.7272727272727273,
  "roc_auc": 0.9765625,
  "pr_auc": 0.8928571428571428
}