{
  "f1": 0.2222222222222222,
  "roc_auc": 0.8383838383838383,
  "pr_auc": 0.26190476190476186
}