{
  "f1": 0.0,
  "roc_auc": 0.8282828282828283,
  "pr_auc": 0.2507936507936508
}