{
  "f1": 0.5,
  "roc_auc": 0.890625,
  "pr_auc": 0.6916666666666667
}