{
  "f1": 0.2222222222222222,
  "roc_auc": 0.898989898989899,
  "pr_auc": 0.5535714285714286
}