{
  "f1": 0.36363636363636365,
  "roc_auc": 0.8888888888888888,
  "pr_auc": 0.5833333333333333
}