{
  "f1": 0.3333333333333333,
  "roc_auc": 0.8787878787878788,
  "pr_auc": 0.3686868686868687
}