{
  "f1": 0.2222222222222222,
  "roc_auc": 0.7794117647058824,
  "pr_auc": 0.5588235294117647
}