{
  "f1": 0.36363636363636365,
  "roc_auc": 0.926470588235294,
  "pr_auc": 0.6428571428571428
}