{
  "f1": 0.5714285714285714,
  "roc_auc": 0.8240740740740741,
  "pr_auc": 0.7224358974358974
}