{
  "f1": 0.2222222222222222,
  "roc_auc": 0.5921052631578947,
  "pr_auc": 0.2791666666666667
}