{
  "f1": 0.2857142857142857,
  "roc_auc": 0.8095238095238095,
  "pr_auc": 0.6
}