{
  "f1": 0.5714285714285714,
  "roc_auc": 0.8515625,
  "pr_auc": 0.7970508658008658
}