{
  "f1": 0.42857142857142855,
  "roc_auc": 0.6964285714285714,
  "pr_auc": 0.5517617303331589
}