{
  "f1": 0.5,
  "roc_auc": 0.868421052631579,
  "pr_auc": 0.6575757575757576
}