{
  "f1": 0.5,
  "roc_auc": 0.7894736842105263,
  "pr_auc": 0.5409090909090909
}