{
  "f1": 0.2222222222222222,
  "roc_auc": 0.6710526315789473,
  "pr_auc": 0.46388888888888885
}