{
  "f1": 0.4444444444444444,
  "roc_auc": 0.8157894736842105,
  "pr_auc": 0.47632575757575757
}