{
  "f1": 0.5,
  "roc_auc": 0.8431372549019608,
  "pr_auc": 0.7435897435897436
}