{
  "f1": 0.5714285714285714,
  "roc_auc": 0.7875,
  "pr_auc": 0.6464285714285714
}