{
  "f1": 0.36363636363636365,
  "roc_auc": 0.7450980392156863,
  "pr_auc": 0.5896825396825397
}