{
  "f1": 0.5454545454545454,
  "roc_auc": 0.8777777777777778,
  "pr_auc": 0.7142857142857142
}