{
  "f1": 0.4,
  "roc_auc": 0.7222222222222222,
  "pr_auc": 0.5952272727272727
}