{
  "f1": 0.5454545454545454,
  "roc_auc": 0.7407407407407408,
  "pr_auc": 0.6807692307692308
}