{
  "f1": 0.4444444444444444,
  "roc_auc": 0.631578947368421,
  "pr_auc": 0.3431818181818182
}