{
  "f1": 0.36363636363636365,
  "roc_auc": 0.6851851851851852,
  "pr_auc": 0.580104106419896
}