{
  "f1": 0.5454545454545454,
  "roc_auc": 0.8137254901960784,
  "pr_auc": 0.6785714285714285
}