{
  "f1": 0.8,
  "roc_auc": 0.905263157894737,
  "pr_auc": 0.8714285714285714
}