{
  "f1": 0.3333333333333333,
  "roc_auc": 0.8636363636363636,
  "pr_auc": 0.25
}