{
  "f1": 0.42105263157894735,
  "roc_auc": 0.8,
  "pr_auc": 0.5999052761201098
}