{
  "f1": 0.5,
  "roc_auc": 0.9741935483870968,
  "pr_auc": 0.8761904761904762
}