{
  "f1": 0.13333333333333333,
  "roc_auc": 0.4921875,
  "pr_auc": 0.13850267379679143
}