{
  "f1": 0.3157894736842105,
  "roc_auc": 0.7722222222222221,
  "pr_auc": 0.5193121693121693
}