{
  "f1": 0.2857142857142857,
  "roc_auc": 0.5172413793103448,
  "pr_auc": 0.31868747498999594
}