{
  "f1": 0.0,
  "roc_auc": 0.3737373737373737,
  "pr_auc": 0.08862044817927171
}