{
  "f1": 0.42105263157894735,
  "roc_auc": 0.7684729064039408,
  "pr_auc": 0.5908963585434174
}