{
  "f1": 0.26666666666666666,
  "roc_auc": 0.8813559322033899,
  "pr_auc": 0.2492063492063492
}