{
  "f1": 0.2222222222222222,
  "roc_auc": 0.6597402597402596,
  "pr_auc": 0.19077764699884514
}