{
  "f1": 0.6153846153846154,
  "roc_auc": 0.7648809523809523,
  "pr_auc": 0.711111111111111
}