{
  "f1": 0.5,
  "roc_auc": 0.7758620689655172,
  "pr_auc": 0.3783333333333333
}