{
  "f1": 0.14285714285714285,
  "roc_auc": 0.6964285714285714,
  "pr_auc": 0.18219818962572587
}