{
  "f1": 0.23529411764705882,
  "roc_auc": 0.6785714285714285,
  "pr_auc": 0.2909950222367949
}