{
  "f1": 0.5263157894736842,
  "roc_auc": 0.7695473251028806,
  "pr_auc": 0.5402320570629273
}