{
  "f1": 0.3333333333333333,
  "roc_auc": 0.6982758620689655,
  "pr_auc": 0.36163153786104607
}