{
  "f1": 0.35294117647058826,
  "roc_auc": 0.7474489795918368,
  "pr_auc": 0.4495337995337995
}