{
  "f1": 0.3076923076923077,
  "roc_auc": 0.6805555555555556,
  "pr_auc": 0.3385367681099388
}