{
  "f1": 0.46153846153846156,
  "roc_auc": 0.6696428571428571,
  "pr_auc": 0.4683845092957397
}