{
  "f1": 0.2857142857142857,
  "roc_auc": 0.5943877551020408,
  "pr_auc": 0.23127962157209003
}