{
  "f1": 0.35294117647058826,
  "roc_auc": 0.7246753246753247,
  "pr_auc": 0.3375584468021443
}