{
  "f1": 0.14285714285714285,
  "roc_auc": 0.5948275862068966,
  "pr_auc": 0.12026335733232285
}