{
  "f1": 0.14285714285714285,
  "roc_auc": 0.6726190476190476,
  "pr_auc": 0.2513862276157358
}