{
  "f1": 0.375,
  "roc_auc": 0.7559523809523809,
  "pr_auc": 0.4273467432950192
}