{
  "f1": 0.0,
  "roc_auc": 0.24858757062146888,
  "pr_auc": 0.04602307225258045
}