{
  "f1": 0.36363636363636365,
  "roc_auc": 0.6596491228070176,
  "pr_auc": 0.48861566484517305
}