{
  "f1": 0.3333333333333333,
  "roc_auc": 0.648076923076923,
  "pr_auc": 0.4058194849279241
}