{
  "f1": 0.47619047619047616,
  "roc_auc": 0.7400419287211739,
  "pr_auc": 0.5469041898709418
}