{
  "f1": 0.3333333333333333,
  "roc_auc": 0.7655172413793103,
  "pr_auc": 0.25350649350649346
}