{
  "f1": 0.1,
  "roc_auc": 0.573076923076923,
  "pr_auc": 0.19716331698885323
}