{
  "f1": 0.26666666666666666,
  "roc_auc": 0.7025862068965517,
  "pr_auc": 0.24626314545669384
}