{
  "f1": 0.26666666666666666,
  "roc_auc": 0.5863095238095238,
  "pr_auc": 0.22559467368789404
}