{
  "f1": 0.3333333333333333,
  "roc_auc": 0.5246753246753246,
  "pr_auc": 0.32514893715841364
}