{
  "f1": 0.18181818181818182,
  "roc_auc": 0.7005649717514124,
  "pr_auc": 0.4208333333333333
}