{
  "f1": 0.4,
  "roc_auc": 0.7442307692307693,
  "pr_auc": 0.4863577919990649
}