{
  "f1": 0.11764705882352941,
  "roc_auc": 0.5807692307692308,
  "pr_auc": 0.2393567187851296
}