{
  "f1": 0.3,
  "roc_auc": 0.5757575757575758,
  "pr_auc": 0.38960368185622585
}