{
  "f1": 0.0,
  "roc_auc": 0.46666666666666673,
  "pr_auc": 0.08971494437834707
}