{
  "f1": 0.47058823529411764,
  "roc_auc": 0.7729591836734694,
  "pr_auc": 0.5794018508304222
}