{
  "f1": 0.26666666666666666,
  "roc_auc": 0.7034482758620689,
  "pr_auc": 0.3671794871794872
}