{
  "f1": 0.5,
  "roc_auc": 0.8318965517241379,
  "pr_auc": 0.6285569105691057
}