{
  "f1": 0.2,
  "roc_auc": 0.7344632768361582,
  "pr_auc": 0.23136645962732919
}