{
  "f1": 0.3333333333333333,
  "roc_auc": 0.8836206896551725,
  "pr_auc": 0.3244047619047619
}