{
  "f1": 0.25,
  "roc_auc": 0.4912280701754386,
  "pr_auc": 0.18088381330685205
}