{
  "f1": 0.16666666666666666,
  "roc_auc": 0.6483050847457628,
  "pr_auc": 0.3424865831842576
}