{
  "f1": 0.11764705882352941,
  "roc_auc": 0.44642857142857145,
  "pr_auc": 0.14552408623056226
}