{
  "f1": 0.2857142857142857,
  "roc_auc": 0.6934523809523809,
  "pr_auc": 0.22362982929020664
}