{
  "f1": 0.16666666666666666,
  "roc_auc": 0.6070175438596491,
  "pr_auc": 0.19291861761426982
}