{
  "f1": 0.5,
  "roc_auc": 0.7766233766233767,
  "pr_auc": 0.4036410018552875
}