{
  "f1": 0.2857142857142857,
  "roc_auc": 0.615819209039548,
  "pr_auc": 0.16666666666666669
}