{
  "f1": 0.15384615384615385,
  "roc_auc": 0.7586206896551725,
  "pr_auc": 0.1916000666000666
}