{
  "f1": 0.15384615384615385,
  "roc_auc": 0.6755952380952381,
  "pr_auc": 0.18841602453439024
}