{
  "f1": 0.4444444444444444,
  "roc_auc": 0.864406779661017,
  "pr_auc": 0.4879227053140096
}