{
  "f1": 0.4444444444444444,
  "roc_auc": 0.8675324675324676,
  "pr_auc": 0.533704390847248
}