{
  "f1": 0.18181818181818182,
  "roc_auc": 0.5222222222222221,
  "pr_auc": 0.1045940170940171
}