{
  "f1": 0.43478260869565216,
  "roc_auc": 0.8675324675324676,
  "pr_auc": 0.5578893719650022
}