{
  "mean": 0.5382491902733223,
  "std": 0.10293064065186493,
  "dist": [
    0.5945945945945946,
    0.4761904761904761,
    0.4848484848484848,
    0.4444444444444444,
    0.7027027027027027,
    0.6470588235294118,
    0.5454545454545454,
    0.3870967741935484,
    0.5128205128205128,
    0.6153846153846154,
    0.4864864864864865,
    0.4848484848484848,
    0.75,
    0.4375,
    0.5714285714285714,
    0.5161290322580645,
    0.5,
    0.5555555555555556,
    0.55,
    0.5777777777777777,
    0.4615384615384615,
    0.6086956521739131,
    0.4848484848484848,
    0.6153846153846154,
    0.5,
    0.6511627906976745,
    0.4571428571428571,
    0.5405405405405406,
    0.6666666666666666,
    0.3870967741935484,
    0.6341463414634146,
    0.4848484848484848,
    0.5161290322580645,
    0.5333333333333333,
    0.5365853658536586,
    0.4324324324324324,
    0.4516129032258064,
    0.5882352941176471,
    0.7317073170731707,
    0.4848484848484848,
    0.4666666666666667,
    0.5945945945945946,
    0.4864864864864865,
    0.6666666666666666,
    0.5,
    0.6,
    0.4390243902439024,
    0.1818181818181818,
    0.6842105263157895,
    0.6857142857142857
  ]
}