{
  "t_test": {
    "t_stat": 5.891992520174507,
    "p_value": 3.431681278290844e-07
  },
  "wilcoxon": {
    "w_stat": 133.0,
    "p_value": 1.8444803734752718e-06
  }
}