{
  "mean": 0.24736806547265078,
  "std": 0.11826384700368654,
  "dist": [
    0.4,
    0.25,
    0.2307692307692307,
    0.1176470588235294,
    0.2608695652173913,
    0.2857142857142857,
    0.1111111111111111,
    0.2222222222222222,
    0.3529411764705882,
    0.2962962962962963,
    0.1818181818181818,
    0.0,
    0.5,
    0.3,
    0.3703703703703703,
    0.2352941176470588,
    0.0909090909090909,
    0.25,
    0.32,
    0.3636363636363636,
    0.2962962962962963,
    0.5,
    0.1,
    0.0,
    0.2,
    0.2727272727272727,
    0.1818181818181818,
    0.3157894736842105,
    0.2857142857142857,
    0.2307692307692307,
    0.3478260869565217,
    0.1333333333333333,
    0.3225806451612903,
    0.0909090909090909,
    0.3157894736842105,
    0.0,
    0.1818181818181818,
    0.3846153846153846,
    0.3478260869565217,
    0.2307692307692307,
    0.4166666666666667,
    0.2608695652173913,
    0.2307692307692307,
    0.1904761904761904,
    0.125,
    0.25,
    0.2105263157894736,
    0.0833333333333333,
    0.4,
    0.3225806451612903
  ]
}