{
  "t_test": {
    "t_stat": 0.007066691004671178,
    "p_value": 0.9943903361119413
  },
  "wilcoxon": {
    "w_stat": 531.5,
    "p_value": 0.9216703915217931
  }
}