{
  "f1": 0.30303030303030304,
  "roc_auc": 0.7023809523809524,
  "pr_auc": 0.4027943401627612
}