{
  "f1": 0.35294117647058826,
  "roc_auc": 0.7444029850746268,
  "pr_auc": 0.32418989333634857
}