{
  "f1": 0.48484848484848486,
  "roc_auc": 0.6588983050847457,
  "pr_auc": 0.47293106000656565
}