{
  "f1": 0.5,
  "roc_auc": 0.6984126984126985,
  "pr_auc": 0.5228433948240329
}