{
  "f1": 0.37037037037037035,
  "roc_auc": 0.7575757575757576,
  "pr_auc": 0.4459810879122025
}