{
  "f1": 0.5,
  "roc_auc": 0.705827067669173,
  "pr_auc": 0.5078662075786609
}