{
  "f1": 0.5,
  "roc_auc": 0.7046783625730995,
  "pr_auc": 0.4300742749915361
}