{
  "f1": 0.4,
  "roc_auc": 0.689516129032258,
  "pr_auc": 0.39006695629036053
}