{
  "f1": 0.46511627906976744,
  "roc_auc": 0.7241715399610136,
  "pr_auc": 0.43669663458683416
}