{
  "f1": 0.5714285714285714,
  "roc_auc": 0.7257495590828925,
  "pr_auc": 0.6160443871513426
}