{
  "f1": 0.42857142857142855,
  "roc_auc": 0.7380952380952381,
  "pr_auc": 0.5396164346511102
}