{
  "f1": 0.65,
  "roc_auc": 0.8943965517241379,
  "pr_auc": 0.6873006231415842
}