{
  "f1": 0.45714285714285713,
  "roc_auc": 0.7853598014888338,
  "pr_auc": 0.47198866596511496
}