{
  "f1": 0.6111111111111112,
  "roc_auc": 0.8335435056746533,
  "pr_auc": 0.5140551347179825
}