{
  "f1": 0.4666666666666667,
  "roc_auc": 0.796875,
  "pr_auc": 0.5885850097614803
}