{
  "f1": 0.4090909090909091,
  "roc_auc": 0.7394179894179894,
  "pr_auc": 0.3765714221780398
}