{
  "f1": 0.42105263157894735,
  "roc_auc": 0.6822222222222223,
  "pr_auc": 0.45113985181207894
}