{
  "f1": 0.3448275862068966,
  "roc_auc": 0.5769230769230769,
  "pr_auc": 0.20512031045185547
}