{
  "f1": 0.3448275862068966,
  "roc_auc": 0.6775568181818182,
  "pr_auc": 0.4154682370644407
}