{
  "f1": 0.46153846153846156,
  "roc_auc": 0.8287841191066997,
  "pr_auc": 0.5792878069598717
}