{
  "f1": 0.2702702702702703,
  "roc_auc": 0.5610795454545454,
  "pr_auc": 0.2762724981954252
}