{
  "f1": 0.42857142857142855,
  "roc_auc": 0.6873536299765809,
  "pr_auc": 0.39766752484920187
}