{
  "f1": 0.36363636363636365,
  "roc_auc": 0.8148148148148147,
  "pr_auc": 0.4612643977969055
}