{
  "f1": 0.37209302325581395,
  "roc_auc": 0.6877777777777778,
  "pr_auc": 0.42965091961686264
}