{
  "f1": 0.5238095238095238,
  "roc_auc": 0.7142857142857143,
  "pr_auc": 0.5091060962892044
}