{
  "f1": 0.43243243243243246,
  "roc_auc": 0.746031746031746,
  "pr_auc": 0.4002140229991751
}