{
  "f1": 0.42424242424242425,
  "roc_auc": 0.7491525423728813,
  "pr_auc": 0.4891444633310975
}