{
  "f1": 0.3448275862068966,
  "roc_auc": 0.739454094292804,
  "pr_auc": 0.37412292009066206
}