{
  "f1": 0.5714285714285714,
  "roc_auc": 0.8327683615819208,
  "pr_auc": 0.6853751586104526
}