{
  "f1": 0.5957446808510638,
  "roc_auc": 0.7636363636363636,
  "pr_auc": 0.5753854313540097
}