{
  "f1": 0.5161290322580645,
  "roc_auc": 0.7452711223203027,
  "pr_auc": 0.4301003851424019
}