{
  "f1": 0.5333333333333333,
  "roc_auc": 0.7186602870813398,
  "pr_auc": 0.5202753221063032
}