{
  "f1": 0.6382978723404256,
  "roc_auc": 0.8870813397129187,
  "pr_auc": 0.6309717206197291
}