{
  "f1": 0.3783783783783784,
  "roc_auc": 0.6902985074626865,
  "pr_auc": 0.2915554556338918
}