{
  "f1": 0.35294117647058826,
  "roc_auc": 0.7589743589743589,
  "pr_auc": 0.4460970507822465
}