{
  "f1": 0.42424242424242425,
  "roc_auc": 0.6832627118644068,
  "pr_auc": 0.5538844091165787
}