{
  "f1": 0.5,
  "roc_auc": 0.7327141382868937,
  "pr_auc": 0.525120952408855
}