{
  "f1": 0.41025641025641024,
  "roc_auc": 0.7431761786600496,
  "pr_auc": 0.45240757852074676
}