{
  "f1": 0.41025641025641024,
  "roc_auc": 0.7121588089330024,
  "pr_auc": 0.5779247398207932
}