{
  "f1": 0.41025641025641024,
  "roc_auc": 0.7513227513227513,
  "pr_auc": 0.48951559990506455
}