{
  "f1": 0.5652173913043478,
  "roc_auc": 0.8508771929824562,
  "pr_auc": 0.800835908250059
}