{
  "f1": 0.47619047619047616,
  "roc_auc": 0.6967545638945233,
  "pr_auc": 0.5466235934428216
}