{
  "f1": 0.45,
  "roc_auc": 0.7932203389830508,
  "pr_auc": 0.590787163312271
}