{
  "f1": 0.35294117647058826,
  "roc_auc": 0.576923076923077,
  "pr_auc": 0.31368186017221533
}