{
  "f1": 0.37209302325581395,
  "roc_auc": 0.6797619047619048,
  "pr_auc": 0.4377730530337748
}