{
  "f1": 0.5454545454545454,
  "roc_auc": 0.8508474576271187,
  "pr_auc": 0.7115122340218617
}