{
  "f1": 0.55,
  "roc_auc": 0.7836257309941521,
  "pr_auc": 0.5738402529309096
}