{
  "f1": 0.5116279069767442,
  "roc_auc": 0.7574152542372881,
  "pr_auc": 0.6071947630324425
}