{
  "f1": 0.5454545454545454,
  "roc_auc": 0.6779859484777518,
  "pr_auc": 0.47201890654515355
}