{
  "f1": 0.25,
  "roc_auc": 0.5553977272727273,
  "pr_auc": 0.226187760042479
}