{
  "f1": 0.23529411764705882,
  "roc_auc": 0.6671874999999999,
  "pr_auc": 0.3335878156930788
}