{
  "f1": 0.65,
  "roc_auc": 0.8771551724137931,
  "pr_auc": 0.6549030741254207
}