{
  "f1": 0.55,
  "roc_auc": 0.8079625292740047,
  "pr_auc": 0.5291105404012763
}