{
  "f1": 0.4444444444444444,
  "roc_auc": 0.8492063492063492,
  "pr_auc": 0.5379510017441052
}