{
  "f1": 0.2631578947368421,
  "roc_auc": 0.6415343915343915,
  "pr_auc": 0.2822195815215472
}