{
  "f1": 0.5,
  "roc_auc": 0.7132936507936508,
  "pr_auc": 0.5956638938978431
}