{
  "f1": 0.41379310344827586,
  "roc_auc": 0.7244623655913979,
  "pr_auc": 0.4529177062603608
}