{
  "mean": 0.23079350224222306,
  "std": 0.09068922286098703,
  "dist": [
    0.3125,
    0.3333333333333333,
    0.16,
    0.1,
    0.2068965517241379,
    0.2068965517241379,
    0.1818181818181818,
    0.2758620689655172,
    0.1666666666666666,
    0.3125,
    0.1666666666666666,
    0.0714285714285714,
    0.3157894736842105,
    0.2857142857142857,
    0.3243243243243243,
    0.3076923076923077,
    0.0833333333333333,
    0.1333333333333333,
    0.3125,
    0.3333333333333333,
    0.25,
    0.3870967741935484,
    0.0869565217391304,
    0.1818181818181818,
    0.2142857142857142,
    0.2068965517241379,
    0.1290322580645161,
    0.3076923076923077,
    0.2857142857142857,
    0.2758620689655172,
    0.4166666666666667,
    0.1818181818181818,
    0.2352941176470588,
    0.1333333333333333,
    0.2307692307692307,
    0.0833333333333333,
    0.2608695652173913,
    0.2777777777777778,
    0.32,
    0.2142857142857142,
    0.3870967741935484,
    0.2307692307692307,
    0.3448275862068966,
    0.08,
    0.08,
    0.2105263157894736,
    0.2,
    0.1666666666666666,
    0.2666666666666666,
    0.303030303030303
  ]
}