{
  "t_test": {
    "t_stat": -1.018488831659259,
    "p_value": 0.3134482762386854
  },
  "wilcoxon": {
    "w_stat": 535.0,
    "p_value": 0.32777522027848605
  }
}