{
  "f1": 0.47058823529411764,
  "roc_auc": 0.7635467980295566,
  "pr_auc": 0.5739247311827957
}