{
  "f1": 0.42857142857142855,
  "roc_auc": 0.688888888888889,
  "pr_auc": 0.38215122690929143
}