{
  "f1": 0.5714285714285714,
  "roc_auc": 0.6944444444444444,
  "pr_auc": 0.38781362007168463
}