{
  "f1": 0.18181818181818182,
  "roc_auc": 0.8088235294117647,
  "pr_auc": 0.19090909090909092
}