{
  "f1": 0.25,
  "roc_auc": 0.8838709677419354,
  "pr_auc": 0.5760606060606059
}