{
  "f1": 0.18181818181818182,
  "roc_auc": 0.75,
  "pr_auc": 0.23273809523809522
}