{
  "f1": 0.4444444444444444,
  "roc_auc": 0.9140625,
  "pr_auc": 0.698051948051948
}