{
  "f1": 0.2,
  "roc_auc": 0.7734375,
  "pr_auc": 0.2505952380952381
}