{
  "f1": 0.26666666666666666,
  "roc_auc": 0.7890625,
  "pr_auc": 0.26726190476190476
}