{
  "f1": 0.2,
  "roc_auc": 0.7979797979797979,
  "pr_auc": 0.22222222222222224
}