{
  "f1": 0.0,
  "roc_auc": 0.7794117647058822,
  "pr_auc": 0.16666666666666666
}