{
  "f1": 0.4444444444444444,
  "roc_auc": 0.8387096774193548,
  "pr_auc": 0.4833333333333333
}