{
  "f1": 0.6,
  "roc_auc": 0.96875,
  "pr_auc": 0.8303571428571428
}