{
  "f1": 0.2857142857142857,
  "roc_auc": 0.9225806451612903,
  "pr_auc": 0.6311111111111112
}