{
  "f1": 0.0,
  "roc_auc": 0.8671875,
  "pr_auc": 0.35625
}