{
  "f1": 0.2857142857142857,
  "roc_auc": 0.9090909090909091,
  "pr_auc": 0.5694444444444444
}