{
  "f1": 0.18181818181818182,
  "roc_auc": 0.7777777777777778,
  "pr_auc": 0.20655270655270658
}