{
  "f1": 0.36363636363636365,
  "roc_auc": 0.9090909090909091,
  "pr_auc": 0.75
}