{
  "f1": 0.0,
  "roc_auc": 0.823529411764706,
  "pr_auc": 0.19444444444444442
}