{
  "f1": 0.18181818181818182,
  "roc_auc": 0.8359375,
  "pr_auc": 0.35416666666666663
}