{
  "f1": 0.2,
  "roc_auc": 0.7890625,
  "pr_auc": 0.2760854341736695
}