{
  "f1": 0.16666666666666666,
  "roc_auc": 0.796875,
  "pr_auc": 0.3201048951048951
}