{
  "f1": 0.36363636363636365,
  "roc_auc": 0.8838709677419355,
  "pr_auc": 0.42682539682539683
}