{
  "f1": 0.2857142857142857,
  "roc_auc": 0.7647058823529411,
  "pr_auc": 0.22916666666666666
}