{
  "f1": 0.3076923076923077,
  "roc_auc": 0.7777777777777777,
  "pr_auc": 0.49206349206349204
}