{
  "f1": 0.18181818181818182,
  "roc_auc": 0.7734375,
  "pr_auc": 0.4305555555555556
}