{
  "f1": 0.5,
  "roc_auc": 0.7941176470588236,
  "pr_auc": 0.31666666666666665
}