{
  "f1": 0.36363636363636365,
  "roc_auc": 0.8585858585858586,
  "pr_auc": 0.28968253968253965
}