{
  "f1": 0.2857142857142857,
  "roc_auc": 0.7373737373737373,
  "pr_auc": 0.2034252297410192
}