{
  "f1": 0.3333333333333333,
  "roc_auc": 0.7734375,
  "pr_auc": 0.29761904761904756
}