{
  "f1": 0.18181818181818182,
  "roc_auc": 0.7941176470588235,
  "pr_auc": 0.18333333333333335
}