{
  "f1": 0.3333333333333333,
  "roc_auc": 0.8,
  "pr_auc": 0.32880952380952383
}