{
  "f1": 0.16666666666666666,
  "roc_auc": 0.7734375,
  "pr_auc": 0.251984126984127
}