{
  "f1": 0.5714285714285714,
  "roc_auc": 0.797979797979798,
  "pr_auc": 0.33040935672514615
}