{
  "f1": 0.0,
  "roc_auc": 0.8088235294117646,
  "pr_auc": 0.18333333333333335
}