{
  "f1": 0.5,
  "roc_auc": 0.9096774193548387,
  "pr_auc": 0.49777777777777776
}