{
  "f1": 0.26666666666666666,
  "roc_auc": 0.7109375,
  "pr_auc": 0.2048611111111111
}