{
  "f1": 0.3076923076923077,
  "roc_auc": 0.8686868686868686,
  "pr_auc": 0.33535353535353535
}