{
  "f1": 0.36363636363636365,
  "roc_auc": 0.7272727272727272,
  "pr_auc": 0.23792270531400966
}