{
  "f1": 0.4,
  "roc_auc": 0.9428571428571428,
  "pr_auc": 0.3333333333333333
}