{
  "f1": 0.2,
  "roc_auc": 0.7878787878787878,
  "pr_auc": 0.2272727272727273
}