{
  "f1": 0.3333333333333333,
  "roc_auc": 0.8823529411764706,
  "pr_auc": 0.26666666666666666
}