{
  "f1": 0.0,
  "roc_auc": 0.7647058823529412,
  "pr_auc": 0.1534090909090909
}