{
  "f1": 0.4,
  "roc_auc": 0.7676767676767677,
  "pr_auc": 0.45138888888888884
}