{
  "f1": 0.5,
  "roc_auc": 0.8686868686868686,
  "pr_auc": 0.31666666666666665
}