{
  "f1": 0.2,
  "roc_auc": 0.7734375,
  "pr_auc": 0.2701923076923077
}