{
  "f1": 0.36363636363636365,
  "roc_auc": 0.8676470588235293,
  "pr_auc": 0.25
}