{
  "f1": 0.46153846153846156,
  "roc_auc": 0.84375,
  "pr_auc": 0.32380952380952377
}