{
  "f1": 0.6,
  "roc_auc": 0.9161290322580645,
  "pr_auc": 0.5809523809523809
}