{
  "f1": 0.18181818181818182,
  "roc_auc": 0.8125,
  "pr_auc": 0.2833333333333333
}