{
  "f1": 0.4,
  "roc_auc": 0.84375,
  "pr_auc": 0.40625
}