{
  "f1": 0.2222222222222222,
  "roc_auc": 0.6875,
  "pr_auc": 0.2334292412617221
}