{
  "f1": 0.2222222222222222,
  "roc_auc": 0.78125,
  "pr_auc": 0.28176725235548766
}