{
  "f1": 0.36363636363636365,
  "roc_auc": 0.8193548387096775,
  "pr_auc": 0.3408225108225108
}