{
  "f1": 0.0,
  "roc_auc": 0.6363636363636365,
  "pr_auc": 0.1388888888888889
}