{
  "f1": 0.46153846153846156,
  "roc_auc": 0.8580645161290323,
  "pr_auc": 0.38126984126984126
}