{
  "f1": 0.47058823529411764,
  "roc_auc": 0.8203125,
  "pr_auc": 0.2875
}