{
  "f1": 0.6666666666666666,
  "roc_auc": 0.9096774193548387,
  "pr_auc": 0.5199999999999999
}