{
  "f1": 0.4444444444444444,
  "roc_auc": 0.8970588235294117,
  "pr_auc": 0.29166666666666663
}