{
  "f1": 0.16666666666666666,
  "roc_auc": 0.5959595959595959,
  "pr_auc": 0.14957264957264957
}