{
  "f1": 0.26666666666666666,
  "roc_auc": 0.838235294117647,
  "pr_auc": 0.20833333333333331
}