{
  "f1": 0.4,
  "roc_auc": 0.743859649122807,
  "pr_auc": 0.34257575757575753
}