{
  "f1": 0.45454545454545453,
  "roc_auc": 0.6826923076923077,
  "pr_auc": 0.510378655184158
}