{
  "f1": 0.3076923076923077,
  "roc_auc": 0.8318965517241379,
  "pr_auc": 0.4794117647058823
}