{
  "f1": 0.21052631578947367,
  "roc_auc": 0.5980769230769232,
  "pr_auc": 0.31227253759609674
}