{
  "f1": 0.16666666666666666,
  "roc_auc": 0.6779661016949152,
  "pr_auc": 0.10659340659340659
}