{
  "f1": 0.375,
  "roc_auc": 0.5844155844155844,
  "pr_auc": 0.4737436570553518
}