{
  "f1": 0.19047619047619047,
  "roc_auc": 0.6923076923076923,
  "pr_auc": 0.3294576673630514
}