{
  "f1": 0.4,
  "roc_auc": 0.5896103896103896,
  "pr_auc": 0.586778871140986
}