{
  "f1": 0.2608695652173913,
  "roc_auc": 0.6269230769230769,
  "pr_auc": 0.3848817813209514
}