{
  "f1": 0.26666666666666666,
  "roc_auc": 0.6620689655172415,
  "pr_auc": 0.23023809523809524
}