{
  "f1": 0.16666666666666666,
  "roc_auc": 0.6271186440677966,
  "pr_auc": 0.3798511430090377
}