{
  "f1": 0.47058823529411764,
  "roc_auc": 0.7636363636363637,
  "pr_auc": 0.6260827407886231
}