{
  "f1": 0.125,
  "roc_auc": 0.6934523809523809,
  "pr_auc": 0.16407364966188495
}