{
  "f1": 0.2727272727272727,
  "roc_auc": 0.6041666666666667,
  "pr_auc": 0.31232695976941505
}