{
  "f1": 0.125,
  "roc_auc": 0.6779661016949152,
  "pr_auc": 0.09801587301587301
}