{
  "f1": 0.375,
  "roc_auc": 0.9181034482758621,
  "pr_auc": 0.5201048951048951
}