{
  "f1": 0.23529411764705882,
  "roc_auc": 0.47959183673469374,
  "pr_auc": 0.2877060557145303
}