{
  "f1": 0.3157894736842105,
  "roc_auc": 0.7792207792207793,
  "pr_auc": 0.38636416687887276
}