{
  "f1": 0.16666666666666666,
  "roc_auc": 0.5903846153846154,
  "pr_auc": 0.2912129683182315
}