{
  "f1": 0.3,
  "roc_auc": 0.7148846960167715,
  "pr_auc": 0.43221976824918
}