{
  "f1": 0.11764705882352941,
  "roc_auc": 0.7202380952380952,
  "pr_auc": 0.20382415786827554
}