{
  "f1": 0.3157894736842105,
  "roc_auc": 0.7113095238095238,
  "pr_auc": 0.21693173975782676
}