{
  "f1": 0.26666666666666666,
  "roc_auc": 0.8418079096045198,
  "pr_auc": 0.2253968253968254
}