{
  "f1": 0.2222222222222222,
  "roc_auc": 0.7175141242937854,
  "pr_auc": 0.1388888888888889
}