{
  "f1": 0.625,
  "roc_auc": 0.8035714285714286,
  "pr_auc": 0.6261507936507936
}