{
  "f1": 0.0,
  "roc_auc": 0.30508474576271183,
  "pr_auc": 0.04649480175426879
}