{
  "f1": 0.2,
  "roc_auc": 0.5739750445632799,
  "pr_auc": 0.3396879399367728
}