{
  "f1": 0.35294117647058826,
  "roc_auc": 0.5714285714285715,
  "pr_auc": 0.5074190107191826
}