{
  "f1": 0.47058823529411764,
  "roc_auc": 0.7857142857142857,
  "pr_auc": 0.44445970695970693
}