{
  "f1": 0.0,
  "roc_auc": 0.5059523809523809,
  "pr_auc": 0.12339072481387471
}