{
  "f1": 0.3157894736842105,
  "roc_auc": 0.8077922077922077,
  "pr_auc": 0.3157952674503197
}