{
  "f1": 0.37037037037037035,
  "roc_auc": 0.7473118279569892,
  "pr_auc": 0.3848872589971661
}