{
  "f1": 0.47058823529411764,
  "roc_auc": 0.8066378066378066,
  "pr_auc": 0.5327086964264961
}