{
  "f1": 0.5,
  "roc_auc": 0.8151364764267989,
  "pr_auc": 0.5511391796050336
}