{
  "f1": 0.4117647058823529,
  "roc_auc": 0.7632275132275131,
  "pr_auc": 0.4196037666671228
}