{
  "f1": 0.45714285714285713,
  "roc_auc": 0.7430555555555556,
  "pr_auc": 0.5774749518170571
}