{
  "f1": 0.5185185185185185,
  "roc_auc": 0.7142857142857143,
  "pr_auc": 0.5440975934681743
}