{
  "f1": 0.5641025641025641,
  "roc_auc": 0.7807017543859649,
  "pr_auc": 0.5928599317651606
}