{
  "f1": 0.6666666666666666,
  "roc_auc": 0.8976076555023924,
  "pr_auc": 0.6827596127464193
}