{
  "f1": 0.3157894736842105,
  "roc_auc": 0.65807962529274,
  "pr_auc": 0.4111411876692843
}