{
  "f1": 0.5142857142857142,
  "roc_auc": 0.7822014051522248,
  "pr_auc": 0.43668273229272503
}