{
  "f1": 0.5238095238095238,
  "roc_auc": 0.7911111111111111,
  "pr_auc": 0.49755085212083267
}