{
  "f1": 0.5,
  "roc_auc": 0.8449131513647643,
  "pr_auc": 0.5066356720202874
}