{
  "f1": 0.42105263157894735,
  "roc_auc": 0.7296181630546955,
  "pr_auc": 0.4845472867341587
}