{
  "f1": 0.4,
  "roc_auc": 0.6533333333333332,
  "pr_auc": 0.46321257100698654
}