{
  "f1": 0.4117647058823529,
  "roc_auc": 0.7543424317617866,
  "pr_auc": 0.44971820453110306
}