{
  "f1": 0.42424242424242425,
  "roc_auc": 0.7866004962779157,
  "pr_auc": 0.5164071214071214
}