{
  "f1": 0.42857142857142855,
  "roc_auc": 0.7392857142857143,
  "pr_auc": 0.5693275115688908
}