{
  "f1": 0.35714285714285715,
  "roc_auc": 0.8307692307692307,
  "pr_auc": 0.5149034058037889
}