{
  "f1": 0.2857142857142857,
  "roc_auc": 0.6264204545454546,
  "pr_auc": 0.34225722398136194
}