{
  "f1": 0.4375,
  "roc_auc": 0.7326607818411097,
  "pr_auc": 0.5050852328330986
}