{
  "f1": 0.5128205128205128,
  "roc_auc": 0.7838983050847458,
  "pr_auc": 0.5868118311864475
}