{
  "f1": 0.4,
  "roc_auc": 0.6426799007444169,
  "pr_auc": 0.4572044838747802
}