{
  "f1": 0.5581395348837209,
  "roc_auc": 0.815311004784689,
  "pr_auc": 0.6759205423697192
}