{
  "f1": 0.5161290322580645,
  "roc_auc": 0.8425925925925926,
  "pr_auc": 0.49172670506842336
}