{
  "f1": 0.2,
  "roc_auc": 0.484375,
  "pr_auc": 0.16210680246093442
}