{
  "f1": 0.41025641025641024,
  "roc_auc": 0.6977777777777778,
  "pr_auc": 0.41710084701502737
}