{
  "f1": 0.4,
  "roc_auc": 0.7102272727272727,
  "pr_auc": 0.46595134085364687
}