{
  "f1": 0.5,
  "roc_auc": 0.738755980861244,
  "pr_auc": 0.5356993652869135
}