{
  "f1": 0.4,
  "roc_auc": 0.7724867724867726,
  "pr_auc": 0.4965123003733875
}