{
  "f1": 0.6111111111111112,
  "roc_auc": 0.8922413793103449,
  "pr_auc": 0.6795165100599883
}