{
  "f1": 0.6842105263157895,
  "roc_auc": 0.8528265107212476,
  "pr_auc": 0.778325158717786
}