{
  "f1": 0.6285714285714286,
  "roc_auc": 0.8650693568726356,
  "pr_auc": 0.7347107834566027
}