{
  "f1": 0.4117647058823529,
  "roc_auc": 0.6641949152542372,
  "pr_auc": 0.5162743037317885
}