{
  "f1": 0.5714285714285714,
  "roc_auc": 0.7152777777777777,
  "pr_auc": 0.557598784580492
}