{
  "f1": 0.5128205128205128,
  "roc_auc": 0.7255639097744362,
  "pr_auc": 0.532640694574914
}