{
  "f1": 0.30303030303030304,
  "roc_auc": 0.7425373134328358,
  "pr_auc": 0.40130063958188955
}