{
  "f1": 0.25806451612903225,
  "roc_auc": 0.6859375,
  "pr_auc": 0.2903206600163122
}