{
  "f1": 0.631578947368421,
  "roc_auc": 0.8976293103448276,
  "pr_auc": 0.7306502372623814
}