{
  "f1": 0.375,
  "roc_auc": 0.7401129943502824,
  "pr_auc": 0.4245557145905121
}