{
  "f1": 0.46153846153846156,
  "roc_auc": 0.6592292089249494,
  "pr_auc": 0.4291504780729285
}