{
  "f1": 0.26666666666666666,
  "roc_auc": 0.6215384615384615,
  "pr_auc": 0.23410588204066463
}