{
  "f1": 0.25,
  "roc_auc": 0.6164021164021164,
  "pr_auc": 0.22067520242331537
}