{
  "f1": 0.4444444444444444,
  "roc_auc": 0.797979797979798,
  "pr_auc": 0.5158018393312511
}