{
  "f1": 0.5,
  "roc_auc": 0.7183235867446394,
  "pr_auc": 0.49654866699577793
}