{
  "f1": 0.56,
  "roc_auc": 0.746031746031746,
  "pr_auc": 0.6076863688577585
}