{
  "f1": 0.26666666666666666,
  "roc_auc": 0.6873449131513648,
  "pr_auc": 0.31692720596342594
}