{
  "mean": 0.3553912753912754,
  "std": 0.17054266273111876,
  "dist": [
    0.3636363636363636,
    0.2222222222222222,
    0.3333333333333333,
    0.4444444444444444,
    0.5,
    0.2,
    0.5454545454545454,
    0.4,
    0.2857142857142857,
    0.4,
    0.0,
    0.4,
    0.3333333333333333,
    0.6,
    0.3076923076923077,
    0.4,
    0.5,
    0.0,
    0.4444444444444444,
    0.3333333333333333,
    0.4615384615384615,
    0.4,
    0.5,
    0.1818181818181818,
    0.4,
    0.6666666666666666,
    0.0,
    0.2857142857142857,
    0.3636363636363636,
    0.4,
    0.5,
    0.6666666666666666,
    0.2222222222222222,
    0.0,
    0.3333333333333333,
    0.5,
    0.2222222222222222,
    0.25,
    0.3333333333333333,
    0.5,
    0.25,
    0.4,
    0.6,
    0.0,
    0.4444444444444444,
    0.3076923076923077,
    0.4,
    0.6666666666666666,
    0.25,
    0.25
  ]
}