{
  "t_test": {
    "t_stat": 1.8248720973059493,
    "p_value": 0.07411957122248897
  },
  "wilcoxon": {
    "w_stat": 452.5,
    "p_value": 0.07556206690378708
  }
}