{
  "f1": 0.2857142857142857,
  "roc_auc": 0.7333333333333334,
  "pr_auc": 0.33333333333333337
}