{
  "f1": 0.5714285714285714,
  "roc_auc": 0.7109375,
  "pr_auc": 0.6828173939586983
}