{
  "f1": 0.5454545454545454,
  "roc_auc": 0.607843137254902,
  "pr_auc": 0.543860877684407
}