{
  "f1": 0.5,
  "roc_auc": 0.6944444444444445,
  "pr_auc": 0.47108768847899285
}