{
  "f1": 0.4444444444444444,
  "roc_auc": 0.6555555555555557,
  "pr_auc": 0.5383500557413601
}