{
  "f1": 0.4,
  "roc_auc": 0.8809523809523809,
  "pr_auc": 0.6428571428571428
}