{
  "f1": 0.35,
  "roc_auc": 0.6854256854256854,
  "pr_auc": 0.28242646607426736
}