{
  "f1": 0.5365853658536586,
  "roc_auc": 0.7999999999999999,
  "pr_auc": 0.47021395885722256
}