{
  "f1": 0.27906976744186046,
  "roc_auc": 0.6283068783068784,
  "pr_auc": 0.27146827336939566
}