{
  "f1": 0.29411764705882354,
  "roc_auc": 0.586153846153846,
  "pr_auc": 0.20822006279989475
}