{
  "f1": 0.4,
  "roc_auc": 0.79375,
  "pr_auc": 0.41354738196843455
}