{
  "f1": 0.5833333333333334,
  "roc_auc": 0.7492822966507178,
  "pr_auc": 0.5085835883619817
}