{
  "f1": 0.4,
  "roc_auc": 0.719047619047619,
  "pr_auc": 0.3812924151138244
}