{
  "f1": 0.4090909090909091,
  "roc_auc": 0.6790505675954592,
  "pr_auc": 0.339863173329657
}