{
  "f1": 0.6956521739130435,
  "roc_auc": 0.8612440191387559,
  "pr_auc": 0.6383396586592796
}