{
  "f1": 0.4489795918367347,
  "roc_auc": 0.7465886939571151,
  "pr_auc": 0.6047556771043932
}