{
  "f1": 0.2222222222222222,
  "roc_auc": 0.5476190476190477,
  "pr_auc": 0.21929824561403508
}