{
  "f1": 0.2,
  "roc_auc": 0.31578947368421056,
  "pr_auc": 0.19603934077618287
}