{
  "f1": 0.8571428571428571,
  "roc_auc": 0.8625,
  "pr_auc": 0.8166666666666667
}