{
  "f1": 0.5,
  "roc_auc": 0.9666666666666667,
  "pr_auc": 0.8055555555555556
}