{
  "f1": 0.5,
  "roc_auc": 0.7142857142857142,
  "pr_auc": 0.30694444444444446
}