{
  "f1": 0.4,
  "roc_auc": 0.873015873015873,
  "pr_auc": 0.5916666666666666
}