{
  "f1": 0.36363636363636365,
  "roc_auc": 0.5444444444444444,
  "pr_auc": 0.37324929971988796
}