{
  "f1": 0.5,
  "roc_auc": 0.6833333333333333,
  "pr_auc": 0.3555555555555555
}