{
  "f1": 0.4,
  "roc_auc": 0.5333333333333333,
  "pr_auc": 0.30952380952380953
}