{
  "f1": 0.2857142857142857,
  "roc_auc": 0.7380952380952381,
  "pr_auc": 0.5769230769230769
}