{
  "f1": 0.4,
  "roc_auc": 0.8166666666666667,
  "pr_auc": 0.5444444444444444
}