{
  "f1": 0.4,
  "roc_auc": 0.4907407407407407,
  "pr_auc": 0.3608531131750946
}