{
  "f1": 0.4444444444444444,
  "roc_auc": 0.5526315789473684,
  "pr_auc": 0.34232954545454547
}