{
  "f1": 0.5333333333333333,
  "roc_auc": 0.7109375,
  "pr_auc": 0.5742063492063492
}