{
  "f1": 0.4,
  "roc_auc": 0.6111111111111112,
  "pr_auc": 0.5462406015037594
}