{
  "f1": 0.2222222222222222,
  "roc_auc": 0.5185185185185185,
  "pr_auc": 0.31319444444444444
}