{
  "f1": 0.5454545454545454,
  "roc_auc": 0.7684210526315789,
  "pr_auc": 0.6954545454545455
}