{
  "f1": 0.4,
  "roc_auc": 0.6052631578947368,
  "pr_auc": 0.29583333333333334
}