{
  "f1": 0.6666666666666666,
  "roc_auc": 0.7083333333333333,
  "pr_auc": 0.6362920168067226
}