{
  "f1": 0.5,
  "roc_auc": 0.7058823529411764,
  "pr_auc": 0.4973214285714285
}