{
  "f1": 0.7142857142857143,
  "roc_auc": 0.911764705882353,
  "pr_auc": 0.8491452991452991
}