{
  "f1": 0.5714285714285714,
  "roc_auc": 0.6785714285714285,
  "pr_auc": 0.566031149301826
}