{
  "f1": 0.2857142857142857,
  "roc_auc": 0.6984126984126984,
  "pr_auc": 0.2791666666666667
}