{
  "f1": 0.6666666666666666,
  "roc_auc": 0.7631578947368421,
  "pr_auc": 0.5317982456140351
}