{
  "f1": 0.25,
  "roc_auc": 0.6499999999999999,
  "pr_auc": 0.33040935672514615
}