{
  "f1": 0.3333333333333333,
  "roc_auc": 0.6428571428571428,
  "pr_auc": 0.23333333333333334
}