{
  "mean": 0.4682905597974058,
  "std": 0.10164643516680325,
  "dist": [
    0.3902439024390244,
    0.6046511627906976,
    0.5,
    0.3243243243243243,
    0.5454545454545454,
    0.4102564102564102,
    0.4761904761904761,
    0.375,
    0.5,
    0.5777777777777777,
    0.2580645161290322,
    0.5116279069767442,
    0.45,
    0.4571428571428571,
    0.6222222222222222,
    0.3703703703703703,
    0.4,
    0.5531914893617021,
    0.4390243902439024,
    0.5454545454545454,
    0.4,
    0.5333333333333333,
    0.5,
    0.4736842105263157,
    0.4390243902439024,
    0.4888888888888889,
    0.4117647058823529,
    0.4324324324324324,
    0.6153846153846154,
    0.4102564102564102,
    0.5882352941176471,
    0.4,
    0.3076923076923077,
    0.5185185185185185,
    0.5405405405405406,
    0.2857142857142857,
    0.5263157894736842,
    0.4571428571428571,
    0.7555555555555555,
    0.2941176470588235,
    0.3428571428571428,
    0.5,
    0.3809523809523809,
    0.6341463414634146,
    0.5,
    0.45,
    0.4878048780487805,
    0.3529411764705882,
    0.6111111111111112,
    0.4651162790697674
  ]
}