{
  "t_test": {
    "t_stat": 1.6086322091957497,
    "p_value": 0.11412173229503628
  },
  "wilcoxon": {
    "w_stat": 453.0,
    "p_value": 0.16616453452974522
  }
}