{
  "f1": 0.3333333333333333,
  "roc_auc": 0.6211538461538462,
  "pr_auc": 0.3124273934250114
}