{
  "f1": 0.11764705882352941,
  "roc_auc": 0.4526315789473685,
  "pr_auc": 0.274428946793598
}