{
  "f1": 0.0,
  "roc_auc": 0.2722222222222222,
  "pr_auc": 0.04195286195286195
}