{
  "f1": 0.2727272727272727,
  "roc_auc": 0.625,
  "pr_auc": 0.17580355860649619
}