{
  "f1": 0.47058823529411764,
  "roc_auc": 0.7648809523809523,
  "pr_auc": 0.6748710010319917
}