{
  "f1": 0.3157894736842105,
  "roc_auc": 0.6666666666666667,
  "pr_auc": 0.4256565656565656
}