{
  "f1": 0.4166666666666667,
  "roc_auc": 0.8214285714285714,
  "pr_auc": 0.36830229167690465
}