{
  "f1": 0.35714285714285715,
  "roc_auc": 0.6615384615384615,
  "pr_auc": 0.4310836236933797
}