{
  "f1": 0.5217391304347826,
  "roc_auc": 0.875,
  "pr_auc": 0.39399092970521543
}