{
  "f1": 0.4444444444444444,
  "roc_auc": 0.8061224489795917,
  "pr_auc": 0.6248677248677248
}