{
  "f1": 0.5384615384615384,
  "roc_auc": 0.8596153846153847,
  "pr_auc": 0.527244560994561
}