{
  "f1": 0.21052631578947367,
  "roc_auc": 0.6779661016949152,
  "pr_auc": 0.3487268518518518
}