{
  "f1": 0.5185185185185185,
  "roc_auc": 0.7861635220125787,
  "pr_auc": 0.6144558963186415
}