{
  "f1": 0.375,
  "roc_auc": 0.7887931034482758,
  "pr_auc": 0.6237745098039216
}