{
  "f1": 0.3157894736842105,
  "roc_auc": 0.9661016949152542,
  "pr_auc": 0.5317460317460317
}