{
  "f1": 0.21052631578947367,
  "roc_auc": 0.7931034482758621,
  "pr_auc": 0.3740549511340586
}