{
  "f1": 0.25,
  "roc_auc": 0.5331632653061225,
  "pr_auc": 0.21621315192743762
}