{
  "f1": 0.48,
  "roc_auc": 0.8727272727272727,
  "pr_auc": 0.5902803545660689
}