{
  "f1": 0.375,
  "roc_auc": 0.9322033898305084,
  "pr_auc": 0.4658119658119658
}