{
  "f1": 0.5217391304347826,
  "roc_auc": 0.8363636363636364,
  "pr_auc": 0.49244505494505497
}