{
  "f1": 0.2608695652173913,
  "roc_auc": 0.6130952380952381,
  "pr_auc": 0.13825637258149798
}