{
  "f1": 0.19047619047619047,
  "roc_auc": 0.4387755102040816,
  "pr_auc": 0.18638791994785336
}