{
  "f1": 0.1,
  "roc_auc": 0.5593220338983051,
  "pr_auc": 0.07552889576883384
}