{
  "f1": 0.3157894736842105,
  "roc_auc": 0.6793103448275862,
  "pr_auc": 0.23804232804232803
}