{
  "f1": 0.3076923076923077,
  "roc_auc": 0.5948051948051948,
  "pr_auc": 0.5044647705938028
}