{
  "f1": 0.2608695652173913,
  "roc_auc": 0.7543103448275862,
  "pr_auc": 0.1540846479594211
}