{
  "f1": 0.2222222222222222,
  "roc_auc": 0.7062146892655367,
  "pr_auc": 0.24263038548752833
}