{
  "f1": 0.10526315789473684,
  "roc_auc": 0.5595238095238095,
  "pr_auc": 0.16308827624617098
}