{
  "f1": 0.2857142857142857,
  "roc_auc": 0.6226851851851852,
  "pr_auc": 0.3014282889562845
}