{
  "f1": 0.34782608695652173,
  "roc_auc": 0.6160714285714285,
  "pr_auc": 0.20508794915815787
}