{
  "f1": 0.3333333333333333,
  "roc_auc": 0.5828877005347592,
  "pr_auc": 0.2963247235063873
}