{
  "f1": 0.18181818181818182,
  "roc_auc": 0.519774011299435,
  "pr_auc": 0.08455008488964345
}