{
  "f1": 0.25,
  "roc_auc": 0.6206896551724137,
  "pr_auc": 0.4695466575599761
}