{
  "f1": 0.35294117647058826,
  "roc_auc": 0.7758620689655173,
  "pr_auc": 0.6685185185185185
}