{
  "f1": 0.2608695652173913,
  "roc_auc": 0.7198275862068966,
  "pr_auc": 0.26821518080916573
}