{
  "f1": 0.42105263157894735,
  "roc_auc": 0.8571428571428572,
  "pr_auc": 0.5978029423151374
}