{
  "f1": 0.32,
  "roc_auc": 0.6596153846153846,
  "pr_auc": 0.3748258980971747
}