{
  "f1": 0.38095238095238093,
  "roc_auc": 0.7946428571428572,
  "pr_auc": 0.40863902179691647
}