{
  "f1": 0.42105263157894735,
  "roc_auc": 0.7023809523809522,
  "pr_auc": 0.5079094385698159
}