{
  "f1": 0.45454545454545453,
  "roc_auc": 0.7098765432098766,
  "pr_auc": 0.4036725801431683
}