{
  "f1": 0.42105263157894735,
  "roc_auc": 0.7506493506493507,
  "pr_auc": 0.4097919937205652
}