{
  "f1": 0.13333333333333333,
  "roc_auc": 0.5028248587570621,
  "pr_auc": 0.3688930117501546
}