{
  "f1": 0.13333333333333333,
  "roc_auc": 0.49137931034482757,
  "pr_auc": 0.10660920425997565
}