{
  "f1": 0.2962962962962963,
  "roc_auc": 0.7298701298701298,
  "pr_auc": 0.2729092488059053
}