{
  "f1": 0.3,
  "roc_auc": 0.6736842105263158,
  "pr_auc": 0.26222222222222225
}