{
  "f1": 0.2727272727272727,
  "roc_auc": 0.6077922077922078,
  "pr_auc": 0.32271019518918675
}