{
  "f1": 0.3333333333333333,
  "roc_auc": 0.7844827586206897,
  "pr_auc": 0.2875
}