{
  "f1": 0.26666666666666666,
  "roc_auc": 0.888888888888889,
  "pr_auc": 0.30419580419580416
}