{
  "f1": 0.3333333333333333,
  "roc_auc": 0.8757062146892656,
  "pr_auc": 0.24444444444444446
}