{
  "f1": 0.38095238095238093,
  "roc_auc": 0.6631016042780749,
  "pr_auc": 0.37411726287812375
}