{
  "f1": 0.2857142857142857,
  "roc_auc": 0.6760204081632653,
  "pr_auc": 0.22900631382774236
}