{
  "f1": 0.5454545454545454,
  "roc_auc": 0.8879310344827586,
  "pr_auc": 0.3537878787878788
}