{
  "f1": 0.14285714285714285,
  "roc_auc": 0.44561403508771935,
  "pr_auc": 0.16465478461848698
}