{
  "f1": 0.13333333333333333,
  "roc_auc": 0.5595238095238095,
  "pr_auc": 0.16031473611565145
}