{
  "f1": 0.3076923076923077,
  "roc_auc": 0.5306122448979591,
  "pr_auc": 0.24321155081861004
}