{
  "f1": 0.1111111111111111,
  "roc_auc": 0.575,
  "pr_auc": 0.22273895740309108
}