{
  "f1": 0.26666666666666666,
  "roc_auc": 0.6327683615819208,
  "pr_auc": 0.12150349650349651
}