{
  "f1": 0.35294117647058826,
  "roc_auc": 0.7648809523809523,
  "pr_auc": 0.407012782012782
}