{
  "f1": 0.26666666666666666,
  "roc_auc": 0.710344827586207,
  "pr_auc": 0.17962224108658742
}