{
  "f1": 0.5,
  "roc_auc": 0.861111111111111,
  "pr_auc": 0.5242877492877493
}