{
  "f1": 0.36363636363636365,
  "roc_auc": 0.8787878787878788,
  "pr_auc": 0.55
}