{
  "f1": 0.7058823529411765,
  "roc_auc": 0.7783251231527094,
  "pr_auc": 0.44903810986760295
}