{
  "f1": 0.42857142857142855,
  "roc_auc": 0.8383838383838383,
  "pr_auc": 0.33164983164983164
}