{
  "f1": 0.7692307692307693,
  "roc_auc": 0.8555555555555556,
  "pr_auc": 0.5896031746031746
}