{
  "f1": 0.5333333333333333,
  "roc_auc": 0.8828125,
  "pr_auc": 0.41547619047619044
}