{
  "f1": 0.45454545454545453,
  "roc_auc": 0.8722222222222222,
  "pr_auc": 0.7067460317460317
}