{
  "f1": 0.625,
  "roc_auc": 0.9222222222222223,
  "pr_auc": 0.712073112073112
}