{
  "f1": 0.375,
  "roc_auc": 0.84375,
  "pr_auc": 0.3708333333333333
}