{
  "f1": 0.625,
  "roc_auc": 0.9055555555555557,
  "pr_auc": 0.5945767195767196
}