{
  "f1": 0.5714285714285714,
  "roc_auc": 0.812807881773399,
  "pr_auc": 0.42510632642211593
}