{
  "f1": 0.45714285714285713,
  "roc_auc": 0.7985948477751756,
  "pr_auc": 0.4968118520993303
}