{
  "f1": 0.2857142857142857,
  "roc_auc": 0.6878306878306878,
  "pr_auc": 0.27423423676102654
}