{
  "f1": 0.6666666666666666,
  "roc_auc": 0.8889952153110048,
  "pr_auc": 0.6721983994918652
}