{
  "f1": 0.5,
  "roc_auc": 0.7722457627118644,
  "pr_auc": 0.5438430721325458
}