{
  "f1": 0.42857142857142855,
  "roc_auc": 0.7486559139784946,
  "pr_auc": 0.42343873407624794
}