{
  "f1": 0.5,
  "roc_auc": 0.7224824355971897,
  "pr_auc": 0.46241982655026126
}