{
  "f1": 0.5882352941176471,
  "roc_auc": 0.8360655737704917,
  "pr_auc": 0.5340017825311942
}