{
  "f1": 0.5,
  "roc_auc": 0.7875706214689265,
  "pr_auc": 0.591763907495426
}