{
  "f1": 0.5909090909090909,
  "roc_auc": 0.8196881091617935,
  "pr_auc": 0.7007022039375544
}