{
  "mean": 0.48108513708513706,
  "std": 0.23543580953904428,
  "dist": [
    0.2222222222222222,
    0.4,
    0.6666666666666666,
    0.75,
    0.4,
    0.8888888888888888,
    0.6666666666666666,
    0.3333333333333333,
    0.2222222222222222,
    0.0,
    0.5,
    0.2857142857142857,
    1.0,
    0.0,
    0.6666666666666666,
    0.8888888888888888,
    0.4,
    0.5714285714285714,
    0.2222222222222222,
    0.0,
    0.25,
    0.5,
    0.6,
    0.5,
    0.6666666666666666,
    0.4444444444444444,
    0.6666666666666666,
    0.6666666666666666,
    0.5,
    0.3333333333333333,
    0.4,
    0.6666666666666666,
    0.2857142857142857,
    0.5,
    0.5454545454545454,
    0.6666666666666666,
    0.4,
    0.5714285714285714,
    0.0,
    0.6,
    0.4,
    0.1818181818181818,
    0.8,
    0.5714285714285714,
    0.8,
    0.6666666666666666,
    0.5,
    0.2857142857142857,
    0.5,
    0.5
  ]
}