{
  "t_test": {
    "t_stat": 0.2668855293232237,
    "p_value": 0.7906773214675964
  },
  "wilcoxon": {
    "w_stat": 451.0,
    "p_value": 0.9950106709582345
  }
}