{
  "mean": 0.47495304368833785,
  "std": 0.18456488931473666,
  "dist": [
    0.2,
    0.3333333333333333,
    0.6,
    0.6666666666666666,
    0.6,
    0.7272727272727273,
    0.75,
    0.5,
    0.1818181818181818,
    0.2857142857142857,
    0.5882352941176471,
    0.4444444444444444,
    0.6666666666666666,
    0.2857142857142857,
    0.3333333333333333,
    0.6666666666666666,
    0.2857142857142857,
    0.75,
    0.4615384615384615,
    0.0,
    0.4,
    0.5454545454545454,
    0.5714285714285714,
    0.6666666666666666,
    0.0,
    0.5333333333333333,
    0.4,
    0.3333333333333333,
    0.4615384615384615,
    0.6666666666666666,
    0.2857142857142857,
    0.6666666666666666,
    0.4444444444444444,
    0.5,
    0.5,
    0.5,
    0.4444444444444444,
    0.5,
    0.2857142857142857,
    0.6153846153846154,
    0.5714285714285714,
    0.375,
    0.5714285714285714,
    0.4,
    0.8,
    0.5714285714285714,
    0.3333333333333333,
    0.2222222222222222,
    0.5882352941176471,
    0.6666666666666666
  ]
}