{
  "t_test": {
    "t_stat": 0.07365258195182779,
    "p_value": 0.9415866790454589
  },
  "wilcoxon": {
    "w_stat": 290.5,
    "p_value": 0.9047228011047952
  }
}