{
  "f1": 0.375,
  "roc_auc": 0.696103896103896,
  "pr_auc": 0.3980529937051676
}