{
  "f1": 0.45454545454545453,
  "roc_auc": 0.6981132075471699,
  "pr_auc": 0.5228189807212795
}