{
  "f1": 0.0,
  "roc_auc": 0.42937853107344637,
  "pr_auc": 0.07092592592592592
}