{
  "f1": 0.15384615384615385,
  "roc_auc": 0.5166666666666666,
  "pr_auc": 0.20294784580498865
}