{
  "f1": 0.3333333333333333,
  "roc_auc": 0.6982456140350878,
  "pr_auc": 0.44453535943892464
}