{
  "f1": 0.42857142857142855,
  "roc_auc": 0.7672413793103449,
  "pr_auc": 0.7672413793103448
}