{
  "f1": 0.23529411764705882,
  "roc_auc": 0.6,
  "pr_auc": 0.23316265777566086
}