{
  "f1": 0.23529411764705882,
  "roc_auc": 0.6939655172413792,
  "pr_auc": 0.1847769877181642
}