{
  "f1": 0.3,
  "roc_auc": 0.7090909090909091,
  "pr_auc": 0.46916241653083757
}