{
  "f1": 0.3157894736842105,
  "roc_auc": 0.4719387755102041,
  "pr_auc": 0.33384438855011833
}