{
  "f1": 0.2222222222222222,
  "roc_auc": 0.6982758620689655,
  "pr_auc": 0.27306547619047616
}