{
  "f1": 0.2222222222222222,
  "roc_auc": 0.5386904761904762,
  "pr_auc": 0.15263915694023222
}