{
  "f1": 0.42105263157894735,
  "roc_auc": 0.7423076923076923,
  "pr_auc": 0.44696275946275943
}