{
  "mean": 0.27737621096093296,
  "std": 0.09876137038469021,
  "dist": [
    0.4,
    0.2857142857142857,
    0.25,
    0.2,
    0.2105263157894736,
    0.3333333333333333,
    0.1428571428571428,
    0.3478260869565217,
    0.25,
    0.2727272727272727,
    0.3333333333333333,
    0.0,
    0.4615384615384615,
    0.25,
    0.3636363636363636,
    0.1176470588235294,
    0.1,
    0.4210526315789473,
    0.3809523809523809,
    0.375,
    0.1904761904761904,
    0.4166666666666667,
    0.3333333333333333,
    0.1666666666666666,
    0.2222222222222222,
    0.25,
    0.3076923076923077,
    0.3333333333333333,
    0.2,
    0.3333333333333333,
    0.3,
    0.2352941176470588,
    0.3478260869565217,
    0.2105263157894736,
    0.2857142857142857,
    0.1666666666666666,
    0.2222222222222222,
    0.32,
    0.4705882352941176,
    0.1904761904761904,
    0.2727272727272727,
    0.4615384615384615,
    0.2222222222222222,
    0.3529411764705882,
    0.1428571428571428,
    0.3076923076923077,
    0.3157894736842105,
    0.2105263157894736,
    0.3333333333333333,
    0.25
  ]
}