{
  "t_test": {
    "t_stat": -2.0449701527700426,
    "p_value": 0.046248040650956716
  },
  "wilcoxon": {
    "w_stat": 375.5,
    "p_value": 0.046059393530226624
  }
}