{
  "mean": 0.2815757440014406,
  "std": 0.16342225668899912,
  "dist": [
    0.0,
    0.4,
    0.4285714285714285,
    0.3333333333333333,
    0.25,
    0.2352941176470588,
    0.2857142857142857,
    0.2,
    0.5,
    0.2,
    0.3636363636363636,
    0.1818181818181818,
    0.4210526315789473,
    0.2666666666666666,
    0.1818181818181818,
    0.1538461538461538,
    0.4444444444444444,
    0.0,
    0.3076923076923077,
    0.4,
    0.3333333333333333,
    0.4,
    0.25,
    0.0,
    0.5,
    0.1538461538461538,
    0.5,
    0.5263157894736842,
    0.1333333333333333,
    0.0,
    0.1333333333333333,
    0.4444444444444444,
    0.4,
    0.4615384615384615,
    0.0,
    0.5333333333333333,
    0.3157894736842105,
    0.1428571428571428,
    0.0,
    0.4444444444444444,
    0.3076923076923077,
    0.4,
    0.2352941176470588,
    0.1818181818181818,
    0.375,
    0.0,
    0.2666666666666666,
    0.3636363636363636,
    0.1666666666666666,
    0.5555555555555556
  ]
}