{
  "t_test": {
    "t_stat": 1.018477542729897,
    "p_value": 0.31345358423687447
  },
  "wilcoxon": {
    "w_stat": 318.0,
    "p_value": 0.21620992685607476
  }
}