{
  "f1": 0.35294117647058826,
  "roc_auc": 0.7890625,
  "pr_auc": 0.3263888888888889
}