{
  "f1": 0.14285714285714285,
  "roc_auc": 0.696969696969697,
  "pr_auc": 0.4323671497584541
}