{
  "f1": 0.36363636363636365,
  "roc_auc": 0.8686868686868686,
  "pr_auc": 0.31746031746031744
}