{
  "mean": 0.28578985969385756,
  "std": 0.09067782595939805,
  "dist": [
    0.4444444444444444,
    0.24,
    0.2857142857142857,
    0.1818181818181818,
    0.25,
    0.3529411764705882,
    0.1666666666666666,
    0.2,
    0.2666666666666666,
    0.4,
    0.2,
    0.2222222222222222,
    0.5,
    0.1333333333333333,
    0.4210526315789473,
    0.25,
    0.125,
    0.3529411764705882,
    0.3,
    0.4,
    0.1176470588235294,
    0.4210526315789473,
    0.3157894736842105,
    0.2,
    0.3157894736842105,
    0.2857142857142857,
    0.4,
    0.3529411764705882,
    0.2,
    0.2222222222222222,
    0.3529411764705882,
    0.2352941176470588,
    0.2222222222222222,
    0.3333333333333333,
    0.2857142857142857,
    0.2222222222222222,
    0.2352941176470588,
    0.3636363636363636,
    0.3529411764705882,
    0.2105263157894736,
    0.3636363636363636,
    0.3636363636363636,
    0.1818181818181818,
    0.25,
    0.3076923076923077,
    0.4,
    0.375,
    0.2857142857142857,
    0.25,
    0.1739130434782608
  ]
}