{
  "t_test": {
    "t_stat": -0.6504596318812319,
    "p_value": 0.5184337964253527
  },
  "wilcoxon": {
    "w_stat": 518.5,
    "p_value": 0.6301599709551782
  }
}