{
  "f1": 0.35,
  "roc_auc": 0.6463276836158192,
  "pr_auc": 0.39450279006752415
}