{
  "f1": 0.5777777777777777,
  "roc_auc": 0.8338493292053664,
  "pr_auc": 0.714391550058094
}