{
  "f1": 0.46153846153846156,
  "roc_auc": 0.8522727272727273,
  "pr_auc": 0.6336667065916078
}