{
  "f1": 0.6086956521739131,
  "roc_auc": 0.8303571428571428,
  "pr_auc": 0.7398023436808661
}