{
  "f1": 0.4897959183673469,
  "roc_auc": 0.7151675485008818,
  "pr_auc": 0.5671000464112903
}