{
  "f1": 0.6666666666666666,
  "roc_auc": 0.8492063492063492,
  "pr_auc": 0.7441606771818889
}