{
  "f1": 0.5416666666666666,
  "roc_auc": 0.7486772486772487,
  "pr_auc": 0.6223471598884402
}