{
  "f1": 0.4,
  "roc_auc": 0.7488095238095238,
  "pr_auc": 0.5253240146224445
}