{
  "f1": 0.4444444444444444,
  "roc_auc": 0.7578814627994955,
  "pr_auc": 0.4663475218180619
}