{
  "f1": 0.5,
  "roc_auc": 0.6996904024767802,
  "pr_auc": 0.4931854717754372
}