{
  "f1": 0.5,
  "roc_auc": 0.781217750257998,
  "pr_auc": 0.7019272552463438
}