{
  "f1": 0.55,
  "roc_auc": 0.7352941176470589,
  "pr_auc": 0.6100241142474283
}