{
  "f1": 0.6122448979591837,
  "roc_auc": 0.8068783068783069,
  "pr_auc": 0.6324163692867129
}