{
  "f1": 0.5,
  "roc_auc": 0.7393509127789047,
  "pr_auc": 0.6223714006675468
}