{
  "f1": 0.5531914893617021,
  "roc_auc": 0.7157894736842105,
  "pr_auc": 0.500822378141633
}