{
  "f1": 0.45,
  "roc_auc": 0.7468982630272952,
  "pr_auc": 0.44502437677171064
}