{
  "f1": 0.6153846153846154,
  "roc_auc": 0.6798029556650247,
  "pr_auc": 0.5516424435779275
}