{
  "f1": 0.25,
  "roc_auc": 0.6565656565656565,
  "pr_auc": 0.20666666666666667
}