{
  "f1": 0.6666666666666666,
  "roc_auc": 0.9393939393939393,
  "pr_auc": 0.7777777777777777
}