{
  "f1": 0.3076923076923077,
  "roc_auc": 0.5555555555555556,
  "pr_auc": 0.45873015873015865
}