{
  "f1": 0.7142857142857143,
  "roc_auc": 0.9741935483870968,
  "pr_auc": 0.81
}