{
  "f1": 0.6666666666666666,
  "roc_auc": 0.8,
  "pr_auc": 0.4525641025641025
}