{
  "f1": 0.36363636363636365,
  "roc_auc": 0.7722222222222221,
  "pr_auc": 0.49782828282828284
}