{
  "f1": 0.2222222222222222,
  "roc_auc": 0.4955357142857143,
  "pr_auc": 0.4196192696192696
}