{
  "f1": 0.7142857142857143,
  "roc_auc": 0.8325123152709359,
  "pr_auc": 0.7252009894867038
}