{
  "f1": 0.25,
  "roc_auc": 0.390625,
  "pr_auc": 0.16158424908424907
}