{
  "f1": 0.0,
  "roc_auc": 0.45806451612903226,
  "pr_auc": 0.14434817813765183
}