{
  "f1": 0.36363636363636365,
  "roc_auc": 0.7161290322580645,
  "pr_auc": 0.42179487179487185
}