{
  "f1": 0.5,
  "roc_auc": 0.8177339901477833,
  "pr_auc": 0.6213725490196078
}