{
  "f1": 0.2222222222222222,
  "roc_auc": 0.7070707070707071,
  "pr_auc": 0.2361111111111111
}