{
  "f1": 0.4444444444444444,
  "roc_auc": 0.6611111111111111,
  "pr_auc": 0.3995510662177329
}