{
  "f1": 0.4,
  "roc_auc": 0.6305418719211822,
  "pr_auc": 0.48881498618340724
}