{
  "f1": 0.5454545454545454,
  "roc_auc": 0.84375,
  "pr_auc": 0.4916666666666667
}