{
  "f1": 0.2,
  "roc_auc": 0.5032258064516129,
  "pr_auc": 0.2427777777777778
}