{
  "f1": 0.5,
  "roc_auc": 0.6009852216748768,
  "pr_auc": 0.5681508967223252
}