{
  "f1": 0.4,
  "roc_auc": 0.6129032258064516,
  "pr_auc": 0.448989898989899
}