{
  "f1": 0.3076923076923077,
  "roc_auc": 0.6157635467980295,
  "pr_auc": 0.43572100777069717
}