{
  "f1": 0.0,
  "roc_auc": 0.421875,
  "pr_auc": 0.11434386973180076
}