{
  "f1": 0.2,
  "roc_auc": 0.5546875,
  "pr_auc": 0.1877946127946128
}