{
  "f1": 0.36363636363636365,
  "roc_auc": 0.9264705882352942,
  "pr_auc": 0.3666666666666667
}