{
  "f1": 0.4,
  "roc_auc": 0.7548387096774194,
  "pr_auc": 0.3291925465838509
}