{
  "f1": 0.0,
  "roc_auc": 0.3535353535353535,
  "pr_auc": 0.09148148148148148
}