{
  "f1": 0.4444444444444444,
  "roc_auc": 0.6328125,
  "pr_auc": 0.3586309523809524
}