{
  "f1": 0.5454545454545454,
  "roc_auc": 0.7722222222222223,
  "pr_auc": 0.45634920634920634
}