{
  "f1": 0.5,
  "roc_auc": 0.9191919191919191,
  "pr_auc": 0.6111111111111112
}