{
  "f1": 0.4444444444444444,
  "roc_auc": 0.5833333333333334,
  "pr_auc": 0.409035409035409
}