{
  "f1": 0.4666666666666667,
  "roc_auc": 0.815136476426799,
  "pr_auc": 0.472788263144598
}