{
  "f1": 0.3448275862068966,
  "roc_auc": 0.7027417027417028,
  "pr_auc": 0.35665423008455643
}