{
  "f1": 0.4375,
  "roc_auc": 0.7120743034055728,
  "pr_auc": 0.5201499426412921
}