{
  "f1": 0.38461538461538464,
  "roc_auc": 0.7382133995037221,
  "pr_auc": 0.5233102534599663
}