{
  "f1": 0.34285714285714286,
  "roc_auc": 0.6477777777777777,
  "pr_auc": 0.4328061137198414
}