{
  "f1": 0.41379310344827586,
  "roc_auc": 0.7208994708994708,
  "pr_auc": 0.3707389726840527
}