{
  "f1": 0.3333333333333333,
  "roc_auc": 0.6415343915343915,
  "pr_auc": 0.23276239621086442
}