{
  "f1": 0.16,
  "roc_auc": 0.5227272727272727,
  "pr_auc": 0.17424695564651366
}