{
  "f1": 0.5,
  "roc_auc": 0.7406698564593301,
  "pr_auc": 0.5086836195266238
}