{
  "f1": 0.4375,
  "roc_auc": 0.6832627118644068,
  "pr_auc": 0.4374553560957559
}