{
  "f1": 0.55,
  "roc_auc": 0.7177033492822966,
  "pr_auc": 0.5554583060200298
}