{
  "mean": 0.4878941058941059,
  "std": 0.18526692989880306,
  "dist": [
    0.4,
    0.5714285714285714,
    0.6,
    0.6,
    0.2857142857142857,
    0.6666666666666666,
    0.8888888888888888,
    0.3333333333333333,
    0.2222222222222222,
    0.25,
    0.4615384615384615,
    0.5,
    1.0,
    0.2222222222222222,
    0.5,
    0.7272727272727273,
    0.5,
    0.6666666666666666,
    0.4,
    0.0,
    0.3333333333333333,
    0.5,
    0.6153846153846154,
    0.6666666666666666,
    0.4,
    0.5,
    0.6666666666666666,
    0.3333333333333333,
    0.5333333333333333,
    0.5,
    0.4,
    0.4,
    0.5454545454545454,
    0.4,
    0.6153846153846154,
    0.5714285714285714,
    0.25,
    0.75,
    0.2222222222222222,
    0.6666666666666666,
    0.3333333333333333,
    0.6153846153846154,
    0.5,
    0.4444444444444444,
    0.5,
    0.4,
    0.4,
    0.5714285714285714,
    0.7142857142857143,
    0.25
  ]
}