{
  "t_test": {
    "t_stat": -1.7738914656397249,
    "p_value": 0.08229508348645975
  },
  "wilcoxon": {
    "w_stat": 307.5,
    "p_value": 0.07174961978947725
  }
}