{
  "mean": 0.48676294948825566,
  "std": 0.11546725417771231,
  "dist": [
    0.6363636363636364,
    0.4705882352941176,
    0.4705882352941176,
    0.3333333333333333,
    0.5,
    0.5714285714285714,
    0.5714285714285714,
    0.5882352941176471,
    0.1666666666666666,
    0.5,
    0.2857142857142857,
    0.6666666666666666,
    0.4444444444444444,
    0.5,
    0.5454545454545454,
    0.64,
    0.5,
    0.5,
    0.3636363636363636,
    0.3333333333333333,
    0.4705882352941176,
    0.4444444444444444,
    0.4,
    0.5714285714285714,
    0.5555555555555556,
    0.6153846153846154,
    0.5454545454545454,
    0.4615384615384615,
    0.625,
    0.25,
    0.5555555555555556,
    0.4,
    0.4705882352941176,
    0.5555555555555556,
    0.5,
    0.4545454545454545,
    0.6666666666666666,
    0.3333333333333333,
    0.4285714285714285,
    0.5714285714285714,
    0.625,
    0.4705882352941176,
    0.5217391304347826,
    0.5714285714285714,
    0.2,
    0.4444444444444444,
    0.5263157894736842,
    0.4285714285714285,
    0.625,
    0.4615384615384615
  ]
}