{
  "t_test": {
    "t_stat": -0.06944288257400844,
    "p_value": 0.9449197224156827
  },
  "wilcoxon": {
    "w_stat": 577.5,
    "p_value": 0.7277041418401098
  }
}