{
  "f1": 0.11764705882352941,
  "roc_auc": 0.5810185185185185,
  "pr_auc": 0.16429394249161688
}