{
  "f1": 0.18181818181818182,
  "roc_auc": 0.7112068965517242,
  "pr_auc": 0.1332687780056201
}