{
  "f1": 0.4,
  "roc_auc": 0.8587570621468925,
  "pr_auc": 0.4273504273504274
}