{
  "f1": 0.36363636363636365,
  "roc_auc": 0.7012987012987013,
  "pr_auc": 0.20784929356357928
}