{
  "f1": 0.0,
  "roc_auc": 0.5084745762711864,
  "pr_auc": 0.06187134502923977
}