{
  "f1": 0.13333333333333333,
  "roc_auc": 0.6947368421052631,
  "pr_auc": 0.2129831932773109
}