{
  "f1": 0.4,
  "roc_auc": 0.7636363636363637,
  "pr_auc": 0.3926205264714581
}