{
  "f1": 0.0,
  "roc_auc": 0.28248587570621464,
  "pr_auc": 0.04533835392080329
}