{
  "f1": 0.25,
  "roc_auc": 0.4747474747474747,
  "pr_auc": 0.17114695340501793
}