{
  "f1": 0.47058823529411764,
  "roc_auc": 0.7946428571428572,
  "pr_auc": 0.6166674334437492
}