{
  "f1": 0.4444444444444444,
  "roc_auc": 0.5270935960591133,
  "pr_auc": 0.439152609842265
}