{
  "f1": 0.0,
  "roc_auc": 0.27941176470588236,
  "pr_auc": 0.05622188905547226
}