{
  "f1": 0.5454545454545454,
  "roc_auc": 0.828125,
  "pr_auc": 0.6101449275362318
}