{
  "f1": 0.2857142857142857,
  "roc_auc": 0.6911764705882353,
  "pr_auc": 0.29545454545454547
}