{
  "f1": 0.5714285714285714,
  "roc_auc": 0.9191919191919191,
  "pr_auc": 0.7575757575757576
}