{
  "f1": 0.2222222222222222,
  "roc_auc": 0.4776785714285714,
  "pr_auc": 0.34423646417814774
}