{
  "f1": 0.6,
  "roc_auc": 0.6387096774193549,
  "pr_auc": 0.5771428571428572
}