{
  "f1": 0.46153846153846156,
  "roc_auc": 0.7555555555555555,
  "pr_auc": 0.5127347353891976
}