{
  "f1": 0.0,
  "roc_auc": 0.4765625,
  "pr_auc": 0.13153717627401837
}