{
  "f1": 0.2,
  "roc_auc": 0.5161290322580645,
  "pr_auc": 0.1761666666666667
}