{
  "f1": 0.3333333333333333,
  "roc_auc": 0.5444444444444445,
  "pr_auc": 0.4008497675164342
}