{
  "f1": 0.2,
  "roc_auc": 0.4921875,
  "pr_auc": 0.21736111111111112
}