{
  "f1": 0.5333333333333333,
  "roc_auc": 0.6919642857142857,
  "pr_auc": 0.6507786195286196
}