{
  "f1": 0.42857142857142855,
  "roc_auc": 0.7098214285714286,
  "pr_auc": 0.5720211161387632
}