{
  "f1": 0.5,
  "roc_auc": 0.671875,
  "pr_auc": 0.5821428571428571
}