{
  "f1": 0.4,
  "roc_auc": 0.7333333333333334,
  "pr_auc": 0.35497198879551817
}