{
  "f1": 0.36363636363636365,
  "roc_auc": 0.5911330049261083,
  "pr_auc": 0.42985070485070487
}