{
  "f1": 0.5454545454545454,
  "roc_auc": 0.7111111111111111,
  "pr_auc": 0.5243215565796211
}