{
  "f1": 0.5,
  "roc_auc": 0.7536945812807881,
  "pr_auc": 0.6322849564228874
}