{
  "f1": 0.6153846153846154,
  "roc_auc": 0.7290640394088669,
  "pr_auc": 0.5648090005232862
}