{
  "f1": 0.2857142857142857,
  "roc_auc": 0.5858585858585859,
  "pr_auc": 0.24
}