{
  "f1": 0.4,
  "roc_auc": 0.5833333333333334,
  "pr_auc": 0.40882936507936507
}