{
  "f1": 0.625,
  "roc_auc": 0.8029556650246304,
  "pr_auc": 0.6957382953181273
}