{
  "f1": 0.5,
  "roc_auc": 0.71875,
  "pr_auc": 0.5171065493646139
}