{
  "f1": 0.18181818181818182,
  "roc_auc": 0.5665024630541872,
  "pr_auc": 0.35249845392702533
}