{
  "f1": 0.4,
  "roc_auc": 0.5161290322580645,
  "pr_auc": 0.2710714285714286
}