{
  "f1": 0.5333333333333333,
  "roc_auc": 0.7,
  "pr_auc": 0.4935966810966811
}