{
  "f1": 0.0,
  "roc_auc": 0.359375,
  "pr_auc": 0.10367063492063491
}