{
  "f1": 0.0,
  "roc_auc": 0.4747474747474747,
  "pr_auc": 0.10437710437710437
}