{
  "f1": 0.6829268292682927,
  "roc_auc": 0.8791887125220459,
  "pr_auc": 0.7907224735019769
}