{
  "f1": 0.5333333333333333,
  "roc_auc": 0.8465909090909091,
  "pr_auc": 0.6220957500007397
}