{
  "f1": 0.6153846153846154,
  "roc_auc": 0.8531073446327684,
  "pr_auc": 0.6871862694101143
}