{
  "f1": 0.5,
  "roc_auc": 0.7740046838407494,
  "pr_auc": 0.4128021918583933
}