{
  "f1": 0.5142857142857142,
  "roc_auc": 0.7251521298174441,
  "pr_auc": 0.5787638162902962
}