{
  "f1": 0.42857142857142855,
  "roc_auc": 0.7446153846153847,
  "pr_auc": 0.44633499099839363
}