{
  "f1": 0.46153846153846156,
  "roc_auc": 0.6757062146892655,
  "pr_auc": 0.4255074639964014
}