{
  "f1": 0.5454545454545454,
  "roc_auc": 0.7607142857142857,
  "pr_auc": 0.5251508961107423
}