{
  "f1": 0.5365853658536586,
  "roc_auc": 0.6916666666666667,
  "pr_auc": 0.553140854562908
}