{
  "f1": 0.5853658536585366,
  "roc_auc": 0.7901234567901235,
  "pr_auc": 0.6090328258810594
}