{
  "f1": 0.41379310344827586,
  "roc_auc": 0.8234375,
  "pr_auc": 0.5791257108904168
}