{
  "f1": 0.5555555555555556,
  "roc_auc": 0.8359133126934984,
  "pr_auc": 0.6887012948834978
}