{
  "f1": 0.6,
  "roc_auc": 0.7796610169491526,
  "pr_auc": 0.5652572847827639
}