{
  "f1": 0.5789473684210527,
  "roc_auc": 0.8033333333333332,
  "pr_auc": 0.6354278581182605
}