{
  "f1": 0.36363636363636365,
  "roc_auc": 0.6345238095238095,
  "pr_auc": 0.370475371594695
}