{
  "f1": 0.5454545454545454,
  "roc_auc": 0.7718052738336714,
  "pr_auc": 0.644564599264139
}