{
  "f1": 0.3870967741935484,
  "roc_auc": 0.7077777777777778,
  "pr_auc": 0.42971108204100533
}