{
  "f1": 0.5294117647058824,
  "roc_auc": 0.7856242118537201,
  "pr_auc": 0.508747064702276
}