{
  "f1": 0.45,
  "roc_auc": 0.7481389578163772,
  "pr_auc": 0.5020345323257547
}