{
  "f1": 0.5454545454545454,
  "roc_auc": 0.7890818858560794,
  "pr_auc": 0.6100348670936906
}