{
  "f1": 0.5365853658536586,
  "roc_auc": 0.7461300309597524,
  "pr_auc": 0.5917655607692993
}