{
  "f1": 0.6818181818181818,
  "roc_auc": 0.8337825696316262,
  "pr_auc": 0.696243026203059
}