{
  "f1": 0.4,
  "roc_auc": 0.6947890818858561,
  "pr_auc": 0.37238817761542553
}