{
  "f1": 0.5116279069767442,
  "roc_auc": 0.7733686067019401,
  "pr_auc": 0.6696594517010004
}