{
  "f1": 0.41379310344827586,
  "roc_auc": 0.6851851851851852,
  "pr_auc": 0.3230459970442658
}