{
  "f1": 0.3888888888888889,
  "roc_auc": 0.7034739454094293,
  "pr_auc": 0.44663218049531883
}