{
  "f1": 0.4375,
  "roc_auc": 0.7435597189695551,
  "pr_auc": 0.5069019062572103
}