{
  "f1": 0.43902439024390244,
  "roc_auc": 0.6504237288135594,
  "pr_auc": 0.42150650636010817
}