{
  "f1": 0.5641025641025641,
  "roc_auc": 0.782249742002064,
  "pr_auc": 0.6920022703338484
}