{
  "f1": 0.6285714285714286,
  "roc_auc": 0.9285714285714286,
  "pr_auc": 0.7985510968805899
}