{
  "f1": 0.5,
  "roc_auc": 0.7833333333333333,
  "pr_auc": 0.6285263392112957
}