{
  "f1": 0.7567567567567568,
  "roc_auc": 0.8422619047619048,
  "pr_auc": 0.7858458863960451
}