{
  "f1": 0.4864864864864865,
  "roc_auc": 0.7301587301587301,
  "pr_auc": 0.5284583618548828
}