{
  "f1": 0.5641025641025641,
  "roc_auc": 0.767464114832536,
  "pr_auc": 0.6615121991849111
}