{
  "f1": 0.5789473684210527,
  "roc_auc": 0.7693779904306219,
  "pr_auc": 0.5763665697760949
}