{
  "f1": 0.6111111111111112,
  "roc_auc": 0.8167372881355932,
  "pr_auc": 0.6758329721511579
}