{
  "f1": 0.5909090909090909,
  "roc_auc": 0.7762803234501348,
  "pr_auc": 0.605059241955711
}