{
  "f1": 0.5405405405405406,
  "roc_auc": 0.808316430020284,
  "pr_auc": 0.7377349757839927
}