{
  "f1": 0.6956521739130435,
  "roc_auc": 0.8386243386243386,
  "pr_auc": 0.7838872486197219
}