{
  "f1": 0.5405405405405406,
  "roc_auc": 0.7397660818713451,
  "pr_auc": 0.6085532757634208
}