{
  "f1": 0.25,
  "roc_auc": 0.6015384615384616,
  "pr_auc": 0.2770333745503209
}