{
  "f1": 0.5,
  "roc_auc": 0.7870762711864407,
  "pr_auc": 0.6395927688494986
}