{
  "f1": 0.5142857142857142,
  "roc_auc": 0.8312655086848635,
  "pr_auc": 0.6391664530630143
}