{
  "f1": 0.5,
  "roc_auc": 0.771186440677966,
  "pr_auc": 0.4630024555463019
}