{
  "f1": 0.5641025641025641,
  "roc_auc": 0.8045634920634921,
  "pr_auc": 0.6491332445619681
}