{
  "f1": 0.5454545454545454,
  "roc_auc": 0.8157894736842105,
  "pr_auc": 0.5633686606879151
}