{
  "f1": 0.42424242424242425,
  "roc_auc": 0.7427490542244641,
  "pr_auc": 0.5349032257051125
}