{
  "f1": 0.5555555555555556,
  "roc_auc": 0.7404661016949153,
  "pr_auc": 0.4738948666259474
}