{
  "f1": 0.3888888888888889,
  "roc_auc": 0.7028248587570621,
  "pr_auc": 0.4788483570905435
}