{
  "f1": 0.631578947368421,
  "roc_auc": 0.8169642857142857,
  "pr_auc": 0.6551113816738816
}