{
  "f1": 0.631578947368421,
  "roc_auc": 0.8719211822660099,
  "pr_auc": 0.543596681096681
}