{
  "f1": 0.6363636363636364,
  "roc_auc": 0.8229166666666666,
  "pr_auc": 0.7007435811315122
}