{
  "f1": 0.8333333333333334,
  "roc_auc": 0.9055555555555556,
  "pr_auc": 0.851010101010101
}