{
  "f1": 0.2222222222222222,
  "roc_auc": 0.6868686868686869,
  "pr_auc": 0.16374269005847952
}