{
  "f1": 0.5,
  "roc_auc": 0.7339901477832512,
  "pr_auc": 0.3847196454339311
}