{
  "f1": 0.5714285714285714,
  "roc_auc": 0.8611111111111112,
  "pr_auc": 0.6823593073593073
}