{
  "f1": 0.5714285714285714,
  "roc_auc": 0.8903225806451612,
  "pr_auc": 0.5633333333333334
}