{
  "f1": 0.75,
  "roc_auc": 0.9444444444444444,
  "pr_auc": 0.6607142857142857
}