{
  "f1": 0.6666666666666666,
  "roc_auc": 0.8555555555555556,
  "pr_auc": 0.805316091954023
}