{
  "f1": 0.6666666666666666,
  "roc_auc": 0.9310344827586207,
  "pr_auc": 0.8588235294117645
}