{
  "f1": 0.6153846153846154,
  "roc_auc": 0.8709677419354839,
  "pr_auc": 0.6476190476190475
}