{
  "f1": 0.5714285714285714,
  "roc_auc": 0.9411764705882353,
  "pr_auc": 0.45
}