{
  "f1": 0.5454545454545454,
  "roc_auc": 0.7890625,
  "pr_auc": 0.782258064516129
}