{
  "f1": 0.5,
  "roc_auc": 0.8944444444444445,
  "pr_auc": 0.7916666666666666
}