{
  "f1": 0.5333333333333333,
  "roc_auc": 0.8055555555555556,
  "pr_auc": 0.4641131815044859
}