{
  "f1": 0.7692307692307693,
  "roc_auc": 0.8226600985221675,
  "pr_auc": 0.7902837902837903
}