{
  "f1": 0.7692307692307693,
  "roc_auc": 0.7832512315270936,
  "pr_auc": 0.7580463015245624
}