{
  "f1": 0.8235294117647058,
  "roc_auc": 0.9642857142857143,
  "pr_auc": 0.8993055555555556
}