{
  "f1": 0.625,
  "roc_auc": 0.9277777777777778,
  "pr_auc": 0.7973544973544974
}