{
  "f1": 0.6153846153846154,
  "roc_auc": 0.984375,
  "pr_auc": 0.8875
}