{
  "f1": 0.5714285714285714,
  "roc_auc": 0.8984375,
  "pr_auc": 0.44047619047619047
}