{
  "f1": 0.7142857142857143,
  "roc_auc": 0.9741935483870967,
  "pr_auc": 0.885
}