{
  "f1": 0.5,
  "roc_auc": 0.7111111111111111,
  "pr_auc": 0.5122605363984674
}