{
  "f1": 0.5882352941176471,
  "roc_auc": 0.8125,
  "pr_auc": 0.5356481481481481
}