{
  "f1": 0.25,
  "roc_auc": 0.703125,
  "pr_auc": 0.27257799671592775
}