{
  "f1": 0.5882352941176471,
  "roc_auc": 0.7633928571428571,
  "pr_auc": 0.4614606429834134
}