{
  "f1": 0.4,
  "roc_auc": 0.8828125,
  "pr_auc": 0.8026315789473684
}