{
  "f1": 0.5,
  "roc_auc": 0.8222222222222222,
  "pr_auc": 0.5030756280756281
}