{
  "f1": 0.46153846153846156,
  "roc_auc": 0.75,
  "pr_auc": 0.3824074074074074
}