{
  "f1": 0.46153846153846156,
  "roc_auc": 0.7,
  "pr_auc": 0.3969156447417317
}