{
  "f1": 0.5714285714285714,
  "roc_auc": 0.8666666666666666,
  "pr_auc": 0.5992063492063492
}