{
  "f1": 0.5333333333333333,
  "roc_auc": 0.8444444444444446,
  "pr_auc": 0.6061507936507936
}