{
  "f1": 0.43902439024390244,
  "roc_auc": 0.6898263027295285,
  "pr_auc": 0.3864666745944939
}