{
  "f1": 0.5,
  "roc_auc": 0.7124756335282652,
  "pr_auc": 0.5217707848009951
}