{
  "f1": 0.4186046511627907,
  "roc_auc": 0.6985111662531017,
  "pr_auc": 0.40597347821732943
}