{
  "f1": 0.5641025641025641,
  "roc_auc": 0.8022222222222222,
  "pr_auc": 0.5183662341557078
}