{
  "f1": 0.5714285714285714,
  "roc_auc": 0.7976190476190476,
  "pr_auc": 0.60525448117688
}