{
  "f1": 0.45,
  "roc_auc": 0.7121588089330024,
  "pr_auc": 0.4621763421763422
}