{
  "f1": 0.6046511627906976,
  "roc_auc": 0.8575851393188855,
  "pr_auc": 0.7055683095247838
}