{
  "f1": 0.4888888888888889,
  "roc_auc": 0.8349875930521092,
  "pr_auc": 0.6406156540265853
}