{
  "f1": 0.42105263157894735,
  "roc_auc": 0.8296875,
  "pr_auc": 0.5642284713097521
}