{
  "f1": 0.37209302325581395,
  "roc_auc": 0.6513647642679902,
  "pr_auc": 0.32653563141348685
}