{
  "f1": 0.5,
  "roc_auc": 0.8522727272727273,
  "pr_auc": 0.6123512452459821
}