{
  "f1": 0.45,
  "roc_auc": 0.6392857142857143,
  "pr_auc": 0.4041390927269899
}