{
  "f1": 0.7,
  "roc_auc": 0.8303571428571428,
  "pr_auc": 0.7334636042969377
}