{
  "f1": 0.6190476190476191,
  "roc_auc": 0.7870182555780932,
  "pr_auc": 0.6893355687818208
}