{
  "f1": 0.6190476190476191,
  "roc_auc": 0.8497175141242939,
  "pr_auc": 0.6631476299948952
}