{
  "f1": 0.47619047619047616,
  "roc_auc": 0.6870813397129186,
  "pr_auc": 0.5591109738272892
}