{
  "f1": 0.3684210526315789,
  "roc_auc": 0.6811111111111111,
  "pr_auc": 0.34359439938862274
}