{
  "f1": 0.5,
  "roc_auc": 0.6768518518518518,
  "pr_auc": 0.5315822233826221
}