{
  "f1": 0.6530612244897959,
  "roc_auc": 0.8597883597883598,
  "pr_auc": 0.7241242165131359
}