{
  "f1": 0.55,
  "roc_auc": 0.7775423728813559,
  "pr_auc": 0.6317077834021927
}