{
  "f1": 0.2857142857142857,
  "roc_auc": 0.5707692307692308,
  "pr_auc": 0.2624998640463911
}