{
  "f1": 0.6190476190476191,
  "roc_auc": 0.7617224880382775,
  "pr_auc": 0.5383133156012182
}