{
  "f1": 0.4444444444444444,
  "roc_auc": 0.6878306878306878,
  "pr_auc": 0.3177392099298793
}