{
  "f1": 0.6222222222222222,
  "roc_auc": 0.7724867724867724,
  "pr_auc": 0.5596361992946444
}