{
  "f1": 0.5365853658536586,
  "roc_auc": 0.7549603174603174,
  "pr_auc": 0.5201657547325331
}