{
  "f1": 0.46153846153846156,
  "roc_auc": 0.6835699797160244,
  "pr_auc": 0.481077857316373
}