{
  "f1": 0.391304347826087,
  "roc_auc": 0.6197033898305084,
  "pr_auc": 0.373740786005916
}