{
  "f1": 0.3870967741935484,
  "roc_auc": 0.7092307692307692,
  "pr_auc": 0.3510809649910941
}