{
  "f1": 0.5263157894736842,
  "roc_auc": 0.7490542244640606,
  "pr_auc": 0.44482227784281214
}