{
  "f1": 0.43902439024390244,
  "roc_auc": 0.7447306791569086,
  "pr_auc": 0.5026367808554163
}