{
  "f1": 0.5365853658536586,
  "roc_auc": 0.7755555555555556,
  "pr_auc": 0.5402042323751971
}