{
  "f1": 0.4888888888888889,
  "roc_auc": 0.75,
  "pr_auc": 0.41563532191481445
}