{
  "f1": 0.5238095238095238,
  "roc_auc": 0.783975659229209,
  "pr_auc": 0.6795873929182981
}