{
  "f1": 0.6521739130434783,
  "roc_auc": 0.8364779874213837,
  "pr_auc": 0.6787075682269244
}