{
  "f1": 0.5116279069767442,
  "roc_auc": 0.7552693208430913,
  "pr_auc": 0.36583167338696804
}