{
  "f1": 0.6274509803921569,
  "roc_auc": 0.7906558849955077,
  "pr_auc": 0.5959996360447921
}