{
  "f1": 0.6530612244897959,
  "roc_auc": 0.8165784832451499,
  "pr_auc": 0.7725131450645795
}