{
  "f1": 0.5641025641025641,
  "roc_auc": 0.7436440677966102,
  "pr_auc": 0.4808078360237006
}