{
  "f1": 0.43243243243243246,
  "roc_auc": 0.6973518284993695,
  "pr_auc": 0.4263395470503852
}