{
  "f1": 0.5306122448979592,
  "roc_auc": 0.718694885361552,
  "pr_auc": 0.5462164276869463
}