{
  "f1": 0.56,
  "roc_auc": 0.7826510721247564,
  "pr_auc": 0.5083917358936852
}