{
  "f1": 0.5294117647058824,
  "roc_auc": 0.7369047619047618,
  "pr_auc": 0.4419232245586926
}