{
  "f1": 0.5238095238095238,
  "roc_auc": 0.7754237288135594,
  "pr_auc": 0.5722688661810664
}