{
  "f1": 0.5454545454545454,
  "roc_auc": 0.7933333333333332,
  "pr_auc": 0.6266207215325753
}