{
  "f1": 0.41025641025641024,
  "roc_auc": 0.6350282485875706,
  "pr_auc": 0.3464140420817494
}