{
  "f1": 0.5238095238095238,
  "roc_auc": 0.7027863777089783,
  "pr_auc": 0.5421481979784144
}