{
  "f1": 0.5909090909090909,
  "roc_auc": 0.7853457172342622,
  "pr_auc": 0.678603480163761
}