{
  "f1": 0.5714285714285714,
  "roc_auc": 0.8833333333333334,
  "pr_auc": 0.47619047619047616
}