{
  "f1": 0.3333333333333333,
  "roc_auc": 0.5333333333333333,
  "pr_auc": 0.4338235294117647
}