{
  "f1": 0.46153846153846156,
  "roc_auc": 0.6274509803921569,
  "pr_auc": 0.42037037037037034
}