{
  "f1": 0.8333333333333334,
  "roc_auc": 0.9777777777777777,
  "pr_auc": 0.9266666666666665
}