{
  "f1": 0.25,
  "roc_auc": 0.32407407407407407,
  "pr_auc": 0.35189299005088476
}