{
  "f1": 0.25,
  "roc_auc": 0.25000000000000006,
  "pr_auc": 0.16866883116883116
}