{
  "f1": 0.0,
  "roc_auc": 0.40476190476190477,
  "pr_auc": 0.10818713450292397
}