{
  "f1": 0.6666666666666666,
  "roc_auc": 0.7843137254901961,
  "pr_auc": 0.7567099567099567
}