{
  "f1": 0.5,
  "roc_auc": 0.7105263157894737,
  "pr_auc": 0.4305555555555556
}