{
  "f1": 0.5714285714285714,
  "roc_auc": 0.71875,
  "pr_auc": 0.7185340802987862
}