{
  "f1": 0.8,
  "roc_auc": 0.7156862745098039,
  "pr_auc": 0.7581453634085212
}