{
  "f1": 0.75,
  "roc_auc": 0.7236842105263158,
  "pr_auc": 0.5246212121212122
}