{
  "f1": 0.5714285714285714,
  "roc_auc": 0.6499999999999999,
  "pr_auc": 0.43434343434343436
}