{
  "f1": 0.7692307692307693,
  "roc_auc": 0.8137254901960784,
  "pr_auc": 0.7226190476190476
}