{
  "f1": 0.8571428571428571,
  "roc_auc": 0.95,
  "pr_auc": 0.6388888888888888
}