{
  "f1": 0.5714285714285714,
  "roc_auc": 0.6666666666666666,
  "pr_auc": 0.3277777777777778
}