{
  "f1": 0.4,
  "roc_auc": 0.6499999999999999,
  "pr_auc": 0.4944444444444444
}