{
  "f1": 0.42857142857142855,
  "roc_auc": 0.45,
  "pr_auc": 0.3988171185539607
}