{
  "f1": 0.6,
  "roc_auc": 0.5462962962962963,
  "pr_auc": 0.5230104246122552
}