{
  "f1": 0.6666666666666666,
  "roc_auc": 0.6833333333333332,
  "pr_auc": 0.4388888888888889
}