{
  "f1": 0.25,
  "roc_auc": 0.2592592592592592,
  "pr_auc": 0.3282640478006611
}