{
  "f1": 0.2857142857142857,
  "roc_auc": 0.3111111111111111,
  "pr_auc": 0.34378787878787875
}