{
  "f1": 0.6153846153846154,
  "roc_auc": 0.5892857142857143,
  "pr_auc": 0.5854772211915069
}