{
  "f1": 0.75,
  "roc_auc": 0.881578947368421,
  "pr_auc": 0.5791666666666666
}