{
  "f1": 0.2857142857142857,
  "roc_auc": 0.7936507936507937,
  "pr_auc": 0.31746031746031744
}