{
  "mean": 0.50518897799976,
  "std": 0.12365139762852378,
  "dist": [
    0.5454545454545454,
    0.5263157894736842,
    0.5882352941176471,
    0.4285714285714285,
    0.4285714285714285,
    0.625,
    0.7,
    0.3157894736842105,
    0.3076923076923077,
    0.5555555555555556,
    0.2666666666666666,
    0.631578947368421,
    0.5714285714285714,
    0.6,
    0.4444444444444444,
    0.64,
    0.4705882352941176,
    0.5882352941176471,
    0.3636363636363636,
    0.375,
    0.5,
    0.6153846153846154,
    0.3333333333333333,
    0.6,
    0.4761904761904761,
    0.7058823529411765,
    0.6363636363636364,
    0.3333333333333333,
    0.5263157894736842,
    0.25,
    0.7142857142857143,
    0.4761904761904761,
    0.3478260869565217,
    0.5882352941176471,
    0.5454545454545454,
    0.4545454545454545,
    0.5555555555555556,
    0.4,
    0.4285714285714285,
    0.7058823529411765,
    0.5555555555555556,
    0.4210526315789473,
    0.6,
    0.625,
    0.3076923076923077,
    0.4705882352941176,
    0.4761904761904761,
    0.5,
    0.4705882352941176,
    0.6666666666666666
  ]
}