{
  "t_test": {
    "t_stat": 0.8401391880422726,
    "p_value": 0.4049111441470644
  },
  "wilcoxon": {
    "w_stat": 502.0,
    "p_value": 0.67401380471098
  }
}