{
  "mean": 0.4952503758711188,
  "std": 0.12395422569679736,
  "dist": [
    0.5714285714285714,
    0.4705882352941176,
    0.5714285714285714,
    0.4285714285714285,
    0.4615384615384615,
    0.7142857142857143,
    0.6666666666666666,
    0.4,
    0.0,
    0.5882352941176471,
    0.3076923076923077,
    0.6,
    0.5333333333333333,
    0.6666666666666666,
    0.375,
    0.5833333333333334,
    0.4705882352941176,
    0.4705882352941176,
    0.5,
    0.4615384615384615,
    0.5555555555555556,
    0.4615384615384615,
    0.4,
    0.5714285714285714,
    0.4705882352941176,
    0.5555555555555556,
    0.6,
    0.3333333333333333,
    0.5882352941176471,
    0.3333333333333333,
    0.5333333333333333,
    0.5555555555555556,
    0.4,
    0.5555555555555556,
    0.4615384615384615,
    0.4210526315789473,
    0.5,
    0.4,
    0.5454545454545454,
    0.6666666666666666,
    0.5882352941176471,
    0.4285714285714285,
    0.5263157894736842,
    0.6666666666666666,
    0.2857142857142857,
    0.5,
    0.5882352941176471,
    0.4285714285714285,
    0.375,
    0.625
  ]
}