{
  "f1": 0.2,
  "roc_auc": 0.6764705882352942,
  "pr_auc": 0.15000000000000002
}