{
  "f1": 0.3076923076923077,
  "roc_auc": 0.7265625,
  "pr_auc": 0.23385642135642135
}