{
  "f1": 0.6153846153846154,
  "roc_auc": 0.9161290322580644,
  "pr_auc": 0.6385281385281385
}