{
  "f1": 0.26666666666666666,
  "roc_auc": 0.8676470588235293,
  "pr_auc": 0.25
}