{
  "f1": 0.2,
  "roc_auc": 0.7265625,
  "pr_auc": 0.21741452991452992
}