{
  "f1": 0.16666666666666666,
  "roc_auc": 0.7548387096774194,
  "pr_auc": 0.287012987012987
}