{
  "f1": 0.25,
  "roc_auc": 0.671875,
  "pr_auc": 0.19366883116883116
}