{
  "f1": 0.16666666666666666,
  "roc_auc": 0.6875,
  "pr_auc": 0.264572192513369
}