{
  "mean": 0.40996814296814293,
  "std": 0.24265528267338074,
  "dist": [
    0.2222222222222222,
    0.0,
    0.5714285714285714,
    0.75,
    0.3333333333333333,
    0.8,
    0.6666666666666666,
    0.4,
    0.0,
    0.0,
    0.4615384615384615,
    0.4,
    0.6666666666666666,
    0.0,
    0.5,
    0.8888888888888888,
    0.0,
    0.5714285714285714,
    0.25,
    0.0,
    0.25,
    0.5714285714285714,
    0.5454545454545454,
    0.5,
    0.0,
    0.5,
    0.5,
    0.5,
    0.3636363636363636,
    0.4,
    0.3333333333333333,
    0.5714285714285714,
    0.2857142857142857,
    0.5,
    0.5,
    0.5714285714285714,
    0.4,
    0.5714285714285714,
    0.0,
    0.5,
    0.3333333333333333,
    0.0,
    0.6666666666666666,
    0.6666666666666666,
    0.8,
    0.6666666666666666,
    0.3333333333333333,
    0.2857142857142857,
    0.5,
    0.4
  ]
}