{
  "t_test": {
    "t_stat": -5.589077961531427,
    "p_value": 9.988553758679698e-07
  },
  "wilcoxon": {
    "w_stat": 9.0,
    "p_value": 6.390022203329728e-06
  }
}