{
  "f1": 0.36363636363636365,
  "roc_auc": 0.6447368421052633,
  "pr_auc": 0.5222222222222221
}