{
  "f1": 0.5333333333333333,
  "roc_auc": 0.7685185185185186,
  "pr_auc": 0.5502136752136753
}