{
  "f1": 0.5,
  "roc_auc": 0.9166666666666667,
  "pr_auc": 0.6984126984126984
}