{
  "f1": 0.18181818181818182,
  "roc_auc": 0.5873015873015873,
  "pr_auc": 0.43977591036414565
}