{
  "f1": 0.4,
  "roc_auc": 0.6447368421052632,
  "pr_auc": 0.4838235294117647
}