{
  "f1": 0.5,
  "roc_auc": 0.788888888888889,
  "pr_auc": 0.5274891774891775
}