{
  "f1": 0.36363636363636365,
  "roc_auc": 0.7236842105263158,
  "pr_auc": 0.4338235294117647
}