{
  "f1": 0.2857142857142857,
  "roc_auc": 0.9545454545454546,
  "pr_auc": 0.5
}