{
  "f1": 0.2857142857142857,
  "roc_auc": 0.6973684210526315,
  "pr_auc": 0.4838235294117647
}