{
  "f1": 0.5,
  "roc_auc": 0.7407407407407408,
  "pr_auc": 0.6465099715099714
}