{
  "f1": 0.46153846153846156,
  "roc_auc": 0.6862745098039216,
  "pr_auc": 0.5978835978835978
}