{
  "f1": 0.14285714285714285,
  "roc_auc": 0.38888888888888884,
  "pr_auc": 0.35528246973259764
}