{
  "f1": 0.36363636363636365,
  "roc_auc": 0.75,
  "pr_auc": 0.6306818181818181
}