{
  "f1": 0.5882352941176471,
  "roc_auc": 0.7890625,
  "pr_auc": 0.7946524064171123
}