{
  "f1": 0.2857142857142857,
  "roc_auc": 0.8809523809523809,
  "pr_auc": 0.41666666666666663
}