{
  "f1": 0.5454545454545454,
  "roc_auc": 0.8421052631578947,
  "pr_auc": 0.6083333333333334
}