{
  "f1": 0.5555555555555556,
  "roc_auc": 0.803921568627451,
  "pr_auc": 0.537037037037037
}