{
  "f1": 0.36363636363636365,
  "roc_auc": 0.6833333333333333,
  "pr_auc": 0.6031746031746031
}