{
  "mean": 0.538665619038684,
  "std": 0.12982820551017837,
  "dist": [
    0.631578947368421,
    0.5,
    0.5714285714285714,
    0.4444444444444444,
    0.5454545454545454,
    0.7692307692307693,
    0.7058823529411765,
    0.4285714285714285,
    0.2,
    0.5333333333333333,
    0.4,
    0.625,
    0.6153846153846154,
    0.5555555555555556,
    0.5,
    0.6363636363636364,
    0.5,
    0.5714285714285714,
    0.5714285714285714,
    0.4285714285714285,
    0.625,
    0.6666666666666666,
    0.3636363636363636,
    0.6666666666666666,
    0.4,
    0.75,
    0.5555555555555556,
    0.5,
    0.5882352941176471,
    0.2,
    0.8333333333333334,
    0.4,
    0.4,
    0.6666666666666666,
    0.5,
    0.5882352941176471,
    0.5714285714285714,
    0.3333333333333333,
    0.5,
    0.7142857142857143,
    0.5882352941176471,
    0.5,
    0.625,
    0.5714285714285714,
    0.3333333333333333,
    0.5714285714285714,
    0.5263157894736842,
    0.6153846153846154,
    0.5,
    0.5454545454545454
  ]
}