{
  "t_test": {
    "t_stat": 3.242466190795046,
    "p_value": 0.0021349750620917544
  },
  "wilcoxon": {
    "w_stat": 275.0,
    "p_value": 0.003721402694891373
  }
}