{
  "mean": 0.5019647816895075,
  "std": 0.0966693109374585,
  "dist": [
    0.55,
    0.5116279069767442,
    0.4705882352941176,
    0.375,
    0.5909090909090909,
    0.6111111111111112,
    0.4390243902439024,
    0.4571428571428571,
    0.4736842105263157,
    0.5581395348837209,
    0.5,
    0.3783783783783784,
    0.6857142857142857,
    0.4102564102564102,
    0.5652173913043478,
    0.5333333333333333,
    0.4375,
    0.4888888888888889,
    0.4878048780487805,
    0.5777777777777777,
    0.3529411764705882,
    0.6521739130434783,
    0.4444444444444444,
    0.5581395348837209,
    0.4705882352941176,
    0.6511627906976745,
    0.4571428571428571,
    0.4545454545454545,
    0.5882352941176471,
    0.3783783783783784,
    0.6363636363636364,
    0.4444444444444444,
    0.4571428571428571,
    0.4444444444444444,
    0.5238095238095238,
    0.3684210526315789,
    0.4,
    0.5555555555555556,
    0.6530612244897959,
    0.5142857142857142,
    0.4375,
    0.5238095238095238,
    0.4761904761904761,
    0.6,
    0.4864864864864865,
    0.5,
    0.4,
    0.24,
    0.6046511627906976,
    0.7222222222222222
  ]
}