{
  "t_test": {
    "t_stat": 1.353870090508689,
    "p_value": 0.18198964108182095
  },
  "wilcoxon": {
    "w_stat": 408.0,
    "p_value": 0.14772558807823477
  }
}