{
  "f1": 0.46153846153846156,
  "roc_auc": 0.9032258064516129,
  "pr_auc": 0.6131313131313132
}