{
  "f1": 0.3076923076923077,
  "roc_auc": 0.8383838383838383,
  "pr_auc": 0.33333333333333337
}