{
  "f1": 0.5454545454545454,
  "roc_auc": 0.8828125,
  "pr_auc": 0.4714285714285714
}