{
  "f1": 0.36363636363636365,
  "roc_auc": 0.84375,
  "pr_auc": 0.3964285714285714
}