{
  "f1": 0.4,
  "roc_auc": 0.888888888888889,
  "pr_auc": 0.6324786324786325
}