{
  "f1": 0.0,
  "roc_auc": 0.7171717171717171,
  "pr_auc": 0.17456427015250545
}