{
  "f1": 0.5,
  "roc_auc": 0.8515625,
  "pr_auc": 0.3540064102564103
}