{
  "f1": 0.4,
  "roc_auc": 0.8181818181818182,
  "pr_auc": 0.26587301587301587
}