{
  "f1": 0.2222222222222222,
  "roc_auc": 0.7777777777777779,
  "pr_auc": 0.45604395604395603
}