{
  "f1": 0.3076923076923077,
  "roc_auc": 0.8046875,
  "pr_auc": 0.31245421245421245
}