{
  "f1": 0.6,
  "roc_auc": 0.8516129032258064,
  "pr_auc": 0.5073717948717948
}