{
  "f1": 0.2222222222222222,
  "roc_auc": 0.7483870967741936,
  "pr_auc": 0.28777777777777774
}