{
  "f1": 0.3333333333333333,
  "roc_auc": 0.7941176470588236,
  "pr_auc": 0.20192307692307693
}