{
  "f1": 0.6666666666666666,
  "roc_auc": 0.9696969696969697,
  "pr_auc": 0.7555555555555555
}