{
  "f1": 0.25,
  "roc_auc": 0.8709677419354839,
  "pr_auc": 0.521031746031746
}