{
  "f1": 0.4,
  "roc_auc": 0.8203125,
  "pr_auc": 0.34794372294372294
}