{
  "f1": 0.6,
  "roc_auc": 0.890625,
  "pr_auc": 0.5458333333333333
}