{
  "f1": 0.42857142857142855,
  "roc_auc": 0.7935483870967741,
  "pr_auc": 0.41388888888888886
}