{
  "f1": 0.0,
  "roc_auc": 0.676470588235294,
  "pr_auc": 0.11688311688311688
}