{
  "f1": 0.2,
  "roc_auc": 0.8359375,
  "pr_auc": 0.3060876623376624
}