{
  "f1": 0.2222222222222222,
  "roc_auc": 0.796875,
  "pr_auc": 0.32016594516594515
}