{
  "f1": 0.4444444444444444,
  "roc_auc": 0.832258064516129,
  "pr_auc": 0.43653846153846154
}