{
  "f1": 0.25,
  "roc_auc": 0.8046875,
  "pr_auc": 0.4464285714285714
}