{
  "f1": 0.2222222222222222,
  "roc_auc": 0.767741935483871,
  "pr_auc": 0.41835497835497837
}