{
  "f1": 0.5714285714285714,
  "roc_auc": 0.8787878787878788,
  "pr_auc": 0.4658119658119658
}