{
  "f1": 0.2,
  "roc_auc": 0.6470588235294117,
  "pr_auc": 0.16847826086956522
}