{
  "f1": 0.36363636363636365,
  "roc_auc": 0.8484848484848484,
  "pr_auc": 0.5333333333333333
}