{
  "f1": 0.2222222222222222,
  "roc_auc": 0.797979797979798,
  "pr_auc": 0.2547008547008547
}