{
  "f1": 0.0,
  "roc_auc": 0.7272727272727273,
  "pr_auc": 0.17414529914529916
}