{
  "mean": 0.27757078018375636,
  "std": 0.11885972837299433,
  "dist": [
    0.4444444444444444,
    0.3333333333333333,
    0.2352941176470588,
    0.1666666666666666,
    0.1428571428571428,
    0.2857142857142857,
    0.3333333333333333,
    0.1904761904761904,
    0.3333333333333333,
    0.3,
    0.2,
    0.0,
    0.5,
    0.375,
    0.3157894736842105,
    0.25,
    0.0,
    0.3529411764705882,
    0.3529411764705882,
    0.375,
    0.3529411764705882,
    0.4,
    0.3076923076923077,
    0.0,
    0.2222222222222222,
    0.4615384615384615,
    0.3333333333333333,
    0.4,
    0.1739130434782608,
    0.125,
    0.2352941176470588,
    0.125,
    0.4,
    0.3333333333333333,
    0.3076923076923077,
    0.3076923076923077,
    0.1428571428571428,
    0.3636363636363636,
    0.4,
    0.1333333333333333,
    0.3157894736842105,
    0.25,
    0.25,
    0.4444444444444444,
    0.1818181818181818,
    0.3333333333333333,
    0.3076923076923077,
    0.1428571428571428,
    0.4,
    0.24
  ]
}