{
  "t_test": {
    "t_stat": -1.3271679686167557,
    "p_value": 0.19060420155685598
  },
  "wilcoxon": {
    "w_stat": 262.0,
    "p_value": 0.07404637561221204
  }
}