{
  "f1": 0.47058823529411764,
  "roc_auc": 0.7589285714285714,
  "pr_auc": 0.5460719775393688
}