{
  "f1": 0.42857142857142855,
  "roc_auc": 0.6722222222222222,
  "pr_auc": 0.4064644137224782
}