{
  "f1": 0.6666666666666666,
  "roc_auc": 0.9,
  "pr_auc": 0.664021164021164
}