{
  "f1": 0.7058823529411765,
  "roc_auc": 0.8325123152709359,
  "pr_auc": 0.5273504273504273
}