{
  "f1": 0.4,
  "roc_auc": 0.8838709677419355,
  "pr_auc": 0.43238095238095237
}