{
  "f1": 0.631578947368421,
  "roc_auc": 0.9211822660098522,
  "pr_auc": 0.7752009894867038
}