{
  "f1": 0.46153846153846156,
  "roc_auc": 0.7890625,
  "pr_auc": 0.3983333333333333
}