{
  "f1": 0.7777777777777778,
  "roc_auc": 0.8705357142857143,
  "pr_auc": 0.7180555555555556
}