{
  "f1": 0.5333333333333333,
  "roc_auc": 0.8166666666666668,
  "pr_auc": 0.5949074074074073
}