{
  "f1": 0.3333333333333333,
  "roc_auc": 0.6798029556650247,
  "pr_auc": 0.4199829931972789
}