{
  "f1": 0.2857142857142857,
  "roc_auc": 0.8484848484848485,
  "pr_auc": 0.37142857142857144
}