{
  "f1": 0.5333333333333333,
  "roc_auc": 0.896774193548387,
  "pr_auc": 0.5922222222222222
}