{
  "f1": 0.36363636363636365,
  "roc_auc": 0.7935483870967742,
  "pr_auc": 0.3215508021390375
}