{
  "f1": 0.5,
  "roc_auc": 0.8620689655172413,
  "pr_auc": 0.7372789115646259
}