{
  "f1": 0.4,
  "roc_auc": 0.9166666666666666,
  "pr_auc": 0.7096611721611721
}