{
  "f1": 0.5714285714285714,
  "roc_auc": 0.8,
  "pr_auc": 0.5333333333333333
}