{
  "f1": 0.6,
  "roc_auc": 0.8203125,
  "pr_auc": 0.5684782608695652
}