{
  "f1": 0.2,
  "roc_auc": 0.765625,
  "pr_auc": 0.2463235294117647
}