{
  "f1": 0.4,
  "roc_auc": 0.78125,
  "pr_auc": 0.3622282608695652
}