{
  "f1": 0.42857142857142855,
  "roc_auc": 0.7000000000000001,
  "pr_auc": 0.3333927957147771
}