{
  "f1": 0.5714285714285714,
  "roc_auc": 0.8222222222222222,
  "pr_auc": 0.5907407407407408
}