{
  "f1": 0.46153846153846156,
  "roc_auc": 0.7806451612903226,
  "pr_auc": 0.5916666666666667
}