{
  "f1": 0.4444444444444444,
  "roc_auc": 0.7586206896551724,
  "pr_auc": 0.39253004231995825
}