{
  "f1": 0.36363636363636365,
  "roc_auc": 0.7611111111111111,
  "pr_auc": 0.4357115009746589
}