{
  "f1": 0.5833333333333334,
  "roc_auc": 0.7326388888888888,
  "pr_auc": 0.5166848158227468
}