{
  "f1": 0.4444444444444444,
  "roc_auc": 0.7171717171717172,
  "pr_auc": 0.26222222222222225
}