{
  "f1": 0.5,
  "roc_auc": 0.7171717171717171,
  "pr_auc": 0.31481481481481477
}