{
  "f1": 0.6,
  "roc_auc": 0.8214285714285714,
  "pr_auc": 0.6177556818181817
}