{
  "f1": 0.5263157894736842,
  "roc_auc": 0.8388888888888888,
  "pr_auc": 0.5075396825396825
}