{
  "f1": 0.25,
  "roc_auc": 0.7277777777777777,
  "pr_auc": 0.4169823232323232
}