{
  "f1": 0.7058823529411765,
  "roc_auc": 0.8571428571428571,
  "pr_auc": 0.6139583333333334
}