{
  "f1": 0.7692307692307693,
  "roc_auc": 0.9444444444444444,
  "pr_auc": 0.6496031746031746
}