{
  "mean": 0.4717939198885379,
  "std": 0.10397264524873881,
  "dist": [
    0.4285714285714285,
    0.5581395348837209,
    0.4736842105263157,
    0.3870967741935484,
    0.5333333333333333,
    0.4864864864864865,
    0.4102564102564102,
    0.2666666666666666,
    0.5405405405405406,
    0.6341463414634146,
    0.2352941176470588,
    0.5,
    0.5641025641025641,
    0.5,
    0.5581395348837209,
    0.4615384615384615,
    0.3888888888888889,
    0.5238095238095238,
    0.4736842105263157,
    0.5238095238095238,
    0.3448275862068966,
    0.6363636363636364,
    0.4102564102564102,
    0.5,
    0.45,
    0.5116279069767442,
    0.4444444444444444,
    0.3870967741935484,
    0.5853658536585366,
    0.4242424242424242,
    0.6086956521739131,
    0.3888888888888889,
    0.358974358974359,
    0.4444444444444444,
    0.5555555555555556,
    0.35,
    0.5,
    0.5454545454545454,
    0.7111111111111111,
    0.2352941176470588,
    0.3428571428571428,
    0.4878048780487805,
    0.4,
    0.6666666666666666,
    0.4864864864864865,
    0.4615384615384615,
    0.5555555555555556,
    0.3448275862068966,
    0.5641025641025641,
    0.4390243902439024
  ]
}