{
  "t_test": {
    "t_stat": 3.608731363015412,
    "p_value": 0.0007212795233346658
  },
  "wilcoxon": {
    "w_stat": 234.0,
    "p_value": 0.0023196934541995506
  }
}