{
  "mean": 0.5722683166506696,
  "std": 0.1351998871878222,
  "dist": [
    0.6666666666666666,
    0.5,
    0.5,
    0.6,
    0.6666666666666666,
    0.8333333333333334,
    0.8235294117647058,
    0.4615384615384615,
    0.0,
    0.5714285714285714,
    0.4,
    0.7058823529411765,
    0.6153846153846154,
    0.5714285714285714,
    0.5454545454545454,
    0.6666666666666666,
    0.5,
    0.6153846153846154,
    0.5714285714285714,
    0.5,
    0.625,
    0.5,
    0.4444444444444444,
    0.7058823529411765,
    0.5333333333333333,
    0.6666666666666666,
    0.5882352941176471,
    0.5,
    0.625,
    0.4444444444444444,
    0.7272727272727273,
    0.5,
    0.4285714285714285,
    0.7142857142857143,
    0.6,
    0.5,
    0.6666666666666666,
    0.3333333333333333,
    0.6,
    0.8,
    0.6666666666666666,
    0.5,
    0.625,
    0.5714285714285714,
    0.5,
    0.5714285714285714,
    0.5882352941176471,
    0.5,
    0.5454545454545454,
    0.7272727272727273
  ]
}