{
  "t_test": {
    "t_stat": 7.106704497871536,
    "p_value": 4.534638870943151e-09
  },
  "wilcoxon": {
    "w_stat": 99.0,
    "p_value": 5.280052218684067e-07
  }
}