{
  "f1": 0.42857142857142855,
  "roc_auc": 0.6875,
  "pr_auc": 0.5022550366300367
}