{
  "f1": 0.2857142857142857,
  "roc_auc": 0.5722222222222223,
  "pr_auc": 0.29350198412698414
}