{
  "f1": 0.18181818181818182,
  "roc_auc": 0.5151515151515151,
  "pr_auc": 0.1270293063461944
}