{
  "f1": 0.46153846153846156,
  "roc_auc": 0.6277777777777778,
  "pr_auc": 0.3145833333333333
}