{
  "f1": 0.18181818181818182,
  "roc_auc": 0.5320197044334976,
  "pr_auc": 0.2833333333333333
}