{
  "f1": 0.36363636363636365,
  "roc_auc": 0.5290322580645161,
  "pr_auc": 0.3244875222816399
}