{
  "f1": 0.3902439024390244,
  "roc_auc": 0.6655555555555556,
  "pr_auc": 0.4073739465043813
}