{
  "f1": 0.5405405405405406,
  "roc_auc": 0.8461538461538461,
  "pr_auc": 0.6099267755510802
}