{
  "f1": 0.41025641025641024,
  "roc_auc": 0.7662337662337663,
  "pr_auc": 0.5128573321790322
}