{
  "f1": 0.43902439024390244,
  "roc_auc": 0.7316821465428276,
  "pr_auc": 0.4918804115031912
}