{
  "f1": 0.25806451612903225,
  "roc_auc": 0.4928977272727273,
  "pr_auc": 0.18038066426622315
}