{
  "f1": 0.32432432432432434,
  "roc_auc": 0.7401709401709402,
  "pr_auc": 0.3887460779101646
}