{
  "f1": 0.4117647058823529,
  "roc_auc": 0.6985111662531017,
  "pr_auc": 0.45011262893488596
}