{
  "f1": 0.45,
  "roc_auc": 0.6987829614604464,
  "pr_auc": 0.4927093641700159
}