{
  "f1": 0.45714285714285713,
  "roc_auc": 0.6747881355932204,
  "pr_auc": 0.5325003433863444
}