{
  "f1": 0.5185185185185185,
  "roc_auc": 0.7432795698924731,
  "pr_auc": 0.4814805877305877
}