{
  "f1": 0.4878048780487805,
  "roc_auc": 0.8126550868486353,
  "pr_auc": 0.5560276059250067
}