{
  "f1": 0.4,
  "roc_auc": 0.7088068181818182,
  "pr_auc": 0.479849427428393
}