{
  "f1": 0.29411764705882354,
  "roc_auc": 0.6703125000000001,
  "pr_auc": 0.28601340079660426
}