{
  "f1": 0.6046511627906976,
  "roc_auc": 0.8235867446393762,
  "pr_auc": 0.6958756901733816
}