{
  "f1": 0.6153846153846154,
  "roc_auc": 0.8519774011299435,
  "pr_auc": 0.745617168489509
}