{
  "f1": 0.46511627906976744,
  "roc_auc": 0.7113095238095238,
  "pr_auc": 0.5789618561971358
}