{
  "f1": 0.5333333333333333,
  "roc_auc": 0.8031189083820662,
  "pr_auc": 0.7259772803858826
}