{
  "f1": 0.375,
  "roc_auc": 0.6420454545454546,
  "pr_auc": 0.40635174391858886
}