{
  "f1": 0.7555555555555555,
  "roc_auc": 0.9339712918660287,
  "pr_auc": 0.763099682484224
}