{
  "f1": 0.5777777777777777,
  "roc_auc": 0.8868534482758621,
  "pr_auc": 0.815326152097748
}