{
  "f1": 0.5,
  "roc_auc": 0.7595338983050849,
  "pr_auc": 0.5445601213621537
}