{
  "f1": 0.3076923076923077,
  "roc_auc": 0.6296296296296297,
  "pr_auc": 0.2579114494232593
}