{
  "f1": 0.43902439024390244,
  "roc_auc": 0.7392857142857142,
  "pr_auc": 0.6287149260086261
}