{
  "f1": 0.5882352941176471,
  "roc_auc": 0.7398589065255732,
  "pr_auc": 0.5982217288122816
}