{
  "f1": 0.5454545454545454,
  "roc_auc": 0.759142496847415,
  "pr_auc": 0.5162371734650033
}