{
  "f1": 0.6341463414634146,
  "roc_auc": 0.8814655172413792,
  "pr_auc": 0.6958673022771489
}