{
  "f1": 0.5,
  "roc_auc": 0.7997658079625293,
  "pr_auc": 0.6029098780109902
}