{
  "f1": 0.43243243243243246,
  "roc_auc": 0.7791563275434243,
  "pr_auc": 0.47227452035144346
}