{
  "f1": 0.5116279069767442,
  "roc_auc": 0.7748538011695907,
  "pr_auc": 0.565518993985357
}