{
  "f1": 0.41025641025641024,
  "roc_auc": 0.7976190476190477,
  "pr_auc": 0.4598858922189755
}