{
  "f1": 0.4,
  "roc_auc": 0.6215384615384615,
  "pr_auc": 0.26807635204374336
}