{
  "f1": 0.5531914893617021,
  "roc_auc": 0.8322222222222222,
  "pr_auc": 0.6158005314011988
}