{
  "f1": 0.2857142857142857,
  "roc_auc": 0.6917989417989419,
  "pr_auc": 0.4562607988809338
}