{
  "f1": 0.47368421052631576,
  "roc_auc": 0.7661016949152541,
  "pr_auc": 0.47005372509233007
}