{
  "f1": 0.5263157894736842,
  "roc_auc": 0.7166276346604216,
  "pr_auc": 0.5390240257635649
}