{
  "f1": 0.5,
  "roc_auc": 0.7898305084745763,
  "pr_auc": 0.6594383218372988
}