{
  "f1": 0.4888888888888889,
  "roc_auc": 0.7030075187969923,
  "pr_auc": 0.5457590869421391
}