{
  "f1": 0.38095238095238093,
  "roc_auc": 0.6290322580645161,
  "pr_auc": 0.49124194337247484
}