{
  "f1": 0.4,
  "roc_auc": 0.7419354838709679,
  "pr_auc": 0.5792210855236066
}