{
  "f1": 0.45714285714285713,
  "roc_auc": 0.8609375,
  "pr_auc": 0.595514275885793
}