{
  "f1": 0.6222222222222222,
  "roc_auc": 0.7904306220095694,
  "pr_auc": 0.7054470151779519
}