{
  "f1": 0.6111111111111112,
  "roc_auc": 0.8564971751412429,
  "pr_auc": 0.7705034289279058
}