{
  "f1": 0.37037037037037035,
  "roc_auc": 0.7457912457912458,
  "pr_auc": 0.43083514326372246
}