{
  "f1": 0.5,
  "roc_auc": 0.7144444444444444,
  "pr_auc": 0.5308911043509399
}