{
  "f1": 0.45,
  "roc_auc": 0.825062034739454,
  "pr_auc": 0.5009305321678547
}