{
  "f1": 0.34285714285714286,
  "roc_auc": 0.7103174603174603,
  "pr_auc": 0.3687951718031277
}