{
  "f1": 0.47619047619047616,
  "roc_auc": 0.7213114754098361,
  "pr_auc": 0.4479716117216117
}