{
  "f1": 0.5454545454545454,
  "roc_auc": 0.7435406698564594,
  "pr_auc": 0.6242938659317183
}