{
  "f1": 0.35294117647058826,
  "roc_auc": 0.7350746268656717,
  "pr_auc": 0.3868042615596963
}