{
  "f1": 0.6666666666666666,
  "roc_auc": 0.7857142857142857,
  "pr_auc": 0.5022172719753364
}