{
  "f1": 0.5333333333333333,
  "roc_auc": 0.8984375,
  "pr_auc": 0.6742424242424243
}