{
  "f1": 0.4444444444444444,
  "roc_auc": 0.8055555555555555,
  "pr_auc": 0.413080383668619
}