{
  "f1": 0.0,
  "roc_auc": 0.7647058823529411,
  "pr_auc": 0.15555555555555556
}