{
  "f1": 0.631578947368421,
  "roc_auc": 0.861111111111111,
  "pr_auc": 0.5014180264180265
}