{
  "f1": 0.375,
  "roc_auc": 0.6944444444444444,
  "pr_auc": 0.3368215565796211
}