{
  "f1": 0.5714285714285714,
  "roc_auc": 0.6888888888888889,
  "pr_auc": 0.4435626102292769
}