{
  "f1": 0.34285714285714286,
  "roc_auc": 0.7243867243867244,
  "pr_auc": 0.39724660861024497
}