{
  "f1": 0.5128205128205128,
  "roc_auc": 0.7123015873015873,
  "pr_auc": 0.6158174354201875
}