{
  "f1": 0.47619047619047616,
  "roc_auc": 0.7966101694915255,
  "pr_auc": 0.5750836007920327
}