{
  "f1": 0.3870967741935484,
  "roc_auc": 0.7259953161592506,
  "pr_auc": 0.5008917288771024
}