{
  "f1": 0.6111111111111112,
  "roc_auc": 0.8739224137931034,
  "pr_auc": 0.7282372437611409
}