{
  "f1": 0.5142857142857142,
  "roc_auc": 0.8163771712158809,
  "pr_auc": 0.5762757218271923
}