{
  "f1": 0.1875,
  "roc_auc": 0.44886363636363635,
  "pr_auc": 0.15084426108315901
}