{
  "f1": 0.5625,
  "roc_auc": 0.8600252206809585,
  "pr_auc": 0.6982230672134517
}