{
  "f1": 0.4864864864864865,
  "roc_auc": 0.8297413793103448,
  "pr_auc": 0.6223500383731679
}