{
  "f1": 0.5882352941176471,
  "roc_auc": 0.7345679012345678,
  "pr_auc": 0.5998743104072153
}