{
  "f1": 0.5142857142857142,
  "roc_auc": 0.6984126984126984,
  "pr_auc": 0.583032245438108
}