{
  "f1": 0.2,
  "roc_auc": 0.6511194029850746,
  "pr_auc": 0.29212116008991007
}