{
  "f1": 0.43243243243243246,
  "roc_auc": 0.6733333333333333,
  "pr_auc": 0.424012712340826
}