{
  "f1": 0.25,
  "roc_auc": 0.6494708994708995,
  "pr_auc": 0.2931497773794537
}