{
  "f1": 0.3783783783783784,
  "roc_auc": 0.7069143446852425,
  "pr_auc": 0.43785113534665604
}