{
  "f1": 0.7111111111111111,
  "roc_auc": 0.909090909090909,
  "pr_auc": 0.7643434865531054
}