{
  "f1": 0.42105263157894735,
  "roc_auc": 0.702839756592292,
  "pr_auc": 0.4958162576440307
}