{
  "f1": 0.4,
  "roc_auc": 0.7326607818411097,
  "pr_auc": 0.48676818869665994
}