{
  "f1": 0.43478260869565216,
  "roc_auc": 0.7849462365591398,
  "pr_auc": 0.448555867441737
}