{
  "f1": 0.3225806451612903,
  "roc_auc": 0.6724565756823822,
  "pr_auc": 0.3157907591454763
}