{
  "f1": 0.55,
  "roc_auc": 0.7816764132553606,
  "pr_auc": 0.5742911626045188
}