{
  "f1": 0.25806451612903225,
  "roc_auc": 0.665625,
  "pr_auc": 0.2690010892359347
}