{
  "f1": 0.3448275862068966,
  "roc_auc": 0.7162393162393162,
  "pr_auc": 0.42009341681150514
}