{
  "f1": 0.32,
  "roc_auc": 0.6353846153846154,
  "pr_auc": 0.2458740664097807
}