{
  "f1": 0.6222222222222222,
  "roc_auc": 0.8089668615984406,
  "pr_auc": 0.7607438628971417
}