{
  "f1": 0.4,
  "roc_auc": 0.6866666666666668,
  "pr_auc": 0.43925584795321637
}