{
  "f1": 0.42857142857142855,
  "roc_auc": 0.7643097643097643,
  "pr_auc": 0.3709709101814365
}