{
  "f1": 0.45161290322580644,
  "roc_auc": 0.6472457627118644,
  "pr_auc": 0.5386639272186147
}