{
  "f1": 0.5581395348837209,
  "roc_auc": 0.783732057416268,
  "pr_auc": 0.6718963731034486
}