{
  "f1": 0.5238095238095238,
  "roc_auc": 0.8255555555555556,
  "pr_auc": 0.566472164152579
}