{
  "f1": 0.5555555555555556,
  "roc_auc": 0.7909604519774012,
  "pr_auc": 0.5575446983943926
}