{
  "f1": 0.5555555555555556,
  "roc_auc": 0.8632768361581922,
  "pr_auc": 0.6246137433093955
}