{
  "f1": 0.3783783783783784,
  "roc_auc": 0.6600496277915632,
  "pr_auc": 0.48088940582498696
}