{
  "f1": 0.5789473684210527,
  "roc_auc": 0.8338983050847458,
  "pr_auc": 0.72815349077083
}