{
  "f1": 0.6060606060606061,
  "roc_auc": 0.8771712158808933,
  "pr_auc": 0.5817617486109984
}