{
  "f1": 0.35,
  "roc_auc": 0.7142857142857143,
  "pr_auc": 0.4387485556636151
}