{
  "f1": 0.4666666666666667,
  "roc_auc": 0.8734375,
  "pr_auc": 0.5846886446886447
}