{
  "f1": 0.5,
  "roc_auc": 0.7511961722488039,
  "pr_auc": 0.5950772233588866
}