{
  "f1": 0.3870967741935484,
  "roc_auc": 0.6832386363636364,
  "pr_auc": 0.43005075298205786
}