{
  "f1": 0.42424242424242425,
  "roc_auc": 0.7486772486772486,
  "pr_auc": 0.4342257300047653
}