{
  "f1": 0.42424242424242425,
  "roc_auc": 0.7822014051522248,
  "pr_auc": 0.4486437776009954
}