{
  "f1": 0.4,
  "roc_auc": 0.7105263157894737,
  "pr_auc": 0.41940594696068445
}