{
  "f1": 0.5294117647058824,
  "roc_auc": 0.8267195767195767,
  "pr_auc": 0.4899708025805692
}