{
  "f1": 0.5641025641025641,
  "roc_auc": 0.7368421052631579,
  "pr_auc": 0.5424107907913426
}