{
  "f1": 0.35,
  "roc_auc": 0.6885856079404467,
  "pr_auc": 0.4733309148079311
}