{
  "f1": 0.2857142857142857,
  "roc_auc": 0.640625,
  "pr_auc": 0.3706431017873403
}