{
  "f1": 0.42424242424242425,
  "roc_auc": 0.743502824858757,
  "pr_auc": 0.43383995202793646
}