{
  "f1": 0.4,
  "roc_auc": 0.7729528535980149,
  "pr_auc": 0.5077452721934328
}