{
  "f1": 0.3157894736842105,
  "roc_auc": 0.6908665105386418,
  "pr_auc": 0.4016329203746275
}