{
  "f1": 0.2857142857142857,
  "roc_auc": 0.8125,
  "pr_auc": 0.28027065527065526
}