{
  "f1": 0.38095238095238093,
  "roc_auc": 0.8545918367346939,
  "pr_auc": 0.42245943832078287
}