{
  "f1": 0.2222222222222222,
  "roc_auc": 0.7025862068965518,
  "pr_auc": 0.16770833333333335
}