{
  "f1": 0.4166666666666667,
  "roc_auc": 0.701923076923077,
  "pr_auc": 0.4062955581985843
}