{
  "f1": 0.35294117647058826,
  "roc_auc": 0.8363095238095238,
  "pr_auc": 0.2699144537379831
}