{
  "f1": 0.0,
  "roc_auc": 0.3222222222222222,
  "pr_auc": 0.045102492429536456
}