{
  "f1": 0.42105263157894735,
  "roc_auc": 0.8441558441558441,
  "pr_auc": 0.6082468634733442
}