{
  "f1": 0.3,
  "roc_auc": 0.6448275862068966,
  "pr_auc": 0.3766291197329996
}