{
  "f1": 0.38095238095238093,
  "roc_auc": 0.7298701298701299,
  "pr_auc": 0.26981447124304264
}