{
  "f1": 0.0,
  "roc_auc": 0.6029411764705882,
  "pr_auc": 0.09728506787330317
}