{
  "f1": 0.0,
  "roc_auc": 0.41414141414141414,
  "pr_auc": 0.09894179894179894
}