{
  "f1": 0.23529411764705882,
  "roc_auc": 0.6333333333333333,
  "pr_auc": 0.2763173029191336
}