{
  "f1": 0.15384615384615385,
  "roc_auc": 0.535483870967742,
  "pr_auc": 0.18285714285714286
}