{
  "f1": 0.36363636363636365,
  "roc_auc": 0.59375,
  "pr_auc": 0.2502450980392157
}