{
  "f1": 0.16666666666666666,
  "roc_auc": 0.5555555555555556,
  "pr_auc": 0.23565217391304347
}