{
  "f1": 0.2857142857142857,
  "roc_auc": 0.5612903225806452,
  "pr_auc": 0.3936541889483066
}