{
  "f1": 0.0,
  "roc_auc": 0.4921875,
  "pr_auc": 0.13322368421052633
}