{
  "f1": 0.15384615384615385,
  "roc_auc": 0.5757575757575757,
  "pr_auc": 0.12611111111111112
}