{
  "f1": 0.23529411764705882,
  "roc_auc": 0.6580645161290323,
  "pr_auc": 0.28285714285714286
}