{
  "f1": 0.26666666666666666,
  "roc_auc": 0.605911330049261,
  "pr_auc": 0.39594277902548575
}