{
  "f1": 0.375,
  "roc_auc": 0.7232142857142857,
  "pr_auc": 0.5860952199338927
}