{
  "f1": 0.4,
  "roc_auc": 0.796875,
  "pr_auc": 0.49318181818181817
}