{
  "f1": 0.5333333333333333,
  "roc_auc": 0.75,
  "pr_auc": 0.5333800186741363
}