{
  "f1": 0.14285714285714285,
  "roc_auc": 0.53125,
  "pr_auc": 0.18601190476190477
}