{
  "f1": 0.4,
  "roc_auc": 0.7044334975369458,
  "pr_auc": 0.5500254647313471
}