{
  "f1": 0.13333333333333333,
  "roc_auc": 0.5615763546798029,
  "pr_auc": 0.3415966386554622
}