{
  "f1": 0.4,
  "roc_auc": 0.6580645161290323,
  "pr_auc": 0.5798214285714285
}