{
  "f1": 0.5,
  "roc_auc": 0.7684729064039408,
  "pr_auc": 0.58796992481203
}