{
  "f1": 0.3076923076923077,
  "roc_auc": 0.6333333333333333,
  "pr_auc": 0.2806126836699592
}