{
  "f1": 0.4444444444444444,
  "roc_auc": 0.7410714285714286,
  "pr_auc": 0.6567772444946358
}