{
  "f1": 0.25,
  "roc_auc": 0.5073891625615763,
  "pr_auc": 0.43347686900847293
}