{
  "f1": 0.13333333333333333,
  "roc_auc": 0.546875,
  "pr_auc": 0.353517316017316
}