{
  "f1": 0.42105263157894735,
  "roc_auc": 0.8444444444444444,
  "pr_auc": 0.5919312169312169
}