{
  "f1": 0.42857142857142855,
  "roc_auc": 0.8333333333333334,
  "pr_auc": 0.565954415954416
}