{
  "f1": 0.25,
  "roc_auc": 0.5333333333333333,
  "pr_auc": 0.2644994840041279
}