{
  "f1": 0.18181818181818182,
  "roc_auc": 0.4151785714285714,
  "pr_auc": 0.23229550713566058
}