{
  "f1": 0.3157894736842105,
  "roc_auc": 0.6,
  "pr_auc": 0.3464882943143813
}