{
  "f1": 0.4444444444444444,
  "roc_auc": 0.9595959595959596,
  "pr_auc": 0.8095238095238095
}