{
  "f1": 0.4444444444444444,
  "roc_auc": 0.8080357142857143,
  "pr_auc": 0.6949205685618729
}