{
  "f1": 0.26666666666666666,
  "roc_auc": 0.9705882352941176,
  "pr_auc": 0.5833333333333333
}