{
  "f1": 0.5555555555555556,
  "roc_auc": 0.8029556650246306,
  "pr_auc": 0.6833642547928263
}