{
  "f1": 0.3333333333333333,
  "roc_auc": 0.7225806451612904,
  "pr_auc": 0.27825396825396825
}