{
  "f1": 0.16666666666666666,
  "roc_auc": 0.7352941176470589,
  "pr_auc": 0.18382352941176472
}