{
  "f1": 0.6,
  "roc_auc": 0.8903225806451613,
  "pr_auc": 0.5499999999999999
}