{
  "f1": 0.6,
  "roc_auc": 0.9296875,
  "pr_auc": 0.8269230769230769
}