{
  "f1": 0.16666666666666666,
  "roc_auc": 0.6363636363636364,
  "pr_auc": 0.4142156862745098
}