{
  "f1": 0.15384615384615385,
  "roc_auc": 0.8088235294117646,
  "pr_auc": 0.3214285714285714
}