{
  "f1": 0.36363636363636365,
  "roc_auc": 0.7999999999999999,
  "pr_auc": 0.5726315789473684
}