{
  "f1": 0.4,
  "roc_auc": 0.898989898989899,
  "pr_auc": 0.7435897435897436
}