{
  "f1": 0.2,
  "roc_auc": 0.7421875,
  "pr_auc": 0.40818250377073906
}