{
  "f1": 0.25,
  "roc_auc": 0.8787878787878788,
  "pr_auc": 0.5353535353535354
}