{
  "f1": 0.3076923076923077,
  "roc_auc": 0.6451612903225807,
  "pr_auc": 0.507816091954023
}