{
  "f1": 0.18181818181818182,
  "roc_auc": 0.75,
  "pr_auc": 0.5526315789473684
}