{
  "f1": 0.5,
  "roc_auc": 0.9797979797979798,
  "pr_auc": 0.8055555555555556
}