{
  "f1": 0.2,
  "roc_auc": 0.787878787878788,
  "pr_auc": 0.2991452991452992
}