{
  "f1": 0.15384615384615385,
  "roc_auc": 0.7373737373737375,
  "pr_auc": 0.22489316239316237
}