{
  "f1": 0.15384615384615385,
  "roc_auc": 0.6875,
  "pr_auc": 0.22460317460317458
}