{
  "f1": 0.4,
  "roc_auc": 0.896774193548387,
  "pr_auc": 0.5166666666666666
}