{
  "t_test": {
    "t_stat": 0.3886451045786622,
    "p_value": 0.699222343032748
  },
  "wilcoxon": {
    "w_stat": 415.0,
    "p_value": 0.6480691704752107
  }
}