{
  "mean": 0.4376877447825192,
  "std": 0.10066465587924721,
  "dist": [
    0.391304347826087,
    0.52,
    0.5714285714285714,
    0.2439024390243902,
    0.4736842105263157,
    0.4,
    0.3846153846153846,
    0.2777777777777778,
    0.5641025641025641,
    0.56,
    0.2439024390243902,
    0.5,
    0.4285714285714285,
    0.4705882352941176,
    0.5416666666666666,
    0.4,
    0.3157894736842105,
    0.4444444444444444,
    0.5217391304347826,
    0.4897959183673469,
    0.3157894736842105,
    0.5306122448979592,
    0.4390243902439024,
    0.4888888888888889,
    0.4090909090909091,
    0.4583333333333333,
    0.3809523809523809,
    0.4210526315789473,
    0.5416666666666666,
    0.3902439024390244,
    0.5185185185185185,
    0.4186046511627907,
    0.3255813953488372,
    0.3684210526315789,
    0.5641025641025641,
    0.3478260869565217,
    0.5,
    0.3684210526315789,
    0.7058823529411765,
    0.238095238095238,
    0.3076923076923077,
    0.4489795918367347,
    0.3555555555555555,
    0.5777777777777777,
    0.5128205128205128,
    0.4583333333333333,
    0.5128205128205128,
    0.3076923076923077,
    0.5116279069767442,
    0.4166666666666667
  ]
}