{
  "t_test": {
    "t_stat": 1.8694905173374445,
    "p_value": 0.06753635759963206
  },
  "wilcoxon": {
    "w_stat": 455.0,
    "p_value": 0.1171850871981381
  }
}