{
  "t_test": {
    "t_stat": -1.5138806505562787,
    "p_value": 0.13648024803628597
  },
  "wilcoxon": {
    "w_stat": 253.0,
    "p_value": 0.13718988109841013
  }
}