{
  "f1": 0.5714285714285714,
  "roc_auc": 0.7589285714285714,
  "pr_auc": 0.4445261437908497
}