{
  "f1": 0.5882352941176471,
  "roc_auc": 0.8888888888888888,
  "pr_auc": 0.6824074074074074
}