{
  "f1": 0.4444444444444444,
  "roc_auc": 0.896774193548387,
  "pr_auc": 0.7513888888888889
}