{
  "mean": 0.4688712894307996,
  "std": 0.09376116875761388,
  "dist": [
    0.5714285714285714,
    0.4782608695652174,
    0.45,
    0.2608695652173913,
    0.5333333333333333,
    0.5,
    0.5,
    0.4516129032258064,
    0.4736842105263157,
    0.4545454545454545,
    0.4375,
    0.4615384615384615,
    0.5945945945945946,
    0.358974358974359,
    0.5238095238095238,
    0.4444444444444444,
    0.4444444444444444,
    0.5263157894736842,
    0.3902439024390244,
    0.5531914893617021,
    0.2962962962962963,
    0.6808510638297872,
    0.4,
    0.5263157894736842,
    0.3809523809523809,
    0.5777777777777777,
    0.4117647058823529,
    0.5365853658536586,
    0.4666666666666667,
    0.358974358974359,
    0.5238095238095238,
    0.4705882352941176,
    0.4571428571428571,
    0.4242424242424242,
    0.4888888888888889,
    0.3902439024390244,
    0.3870967741935484,
    0.5294117647058824,
    0.6382978723404256,
    0.3888888888888889,
    0.3428571428571428,
    0.4444444444444444,
    0.5405405405405406,
    0.55,
    0.4878048780487805,
    0.5238095238095238,
    0.3,
    0.2857142857142857,
    0.5581395348837209,
    0.6666666666666666
  ]
}