{
  "t_test": {
    "t_stat": -4.39837667739733,
    "p_value": 5.869628732086505e-05
  },
  "wilcoxon": {
    "w_stat": 248.0,
    "p_value": 9.468707561843814e-05
  }
}