{
  "mean": 0.4497398441219751,
  "std": 0.09908435241232454,
  "dist": [
    0.3809523809523809,
    0.5306122448979592,
    0.5,
    0.3076923076923077,
    0.5625,
    0.4,
    0.4186046511627907,
    0.2424242424242424,
    0.6153846153846154,
    0.5531914893617021,
    0.2857142857142857,
    0.4782608695652174,
    0.4878048780487805,
    0.4117647058823529,
    0.5652173913043478,
    0.3870967741935484,
    0.3783783783783784,
    0.4680851063829787,
    0.4651162790697674,
    0.5454545454545454,
    0.3428571428571428,
    0.5306122448979592,
    0.4736842105263157,
    0.4736842105263157,
    0.4285714285714285,
    0.4680851063829787,
    0.4324324324324324,
    0.3636363636363636,
    0.5777777777777777,
    0.4,
    0.5490196078431373,
    0.3902439024390244,
    0.3684210526315789,
    0.3636363636363636,
    0.5641025641025641,
    0.3720930232558139,
    0.4864864864864865,
    0.4571428571428571,
    0.6808510638297872,
    0.25,
    0.3157894736842105,
    0.5116279069767442,
    0.3414634146341463,
    0.6190476190476191,
    0.4736842105263157,
    0.5116279069767442,
    0.5263157894736842,
    0.3157894736842105,
    0.5238095238095238,
    0.3902439024390244
  ]
}