{
  "t_test": {
    "t_stat": 3.764546586840218,
    "p_value": 0.0004471288553986811
  },
  "wilcoxon": {
    "w_stat": 249.0,
    "p_value": 0.000857904806301107
  }
}