{
  "f1": 0.5714285714285714,
  "roc_auc": 0.9342105263157894,
  "pr_auc": 0.7470238095238095
}