{
  "f1": 0.0,
  "roc_auc": 0.6499999999999999,
  "pr_auc": 0.46249999999999997
}