{
  "f1": 0.5454545454545454,
  "roc_auc": 0.7678571428571428,
  "pr_auc": 0.6658936301793443
}