{
  "f1": 0.5,
  "roc_auc": 0.9047619047619048,
  "pr_auc": 0.6666666666666666
}