{
  "f1": 0.4117647058823529,
  "roc_auc": 0.7059553349875931,
  "pr_auc": 0.45679292232186597
}