{
  "f1": 0.5405405405405406,
  "roc_auc": 0.828499369482976,
  "pr_auc": 0.5473349469896266
}