{
  "f1": 0.5294117647058824,
  "roc_auc": 0.7389659520807061,
  "pr_auc": 0.48494494347304073
}