{
  "f1": 0.5161290322580645,
  "roc_auc": 0.7649717514124295,
  "pr_auc": 0.5012270856020856
}