{
  "f1": 0.5531914893617021,
  "roc_auc": 0.7779904306220096,
  "pr_auc": 0.6613020653448738
}