{
  "f1": 0.4375,
  "roc_auc": 0.598014888337469,
  "pr_auc": 0.37794643019597707
}