{
  "f1": 0.3870967741935484,
  "roc_auc": 0.6960297766749379,
  "pr_auc": 0.3095378673402214
}