{
  "mean": 0.5094180308026326,
  "std": 0.09300256727986315,
  "dist": [
    0.5945945945945946,
    0.4166666666666667,
    0.5,
    0.5,
    0.5853658536585366,
    0.5128205128205128,
    0.5263157894736842,
    0.4,
    0.5,
    0.6046511627906976,
    0.5,
    0.4736842105263157,
    0.7222222222222222,
    0.3125,
    0.5454545454545454,
    0.4324324324324324,
    0.4137931034482758,
    0.5789473684210527,
    0.5238095238095238,
    0.5909090909090909,
    0.3703703703703703,
    0.6818181818181818,
    0.5333333333333333,
    0.5,
    0.4117647058823529,
    0.5909090909090909,
    0.4848484848484848,
    0.45,
    0.5882352941176471,
    0.4615384615384615,
    0.5581395348837209,
    0.5294117647058824,
    0.5714285714285714,
    0.4117647058823529,
    0.5,
    0.4761904761904761,
    0.3870967741935484,
    0.4571428571428571,
    0.6666666666666666,
    0.5405405405405406,
    0.5294117647058824,
    0.4878048780487805,
    0.4571428571428571,
    0.6511627906976745,
    0.4324324324324324,
    0.5,
    0.4210526315789473,
    0.2857142857142857,
    0.6341463414634146,
    0.6666666666666666
  ]
}