{
  "t_test": {
    "t_stat": 2.4046277479250766,
    "p_value": 0.020012886353828693
  },
  "wilcoxon": {
    "w_stat": 400.5,
    "p_value": 0.03495731149711869
  }
}