{
  "mean": 0.48597121668865517,
  "std": 0.09948419250457056,
  "dist": [
    0.55,
    0.5,
    0.4324324324324324,
    0.3684210526315789,
    0.5777777777777777,
    0.5789473684210527,
    0.5365853658536586,
    0.3809523809523809,
    0.4583333333333333,
    0.5116279069767442,
    0.4444444444444444,
    0.4390243902439024,
    0.6666666666666666,
    0.4210526315789473,
    0.4897959183673469,
    0.5,
    0.3428571428571428,
    0.5777777777777777,
    0.3636363636363636,
    0.6153846153846154,
    0.3333333333333333,
    0.6530612244897959,
    0.4651162790697674,
    0.55,
    0.4090909090909091,
    0.64,
    0.4864864864864865,
    0.3636363636363636,
    0.6486486486486487,
    0.3181818181818182,
    0.6222222222222222,
    0.391304347826087,
    0.5217391304347826,
    0.3529411764705882,
    0.5365853658536586,
    0.3478260869565217,
    0.4324324324324324,
    0.5238095238095238,
    0.6666666666666666,
    0.4615384615384615,
    0.4,
    0.55,
    0.5116279069767442,
    0.52,
    0.4545454545454545,
    0.5106382978723404,
    0.4081632653061224,
    0.3076923076923077,
    0.5777777777777777,
    0.5777777777777777
  ]
}