{
  "f1": 0.5714285714285714,
  "roc_auc": 0.8516129032258065,
  "pr_auc": 0.7323671497584541
}