{
  "f1": 0.6153846153846154,
  "roc_auc": 0.9375,
  "pr_auc": 0.5902777777777778
}