{
  "f1": 0.2,
  "roc_auc": 0.8181818181818182,
  "pr_auc": 0.4772727272727273
}