{
  "f1": 0.4444444444444444,
  "roc_auc": 0.703125,
  "pr_auc": 0.32291666666666663
}