{
  "f1": 0.18181818181818182,
  "roc_auc": 0.7171717171717171,
  "pr_auc": 0.17072510822510822
}