{
  "f1": 0.3333333333333333,
  "roc_auc": 0.5944444444444444,
  "pr_auc": 0.2941274411862647
}