{
  "f1": 0.41025641025641024,
  "roc_auc": 0.6875,
  "pr_auc": 0.5279803840440895
}