{
  "f1": 0.3448275862068966,
  "roc_auc": 0.6861538461538462,
  "pr_auc": 0.4033820225668052
}