{
  "f1": 0.5238095238095238,
  "roc_auc": 0.7894736842105262,
  "pr_auc": 0.5668215646933767
}