{
  "f1": 0.3076923076923077,
  "roc_auc": 0.7156084656084656,
  "pr_auc": 0.37985482211025684
}