{
  "f1": 0.42105263157894735,
  "roc_auc": 0.7533333333333333,
  "pr_auc": 0.6006371729959935
}