{
  "f1": 0.6818181818181818,
  "roc_auc": 0.8209876543209877,
  "pr_auc": 0.7549021375146783
}