{
  "f1": 0.5454545454545454,
  "roc_auc": 0.7495590828924162,
  "pr_auc": 0.5404697108982383
}