{
  "f1": 0.5161290322580645,
  "roc_auc": 0.8338068181818181,
  "pr_auc": 0.6237380227635101
}