{
  "f1": 0.5142857142857142,
  "roc_auc": 0.7596348884381339,
  "pr_auc": 0.6063090677675809
}