{
  "f1": 0.4,
  "roc_auc": 0.7555831265508685,
  "pr_auc": 0.5029675161052063
}