{
  "f1": 0.358974358974359,
  "roc_auc": 0.6870056497175141,
  "pr_auc": 0.4708619485465651
}