{
  "f1": 0.5,
  "roc_auc": 0.7881462799495587,
  "pr_auc": 0.5303200684708123
}