{
  "f1": 0.35294117647058826,
  "roc_auc": 0.6897856242118537,
  "pr_auc": 0.4604928531736621
}