{
  "f1": 0.46153846153846156,
  "roc_auc": 0.7510593220338984,
  "pr_auc": 0.5602805708439607
}