{
  "f1": 0.43243243243243246,
  "roc_auc": 0.7444444444444445,
  "pr_auc": 0.4995503785559808
}