{
  "f1": 0.5517241379310345,
  "roc_auc": 0.7548022598870057,
  "pr_auc": 0.6265871682752981
}