{
  "f1": 0.5853658536585366,
  "roc_auc": 0.7654986522911051,
  "pr_auc": 0.6980637017039775
}