{
  "f1": 0.35294117647058826,
  "roc_auc": 0.7183622828784119,
  "pr_auc": 0.42179361804007187
}