{
  "f1": 0.6285714285714286,
  "roc_auc": 0.8981264637002343,
  "pr_auc": 0.7435129485440989
}