{
  "f1": 0.47619047619047616,
  "roc_auc": 0.7151675485008818,
  "pr_auc": 0.5584145818185424
}