{
  "f1": 0.3783783783783784,
  "roc_auc": 0.7382133995037221,
  "pr_auc": 0.47489124755357204
}