{
  "f1": 0.631578947368421,
  "roc_auc": 0.880225988700565,
  "pr_auc": 0.7838485734538365
}