{
  "f1": 0.5405405405405406,
  "roc_auc": 0.7585139318885449,
  "pr_auc": 0.6003875230237669
}