{
  "f1": 0.5641025641025641,
  "roc_auc": 0.7739938080495355,
  "pr_auc": 0.6810740855522346
}