{
  "f1": 0.4,
  "roc_auc": 0.6485875706214689,
  "pr_auc": 0.4593655545998968
}