{
  "f1": 0.5263157894736842,
  "roc_auc": 0.7322515212981744,
  "pr_auc": 0.5704781750756983
}