{
  "f1": 0.34285714285714286,
  "roc_auc": 0.6721311475409836,
  "pr_auc": 0.3902376475030937
}