{
  "f1": 0.2608695652173913,
  "roc_auc": 0.6292307692307693,
  "pr_auc": 0.3806708833529844
}