{
  "f1": 0.631578947368421,
  "roc_auc": 0.7748015873015873,
  "pr_auc": 0.688755689119656
}