{
  "f1": 0.5161290322580645,
  "roc_auc": 0.8064516129032259,
  "pr_auc": 0.6140521603256317
}