{
  "f1": 0.375,
  "roc_auc": 0.6855555555555556,
  "pr_auc": 0.4063150892965983
}