{
  "f1": 0.30303030303030304,
  "roc_auc": 0.7140625,
  "pr_auc": 0.41693022858483
}