{
  "f1": 0.46153846153846156,
  "roc_auc": 0.775175644028103,
  "pr_auc": 0.36863228379575913
}