{
  "f1": 0.4186046511627907,
  "roc_auc": 0.6909090909090909,
  "pr_auc": 0.5555016447461039
}