{
  "f1": 0.5,
  "roc_auc": 0.7698412698412699,
  "pr_auc": 0.5009717214535754
}