{
  "f1": 0.48484848484848486,
  "roc_auc": 0.758888888888889,
  "pr_auc": 0.5103748227239883
}