{
  "f1": 0.6222222222222222,
  "roc_auc": 0.7843665768194069,
  "pr_auc": 0.6809588665284745
}