{
  "f1": 0.2926829268292683,
  "roc_auc": 0.576271186440678,
  "pr_auc": 0.3415656285460225
}