{
  "f1": 0.5555555555555556,
  "roc_auc": 0.8072033898305084,
  "pr_auc": 0.5781495686129748
}