{
  "f1": 0.5,
  "roc_auc": 0.825062034739454,
  "pr_auc": 0.653881756102715
}