{
  "f1": 0.45714285714285713,
  "roc_auc": 0.6734892787524367,
  "pr_auc": 0.5336372404962425
}