{
  "f1": 0.4878048780487805,
  "roc_auc": 0.6981481481481481,
  "pr_auc": 0.6014793085569936
}