{
  "f1": 0.4444444444444444,
  "roc_auc": 0.6800847457627119,
  "pr_auc": 0.44807666005663294
}