{
  "f1": 0.6363636363636364,
  "roc_auc": 0.8447971781305114,
  "pr_auc": 0.7478848444258597
}