{
  "f1": 0.6,
  "roc_auc": 0.8369453044375645,
  "pr_auc": 0.676629852410509
}