{
  "f1": 0.5142857142857142,
  "roc_auc": 0.7586206896551724,
  "pr_auc": 0.6107255300603341
}