{
  "f1": 0.4444444444444444,
  "roc_auc": 0.9074074074074074,
  "pr_auc": 0.7842592592592592
}