{
  "f1": 0.5454545454545454,
  "roc_auc": 0.8235294117647058,
  "pr_auc": 0.7493686868686869
}