{
  "f1": 0.6,
  "roc_auc": 0.9444444444444444,
  "pr_auc": 0.8583333333333332
}