{
  "f1": 0.0,
  "roc_auc": 0.6842105263157895,
  "pr_auc": 0.35049019607843135
}