{
  "f1": 0.2857142857142857,
  "roc_auc": 0.6447368421052632,
  "pr_auc": 0.4623949579831933
}