{
  "f1": 0.2857142857142857,
  "roc_auc": 0.7666666666666666,
  "pr_auc": 0.5466666666666666
}