{
  "f1": 0.6,
  "roc_auc": 0.803921568627451,
  "pr_auc": 0.726007326007326
}