{
  "f1": 0.2222222222222222,
  "roc_auc": 0.6851851851851852,
  "pr_auc": 0.4087301587301587
}