{
  "f1": 0.4,
  "roc_auc": 0.8552631578947368,
  "pr_auc": 0.69375
}