{
  "f1": 0.0,
  "roc_auc": 0.5952380952380952,
  "pr_auc": 0.15476190476190477
}