{
  "f1": 0.5,
  "roc_auc": 0.859375,
  "pr_auc": 0.7735930735930736
}