{
  "f1": 0.8888888888888888,
  "roc_auc": 0.9684210526315788,
  "pr_auc": 0.925
}