{
  "f1": 0.4,
  "roc_auc": 0.6349206349206349,
  "pr_auc": 0.4666666666666666
}