{
  "f1": 0.5,
  "roc_auc": 0.8947368421052632,
  "pr_auc": 0.6666666666666666
}