{
  "f1": 0.2222222222222222,
  "roc_auc": 0.7352941176470589,
  "pr_auc": 0.5319444444444444
}