{
  "f1": 0.5,
  "roc_auc": 0.9117647058823529,
  "pr_auc": 0.810515873015873
}