{
  "f1": 0.3333333333333333,
  "roc_auc": 0.9166666666666666,
  "pr_auc": 0.6666666666666667
}