{
  "f1": 0.2222222222222222,
  "roc_auc": 0.5657894736842106,
  "pr_auc": 0.2603174603174603
}