{
  "f1": 0.2857142857142857,
  "roc_auc": 0.8111111111111112,
  "pr_auc": 0.47090909090909094
}