{
  "f1": 0.75,
  "roc_auc": 0.9473684210526315,
  "pr_auc": 0.8303571428571428
}