{
  "f1": 0.0,
  "roc_auc": 0.8333333333333334,
  "pr_auc": 0.29166666666666663
}