{
  "f1": 0.18181818181818182,
  "roc_auc": 0.7583333333333333,
  "pr_auc": 0.5995535714285714
}