{
  "f1": 0.6666666666666666,
  "roc_auc": 0.8412698412698413,
  "pr_auc": 0.7435897435897436
}