{
  "f1": 0.0,
  "roc_auc": 0.5714285714285714,
  "pr_auc": 0.1388888888888889
}