{
  "f1": 0.8,
  "roc_auc": 0.968421052631579,
  "pr_auc": 0.9028571428571428
}