{
  "f1": 0.18181818181818182,
  "roc_auc": 0.3703703703703704,
  "pr_auc": 0.3506132756132756
}