{
  "f1": 0.3333333333333333,
  "roc_auc": 0.4868421052631579,
  "pr_auc": 0.29345238095238096
}