{
  "f1": 0.36363636363636365,
  "roc_auc": 0.6574074074074074,
  "pr_auc": 0.5640202189115233
}