{
  "f1": 0.6153846153846154,
  "roc_auc": 0.7254901960784313,
  "pr_auc": 0.7100389863547758
}