{
  "f1": 0.2857142857142857,
  "roc_auc": 0.6,
  "pr_auc": 0.4471153846153846
}