{
  "f1": 0.5454545454545454,
  "roc_auc": 0.7685185185185186,
  "pr_auc": 0.6984126984126984
}