{
  "f1": 0.8,
  "roc_auc": 0.9607843137254901,
  "pr_auc": 0.9166666666666665
}