{
  "f1": 0.4444444444444444,
  "roc_auc": 0.6447368421052632,
  "pr_auc": 0.5267857142857143
}