{
  "f1": 0.3333333333333333,
  "roc_auc": 0.75,
  "pr_auc": 0.49831649831649827
}