{
  "f1": 0.5714285714285714,
  "roc_auc": 0.9,
  "pr_auc": 0.6428571428571428
}