{
  "f1": 0.5,
  "roc_auc": 0.6666666666666666,
  "pr_auc": 0.31666666666666665
}