{
  "f1": 0.3333333333333333,
  "roc_auc": 0.631578947368421,
  "pr_auc": 0.3373949579831933
}