{
  "f1": 0.6666666666666666,
  "roc_auc": 0.8815789473684211,
  "pr_auc": 0.8269230769230769
}