{
  "f1": 0.5714285714285714,
  "roc_auc": 0.8166666666666667,
  "pr_auc": 0.7380952380952381
}