{
  "f1": 0.36363636363636365,
  "roc_auc": 0.7375,
  "pr_auc": 0.6243589743589744
}