{
  "f1": 0.2222222222222222,
  "roc_auc": 0.6190476190476191,
  "pr_auc": 0.19914529914529916
}