{
  "f1": 0.25,
  "roc_auc": 0.5789473684210527,
  "pr_auc": 0.42938311688311687
}