{
  "f1": 0.6666666666666666,
  "roc_auc": 0.8333333333333334,
  "pr_auc": 0.6390476190476191
}