{
  "f1": 0.3333333333333333,
  "roc_auc": 0.6166666666666667,
  "pr_auc": 0.45138888888888884
}