{
  "f1": 0.5,
  "roc_auc": 0.5588235294117647,
  "pr_auc": 0.4035714285714285
}