{
  "f1": 0.6666666666666666,
  "roc_auc": 0.9545454545454546,
  "pr_auc": 0.5
}