{
  "f1": 0.8888888888888888,
  "roc_auc": 0.9874999999999999,
  "pr_auc": 0.95
}