{
  "f1": 0.2857142857142857,
  "roc_auc": 0.5079365079365079,
  "pr_auc": 0.4264069264069264
}