{
  "f1": 0.5714285714285714,
  "roc_auc": 0.8253968253968254,
  "pr_auc": 0.5833333333333333
}