{
  "f1": 0.6153846153846154,
  "roc_auc": 0.6339285714285714,
  "pr_auc": 0.5452380952380953
}