{
  "f1": 0.5333333333333333,
  "roc_auc": 0.6960784313725491,
  "pr_auc": 0.6750841750841751
}