{
  "mean": 0.3394516331621595,
  "std": 0.18676714562119223,
  "dist": [
    0.0,
    0.4615384615384615,
    0.3333333333333333,
    0.5,
    0.4285714285714285,
    0.3333333333333333,
    0.25,
    0.25,
    0.4210526315789473,
    0.5714285714285714,
    0.25,
    0.5,
    0.6153846153846154,
    0.2857142857142857,
    0.1818181818181818,
    0.2857142857142857,
    0.5555555555555556,
    0.0,
    0.4,
    0.3076923076923077,
    0.4,
    0.5,
    0.3636363636363636,
    0.0,
    0.4,
    0.0,
    0.4615384615384615,
    0.7692307692307693,
    0.3076923076923077,
    0.0,
    0.2,
    0.5,
    0.2857142857142857,
    0.5714285714285714,
    0.0,
    0.4615384615384615,
    0.4615384615384615,
    0.1666666666666666,
    0.25,
    0.5,
    0.4285714285714285,
    0.3333333333333333,
    0.4,
    0.2222222222222222,
    0.4,
    0.0,
    0.3333333333333333,
    0.5,
    0.2,
    0.625
  ]
}