{
  "t_test": {
    "t_stat": 3.7364635122433056,
    "p_value": 0.000487703919893577
  },
  "wilcoxon": {
    "w_stat": 192.0,
    "p_value": 0.00040594453801809344
  }
}