{
  "mean": 0.4953376707755605,
  "std": 0.09371764347901197,
  "dist": [
    0.55,
    0.4680851063829787,
    0.5294117647058824,
    0.3428571428571428,
    0.5909090909090909,
    0.5405405405405406,
    0.5365853658536586,
    0.3888888888888889,
    0.4878048780487805,
    0.5333333333333333,
    0.5238095238095238,
    0.4324324324324324,
    0.6666666666666666,
    0.3684210526315789,
    0.5106382978723404,
    0.4864864864864865,
    0.4375,
    0.5238095238095238,
    0.4186046511627907,
    0.6086956521739131,
    0.375,
    0.6808510638297872,
    0.45,
    0.55,
    0.3902439024390244,
    0.6086956521739131,
    0.4615384615384615,
    0.4782608695652174,
    0.5806451612903226,
    0.3684210526315789,
    0.5581395348837209,
    0.4615384615384615,
    0.5365853658536586,
    0.4117647058823529,
    0.5116279069767442,
    0.3902439024390244,
    0.4,
    0.55,
    0.6363636363636364,
    0.5,
    0.4242424242424242,
    0.4761904761904761,
    0.5,
    0.6046511627906976,
    0.4736842105263157,
    0.5333333333333333,
    0.3111111111111111,
    0.2962962962962963,
    0.6190476190476191,
    0.6829268292682927
  ]
}