{
  "t_test": {
    "t_stat": 0.26784000699339044,
    "p_value": 0.7899467501110102
  },
  "wilcoxon": {
    "w_stat": 422.5,
    "p_value": 0.7168937479262046
  }
}