{
  "mean": 0.2809509075585129,
  "std": 0.1240705093271806,
  "dist": [
    0.4347826086956521,
    0.24,
    0.3529411764705882,
    0.1818181818181818,
    0.1333333333333333,
    0.25,
    0.1428571428571428,
    0.2857142857142857,
    0.3809523809523809,
    0.3157894736842105,
    0.2,
    0.1111111111111111,
    0.4,
    0.1176470588235294,
    0.5714285714285714,
    0.125,
    0.125,
    0.4210526315789473,
    0.3333333333333333,
    0.375,
    0.1,
    0.4347826086956521,
    0.3333333333333333,
    0.1818181818181818,
    0.3157894736842105,
    0.2222222222222222,
    0.375,
    0.5263157894736842,
    0.1904761904761904,
    0.1176470588235294,
    0.4705882352941176,
    0.1904761904761904,
    0.2105263157894736,
    0.2857142857142857,
    0.3076923076923077,
    0.1666666666666666,
    0.1176470588235294,
    0.4444444444444444,
    0.375,
    0.2105263157894736,
    0.3809523809523809,
    0.2857142857142857,
    0.16,
    0.3157894736842105,
    0.3333333333333333,
    0.4615384615384615,
    0.2105263157894736,
    0.1052631578947368,
    0.4,
    0.32
  ]
}