{
  "t_test": {
    "t_stat": -1.059749629770861,
    "p_value": 0.29445456190788166
  },
  "wilcoxon": {
    "w_stat": 479.5,
    "p_value": 0.2657603794857202
  }
}