{
  "f1": 0.45714285714285713,
  "roc_auc": 0.8056206088992974,
  "pr_auc": 0.5690404334693109
}