{
  "f1": 0.46153846153846156,
  "roc_auc": 0.7137452711223204,
  "pr_auc": 0.5288838794107906
}