{
  "f1": 0.6382978723404256,
  "roc_auc": 0.7821869488536155,
  "pr_auc": 0.6227639293462686
}