{
  "f1": 0.45714285714285713,
  "roc_auc": 0.7280701754385965,
  "pr_auc": 0.48389630456088195
}