{
  "f1": 0.5,
  "roc_auc": 0.6832706766917294,
  "pr_auc": 0.555313514429632
}