{
  "f1": 0.6153846153846154,
  "roc_auc": 0.787524366471735,
  "pr_auc": 0.7208522901288106
}