{
  "f1": 0.5185185185185185,
  "roc_auc": 0.7896825396825398,
  "pr_auc": 0.48700215128786556
}