{
  "f1": 0.34285714285714286,
  "roc_auc": 0.695562435500516,
  "pr_auc": 0.44391047262315897
}