{
  "f1": 0.3448275862068966,
  "roc_auc": 0.6559139784946236,
  "pr_auc": 0.42272403982930296
}