{
  "f1": 0.45161290322580644,
  "roc_auc": 0.7261904761904762,
  "pr_auc": 0.4607337154404218
}