{
  "f1": 0.5238095238095238,
  "roc_auc": 0.7758284600389864,
  "pr_auc": 0.5625733233384601
}