{
  "f1": 0.6363636363636364,
  "roc_auc": 0.8593301435406698,
  "pr_auc": 0.6627741143462629
}