{
  "f1": 0.5581395348837209,
  "roc_auc": 0.7119617224880384,
  "pr_auc": 0.511999272422314
}