{
  "f1": 0.5714285714285714,
  "roc_auc": 0.8415948275862069,
  "pr_auc": 0.6514875070581592
}