{
  "f1": 0.41379310344827586,
  "roc_auc": 0.6416861826697893,
  "pr_auc": 0.4995809174834539
}