{
  "f1": 0.41379310344827586,
  "roc_auc": 0.753968253968254,
  "pr_auc": 0.4508078526308131
}