{
  "f1": 0.5405405405405406,
  "roc_auc": 0.771186440677966,
  "pr_auc": 0.6347552342612827
}