{
  "f1": 0.5294117647058824,
  "roc_auc": 0.7785310734463277,
  "pr_auc": 0.5457326489935185
}