{
  "f1": 0.625,
  "roc_auc": 0.8448928121059269,
  "pr_auc": 0.658502674387355
}