{
  "f1": 0.4117647058823529,
  "roc_auc": 0.6779859484777517,
  "pr_auc": 0.432117579053358
}