{
  "f1": 0.3076923076923077,
  "roc_auc": 0.6515624999999999,
  "pr_auc": 0.2695009071460274
}