{
  "f1": 0.48,
  "roc_auc": 0.7929292929292928,
  "pr_auc": 0.49696130130872435
}