{
  "f1": 0.2962962962962963,
  "roc_auc": 0.5815384615384616,
  "pr_auc": 0.1994543411972396
}