{
  "f1": 0.4444444444444444,
  "roc_auc": 0.715042372881356,
  "pr_auc": 0.6092433722352795
}