{
  "f1": 0.5789473684210527,
  "roc_auc": 0.8577586206896551,
  "pr_auc": 0.7185184811103928
}