{
  "f1": 0.5142857142857142,
  "roc_auc": 0.7933333333333333,
  "pr_auc": 0.6369922046667696
}