{
  "f1": 0.27586206896551724,
  "roc_auc": 0.6203703703703705,
  "pr_auc": 0.26779524757465933
}