{
  "f1": 0.4666666666666667,
  "roc_auc": 0.6104218362282878,
  "pr_auc": 0.5066125815745904
}