{
  "f1": 0.45714285714285713,
  "roc_auc": 0.699404761904762,
  "pr_auc": 0.5258808982041198
}