{
  "f1": 0.48484848484848486,
  "roc_auc": 0.7073412698412698,
  "pr_auc": 0.5718304253128751
}