{
  "f1": 0.35294117647058826,
  "roc_auc": 0.6292613636363636,
  "pr_auc": 0.3842702051224779
}