{
  "f1": 0.5294117647058824,
  "roc_auc": 0.7404761904761905,
  "pr_auc": 0.5526251245789061
}