{
  "f1": 0.3448275862068966,
  "roc_auc": 0.6885856079404467,
  "pr_auc": 0.4645955830331005
}