{
  "f1": 0.5185185185185185,
  "roc_auc": 0.81875,
  "pr_auc": 0.6504193497836761
}