{
  "f1": 0.35294117647058826,
  "roc_auc": 0.6677777777777778,
  "pr_auc": 0.46448206872102316
}