{
  "f1": 0.3333333333333333,
  "roc_auc": 0.6366666666666666,
  "pr_auc": 0.36796727987294026
}