{
  "f1": 0.2962962962962963,
  "roc_auc": 0.6380597014925373,
  "pr_auc": 0.2370960595776772
}