{
  "f1": 0.3870967741935484,
  "roc_auc": 0.7310734463276836,
  "pr_auc": 0.45287655712472713
}