{
  "f1": 0.42857142857142855,
  "roc_auc": 0.6605113636363638,
  "pr_auc": 0.4344114982552014
}