{
  "f1": 0.43243243243243246,
  "roc_auc": 0.6786600496277915,
  "pr_auc": 0.4139060765784904
}