{
  "f1": 0.1875,
  "roc_auc": 0.5142045454545454,
  "pr_auc": 0.1771733832141813
}