{
  "f1": 0.6341463414634146,
  "roc_auc": 0.7770334928229665,
  "pr_auc": 0.668839520208399
}