{
  "f1": 0.4375,
  "roc_auc": 0.8023088023088023,
  "pr_auc": 0.4921768776381076
}