{
  "f1": 0.5161290322580645,
  "roc_auc": 0.7841191066997519,
  "pr_auc": 0.4883022470428485
}