{
  "f1": 0.625,
  "roc_auc": 0.8531073446327684,
  "pr_auc": 0.7771693121693122
}