{
  "f1": 0.47058823529411764,
  "roc_auc": 0.8089330024813897,
  "pr_auc": 0.513896270694124
}