{
  "f1": 0.4444444444444444,
  "roc_auc": 0.7704714640198511,
  "pr_auc": 0.4695649285355168
}