{
  "f1": 0.47368421052631576,
  "roc_auc": 0.6886409736308315,
  "pr_auc": 0.5024286534880323
}