{
  "f1": 0.48,
  "roc_auc": 0.7555555555555555,
  "pr_auc": 0.49416892576947297
}