{
  "mean": 0.4182329028041103,
  "std": 0.1597805875523363,
  "dist": [
    0.6,
    0.3529411764705882,
    0.5714285714285714,
    0.1538461538461538,
    0.4,
    0.5714285714285714,
    0.4210526315789473,
    0.4,
    0.0,
    0.625,
    0.2857142857142857,
    0.5882352941176471,
    0.5,
    0.4444444444444444,
    0.3076923076923077,
    0.3809523809523809,
    0.6153846153846154,
    0.4705882352941176,
    0.5,
    0.2666666666666666,
    0.4705882352941176,
    0.4444444444444444,
    0.3333333333333333,
    0.5454545454545454,
    0.2857142857142857,
    0.5,
    0.6666666666666666,
    0.2,
    0.4210526315789473,
    0.1818181818181818,
    0.6153846153846154,
    0.4,
    0.2222222222222222,
    0.5333333333333333,
    0.4615384615384615,
    0.4,
    0.5,
    0.4615384615384615,
    0.2,
    0.5333333333333333,
    0.4210526315789473,
    0.3333333333333333,
    0.5263157894736842,
    0.6666666666666666,
    0.0,
    0.4444444444444444,
    0.4444444444444444,
    0.4615384615384615,
    0.1666666666666666,
    0.6153846153846154
  ]
}