{
  "t_test": {
    "t_stat": -5.143314835993243,
    "p_value": 4.723515806646894e-06
  },
  "wilcoxon": {
    "w_stat": 104.5,
    "p_value": 2.393630782439857e-05
  }
}