{
  "f1": 0.4444444444444444,
  "roc_auc": 0.7348927875243665,
  "pr_auc": 0.5003029274284121
}