{
  "f1": 0.6666666666666666,
  "roc_auc": 0.8449760765550239,
  "pr_auc": 0.6369026203369683
}