{
  "f1": 0.3076923076923077,
  "roc_auc": 0.6522248243559718,
  "pr_auc": 0.3408795150916948
}