{
  "f1": 0.375,
  "roc_auc": 0.6555555555555556,
  "pr_auc": 0.389267236288431
}