{
  "f1": 0.38461538461538464,
  "roc_auc": 0.7751322751322751,
  "pr_auc": 0.4371082619152283
}