{
  "f1": 0.25,
  "roc_auc": 0.6221590909090909,
  "pr_auc": 0.30247777886344973
}