{
  "f1": 0.5142857142857142,
  "roc_auc": 0.6964285714285715,
  "pr_auc": 0.5332847409236299
}