{
  "f1": 0.5853658536585366,
  "roc_auc": 0.6984126984126985,
  "pr_auc": 0.48034930368022133
}