{
  "f1": 0.3333333333333333,
  "roc_auc": 0.6470588235294117,
  "pr_auc": 0.39263902801778566
}