{
  "f1": 0.5517241379310345,
  "roc_auc": 0.8169491525423729,
  "pr_auc": 0.5586351044415561
}