{
  "f1": 0.5,
  "roc_auc": 0.8071120689655172,
  "pr_auc": 0.562808151383017
}