{
  "f1": 0.25,
  "roc_auc": 0.5411931818181819,
  "pr_auc": 0.2661264669294888
}