{
  "f1": 0.41379310344827586,
  "roc_auc": 0.78562421185372,
  "pr_auc": 0.40068962252908735
}