{
  "f1": 0.4666666666666667,
  "roc_auc": 0.6697892271662764,
  "pr_auc": 0.44001825081837154
}