{
  "f1": 0.34782608695652173,
  "roc_auc": 0.5969230769230769,
  "pr_auc": 0.37125341970647685
}