{
  "f1": 0.5161290322580645,
  "roc_auc": 0.8306878306878307,
  "pr_auc": 0.440887658663987
}