{
  "f1": 0.43243243243243246,
  "roc_auc": 0.7255639097744361,
  "pr_auc": 0.45233406899451534
}