{
  "f1": 0.2857142857142857,
  "roc_auc": 0.6470588235294117,
  "pr_auc": 0.29
}