{
  "f1": 0.3333333333333333,
  "roc_auc": 0.7794117647058824,
  "pr_auc": 0.3125
}