{
  "f1": 0.4444444444444444,
  "roc_auc": 0.9090909090909091,
  "pr_auc": 0.4888888888888888
}