{
  "f1": 0.42857142857142855,
  "roc_auc": 0.734375,
  "pr_auc": 0.27893772893772895
}