{
  "f1": 0.2222222222222222,
  "roc_auc": 0.8088235294117647,
  "pr_auc": 0.18253968253968253
}