{
  "f1": 0.3333333333333333,
  "roc_auc": 0.6911764705882353,
  "pr_auc": 0.5434782608695652
}