{
  "f1": 0.6,
  "roc_auc": 0.953125,
  "pr_auc": 0.6220238095238095
}