{
  "f1": 0.5714285714285714,
  "roc_auc": 0.9558823529411764,
  "pr_auc": 0.7
}