{
  "f1": 0.0,
  "roc_auc": 0.8823529411764706,
  "pr_auc": 0.26666666666666666
}