{
  "f1": 0.6666666666666666,
  "roc_auc": 0.9797979797979799,
  "pr_auc": 0.8666666666666667
}