{
  "f1": 0.4,
  "roc_auc": 0.7373737373737373,
  "pr_auc": 0.31777777777777777
}