{
  "f1": 0.36363636363636365,
  "roc_auc": 0.765625,
  "pr_auc": 0.35
}