{
  "f1": 0.2,
  "roc_auc": 0.8571428571428572,
  "pr_auc": 0.16666666666666666
}