{
  "f1": 0.36363636363636365,
  "roc_auc": 0.8828125,
  "pr_auc": 0.4020833333333333
}