{
  "f1": 0.5454545454545454,
  "roc_auc": 0.9354838709677419,
  "pr_auc": 0.5926190476190476
}