{
  "f1": 0.4,
  "roc_auc": 0.7794117647058824,
  "pr_auc": 0.5588235294117647
}