{
  "f1": 0.5,
  "roc_auc": 0.7419354838709677,
  "pr_auc": 0.6744827586206896
}