{
  "f1": 0.4444444444444444,
  "roc_auc": 0.8709677419354839,
  "pr_auc": 0.6010457516339869
}