{
  "f1": 0.6,
  "roc_auc": 0.84375,
  "pr_auc": 0.5267857142857143
}