{
  "f1": 0.125,
  "roc_auc": 0.7058823529411765,
  "pr_auc": 0.13392857142857142
}