{
  "f1": 0.2857142857142857,
  "roc_auc": 0.7171717171717171,
  "pr_auc": 0.2253968253968254
}