{
  "f1": 0.15384615384615385,
  "roc_auc": 0.6176470588235294,
  "pr_auc": 0.11011904761904762
}