{
  "f1": 0.23529411764705882,
  "roc_auc": 0.6015625,
  "pr_auc": 0.1607297228578693
}