{
  "f1": 0.42857142857142855,
  "roc_auc": 0.921875,
  "pr_auc": 0.5700757575757576
}