{
  "f1": 0.18181818181818182,
  "roc_auc": 0.6176470588235294,
  "pr_auc": 0.28703703703703703
}