{
  "f1": 0.3333333333333333,
  "roc_auc": 0.7575757575757575,
  "pr_auc": 0.2222222222222222
}