{
  "f1": 0.2,
  "roc_auc": 0.765625,
  "pr_auc": 0.27346491228070174
}