{
  "f1": 0.42857142857142855,
  "roc_auc": 0.7354838709677419,
  "pr_auc": 0.3053968253968254
}