{
  "f1": 0.18181818181818182,
  "roc_auc": 0.7647058823529412,
  "pr_auc": 0.16025641025641024
}