{
  "f1": 0.375,
  "roc_auc": 0.7734375,
  "pr_auc": 0.38846153846153847
}