{
  "f1": 0.2857142857142857,
  "roc_auc": 0.7578125,
  "pr_auc": 0.2451923076923077
}