{
  "f1": 0.14285714285714285,
  "roc_auc": 0.6484375,
  "pr_auc": 0.2107142857142857
}