{
  "f1": 0.2222222222222222,
  "roc_auc": 0.6565656565656566,
  "pr_auc": 0.2545893719806763
}