{
  "f1": 0.2,
  "roc_auc": 0.6060606060606061,
  "pr_auc": 0.2434782608695652
}