{
  "f1": 0.5454545454545454,
  "roc_auc": 0.8838709677419354,
  "pr_auc": 0.4633333333333334
}