{
  "f1": 0.15384615384615385,
  "roc_auc": 0.7352941176470589,
  "pr_auc": 0.18382352941176472
}