{
  "f1": 0.6,
  "roc_auc": 0.9191919191919192,
  "pr_auc": 0.44285714285714284
}