{
  "f1": 0.2222222222222222,
  "roc_auc": 0.7070707070707071,
  "pr_auc": 0.26691729323308266
}