{
  "f1": 0.26666666666666666,
  "roc_auc": 0.7575757575757577,
  "pr_auc": 0.19308469308469312
}