{
  "f1": 0.6153846153846154,
  "roc_auc": 0.96875,
  "pr_auc": 0.6791666666666667
}