{
  "f1": 0.36363636363636365,
  "roc_auc": 0.8258064516129032,
  "pr_auc": 0.5854901960784313
}