{
  "f1": 0.46153846153846156,
  "roc_auc": 0.7734375,
  "pr_auc": 0.32056159420289854
}