{
  "f1": 0.16666666666666666,
  "roc_auc": 0.6617647058823529,
  "pr_auc": 0.21014492753623187
}