{
  "mean": 0.49070080281229644,
  "std": 0.09045402998937181,
  "dist": [
    0.5365853658536586,
    0.490566037735849,
    0.5,
    0.3243243243243243,
    0.6046511627906976,
    0.5641025641025641,
    0.5238095238095238,
    0.4,
    0.4545454545454545,
    0.5333333333333333,
    0.4782608695652174,
    0.45,
    0.631578947368421,
    0.4444444444444444,
    0.48,
    0.5142857142857142,
    0.4,
    0.5116279069767442,
    0.4186046511627907,
    0.5925925925925926,
    0.3529411764705882,
    0.6530612244897959,
    0.4090909090909091,
    0.5581395348837209,
    0.45,
    0.6666666666666666,
    0.4615384615384615,
    0.4583333333333333,
    0.5454545454545454,
    0.3333333333333333,
    0.5909090909090909,
    0.4,
    0.5238095238095238,
    0.4571428571428571,
    0.5,
    0.3478260869565217,
    0.3783783783783784,
    0.5581395348837209,
    0.6521739130434783,
    0.5263157894736842,
    0.4444444444444444,
    0.4651162790697674,
    0.5365853658536586,
    0.5416666666666666,
    0.4761904761904761,
    0.5531914893617021,
    0.3555555555555555,
    0.3076923076923077,
    0.5416666666666666,
    0.6363636363636364
  ]
}