{
  "t_test": {
    "t_stat": -5.544535761476944,
    "p_value": 1.1679092048455136e-06
  },
  "wilcoxon": {
    "w_stat": 139.0,
    "p_value": 1.1516929030054248e-05
  }
}