{
  "f1": 0.4,
  "roc_auc": 0.7878787878787878,
  "pr_auc": 0.4944444444444444
}