{
  "f1": 0.5,
  "roc_auc": 0.8203125,
  "pr_auc": 0.3681077694235589
}