{
  "f1": 0.36363636363636365,
  "roc_auc": 0.84375,
  "pr_auc": 0.36858974358974356
}