{
  "f1": 0.2222222222222222,
  "roc_auc": 0.7421875,
  "pr_auc": 0.225
}