{
  "f1": 0.3333333333333333,
  "roc_auc": 0.8529411764705883,
  "pr_auc": 0.34090909090909094
}