{
  "f1": 0.0,
  "roc_auc": 0.5858585858585859,
  "pr_auc": 0.13722222222222222
}