{
  "f1": 0.2857142857142857,
  "roc_auc": 0.8080808080808082,
  "pr_auc": 0.2611111111111111
}