{
  "f1": 0.7272727272727273,
  "roc_auc": 0.953125,
  "pr_auc": 0.6083333333333333
}