{
  "f1": 0.2,
  "roc_auc": 0.7419354838709677,
  "pr_auc": 0.3341800356506238
}