{
  "f1": 0.42857142857142855,
  "roc_auc": 0.8125,
  "pr_auc": 0.27976190476190477
}