{
  "f1": 0.5454545454545454,
  "roc_auc": 0.9296875,
  "pr_auc": 0.7708333333333333
}