{
  "f1": 0.8888888888888888,
  "roc_auc": 0.9921875,
  "pr_auc": 0.95
}