{
  "f1": 0.3333333333333333,
  "roc_auc": 0.7265625,
  "pr_auc": 0.2505952380952381
}