{
  "f1": 0.3333333333333333,
  "roc_auc": 0.8382352941176471,
  "pr_auc": 0.25757575757575757
}