{
  "f1": 0.4444444444444444,
  "roc_auc": 0.8515625,
  "pr_auc": 0.5793650793650793
}