{
  "f1": 0.5,
  "roc_auc": 0.9090909090909091,
  "pr_auc": 0.42499999999999993
}