{
  "f1": 0.36363636363636365,
  "roc_auc": 0.8088235294117647,
  "pr_auc": 0.18253968253968253
}