{
  "f1": 0.2222222222222222,
  "roc_auc": 0.7109375,
  "pr_auc": 0.23596491228070177
}