{
  "f1": 0.14285714285714285,
  "roc_auc": 0.6140350877192983,
  "pr_auc": 0.13374160322436185
}