{
  "f1": 0.36363636363636365,
  "roc_auc": 0.6939655172413793,
  "pr_auc": 0.47745098039215683
}