{
  "f1": 0.18181818181818182,
  "roc_auc": 0.8757062146892655,
  "pr_auc": 0.4588235294117647
}