{
  "f1": 0.2857142857142857,
  "roc_auc": 0.7506493506493507,
  "pr_auc": 0.4803553972908811
}