{
  "f1": 0.3076923076923077,
  "roc_auc": 0.8706896551724138,
  "pr_auc": 0.3616600790513834
}