{
  "f1": 0.08695652173913043,
  "roc_auc": 0.6233766233766234,
  "pr_auc": 0.1578272178436592
}