{
  "f1": 0.4,
  "roc_auc": 0.7473684210526317,
  "pr_auc": 0.5366666666666666
}