{
  "f1": 0.0,
  "roc_auc": 0.26553672316384175,
  "pr_auc": 0.04972677595628415
}