{
  "f1": 0.34782608695652173,
  "roc_auc": 0.8285714285714285,
  "pr_auc": 0.4277327638672176
}