{
  "f1": 0.18181818181818182,
  "roc_auc": 0.7457627118644067,
  "pr_auc": 0.15354090354090355
}