{
  "f1": 0.15384615384615385,
  "roc_auc": 0.7203389830508475,
  "pr_auc": 0.1882832080200501
}