{
  "f1": 0.15384615384615385,
  "roc_auc": 0.6833333333333333,
  "pr_auc": 0.17058907431179574
}