{
  "f1": 0.42857142857142855,
  "roc_auc": 0.6339285714285714,
  "pr_auc": 0.37746449456975767
}