{
  "f1": 0.16666666666666666,
  "roc_auc": 0.6077586206896552,
  "pr_auc": 0.128069266798775
}