{
  "f1": 0.18181818181818182,
  "roc_auc": 0.8135593220338984,
  "pr_auc": 0.4357142857142857
}