{
  "f1": 0.4,
  "roc_auc": 0.7882653061224489,
  "pr_auc": 0.5567460317460318
}