{
  "f1": 0.15384615384615385,
  "roc_auc": 0.7291666666666667,
  "pr_auc": 0.24194464539292126
}