{
  "f1": 0.13333333333333333,
  "roc_auc": 0.761904761904762,
  "pr_auc": 0.25854215229215227
}