{
  "f1": 0.1,
  "roc_auc": 0.5750000000000001,
  "pr_auc": 0.23349349976502054
}