{
  "f1": 0.26666666666666666,
  "roc_auc": 0.5403508771929825,
  "pr_auc": 0.35167765382014876
}