{
  "f1": 0.0,
  "roc_auc": 0.5615384615384615,
  "pr_auc": 0.1891432940064951
}