{
  "f1": 0.25,
  "roc_auc": 0.5961538461538461,
  "pr_auc": 0.2941084748245091
}