{
  "f1": 0.375,
  "roc_auc": 0.7589285714285714,
  "pr_auc": 0.4127380072502024
}