{
  "f1": 0.16666666666666666,
  "roc_auc": 0.7629310344827587,
  "pr_auc": 0.2384268956849602
}