{
  "f1": 0.2857142857142857,
  "roc_auc": 0.7037037037037037,
  "pr_auc": 0.3385914089806095
}