{
  "f1": 0.3333333333333333,
  "roc_auc": 0.8103896103896104,
  "pr_auc": 0.331024531024531
}