{
  "f1": 0.13333333333333333,
  "roc_auc": 0.847457627118644,
  "pr_auc": 0.2212166918049271
}