{
  "f1": 0.25,
  "roc_auc": 0.5988700564971751,
  "pr_auc": 0.1787866050161132
}