{
  "f1": 0.2857142857142857,
  "roc_auc": 0.8577586206896552,
  "pr_auc": 0.32174922600619194
}