{
  "f1": 0.0,
  "roc_auc": 0.7231638418079096,
  "pr_auc": 0.10655575361457714
}