{
  "f1": 0.11764705882352941,
  "roc_auc": 0.3673469387755102,
  "pr_auc": 0.1121807416306812
}