{
  "f1": 0.5,
  "roc_auc": 0.814814814814815,
  "pr_auc": 0.4827684658092628
}