{
  "f1": 0.3,
  "roc_auc": 0.7288461538461538,
  "pr_auc": 0.4536261545472071
}