{
  "f1": 0.3333333333333333,
  "roc_auc": 0.6896551724137931,
  "pr_auc": 0.42040816326530617
}