{
  "f1": 0.35294117647058826,
  "roc_auc": 0.7551020408163265,
  "pr_auc": 0.295939210103859
}