{
  "f1": 0.2222222222222222,
  "roc_auc": 0.4753246753246753,
  "pr_auc": 0.29465854983542644
}