{
  "f1": 0.5,
  "roc_auc": 0.7801724137931034,
  "pr_auc": 0.7681818181818182
}