{
  "f1": 0.13333333333333333,
  "roc_auc": 0.6577380952380952,
  "pr_auc": 0.15394870780427697
}