{
  "f1": 0.13333333333333333,
  "roc_auc": 0.6666666666666667,
  "pr_auc": 0.20576220610176468
}