{
  "f1": 0.13333333333333333,
  "roc_auc": 0.6689655172413793,
  "pr_auc": 0.21874762808349146
}