{
  "f1": 0.0,
  "roc_auc": 0.45263157894736844,
  "pr_auc": 0.09121233826631454
}