{
  "f1": 0.17391304347826086,
  "roc_auc": 0.554367201426025,
  "pr_auc": 0.22381593189385238
}