{
  "f1": 0.19047619047619047,
  "roc_auc": 0.5892857142857143,
  "pr_auc": 0.32800250390571534
}