{
  "f1": 0.38095238095238093,
  "roc_auc": 0.7295597484276729,
  "pr_auc": 0.48359375121827225
}