{
  "f1": 0.42857142857142855,
  "roc_auc": 0.7589285714285714,
  "pr_auc": 0.4130747126436781
}