{
  "f1": 0.0,
  "roc_auc": 0.6767241379310345,
  "pr_auc": 0.1348182624113475
}