{
  "f1": 0.3076923076923077,
  "roc_auc": 0.8833333333333333,
  "pr_auc": 0.46249999999999997
}