{
  "f1": 0.11764705882352941,
  "roc_auc": 0.5238095238095237,
  "pr_auc": 0.1334502662088869
}