{
  "f1": 0.5263157894736842,
  "roc_auc": 0.7311507936507937,
  "pr_auc": 0.5995034046609485
}