{
  "f1": 0.23529411764705882,
  "roc_auc": 0.625,
  "pr_auc": 0.2879189489569859
}