{
  "f1": 0.5909090909090909,
  "roc_auc": 0.7760765550239235,
  "pr_auc": 0.5836866938946736
}