{
  "f1": 0.4,
  "roc_auc": 0.7002688172043011,
  "pr_auc": 0.4239309888062624
}