{
  "f1": 0.3888888888888889,
  "roc_auc": 0.6290322580645161,
  "pr_auc": 0.4327441528509872
}