{
  "f1": 0.4864864864864865,
  "roc_auc": 0.7084309133489461,
  "pr_auc": 0.44234748125725576
}