{
  "f1": 0.4,
  "roc_auc": 0.6046153846153846,
  "pr_auc": 0.22840824011019228
}