{
  "f1": 0.6666666666666666,
  "roc_auc": 0.884698275862069,
  "pr_auc": 0.6966041364436661
}