{
  "f1": 0.4090909090909091,
  "roc_auc": 0.6555555555555556,
  "pr_auc": 0.3696161562688713
}