{
  "f1": 0.5,
  "roc_auc": 0.7348927875243665,
  "pr_auc": 0.46862681966048336
}