{
  "f1": 0.41379310344827586,
  "roc_auc": 0.8080808080808081,
  "pr_auc": 0.5220288353621687
}