{
  "f1": 0.5333333333333333,
  "roc_auc": 0.8079922027290448,
  "pr_auc": 0.6052904435852168
}