{
  "f1": 0.5882352941176471,
  "roc_auc": 0.7116402116402116,
  "pr_auc": 0.5598874783828633
}