{
  "f1": 0.46511627906976744,
  "roc_auc": 0.7123015873015872,
  "pr_auc": 0.5425409352423365
}