{
  "f1": 0.42857142857142855,
  "roc_auc": 0.6754563894523327,
  "pr_auc": 0.4668595009116948
}