{
  "f1": 0.41025641025641024,
  "roc_auc": 0.7470725995316159,
  "pr_auc": 0.4926566526044197
}