{
  "f1": 0.5106382978723404,
  "roc_auc": 0.7236842105263158,
  "pr_auc": 0.4710566581538639
}