{
  "f1": 0.46511627906976744,
  "roc_auc": 0.7155555555555555,
  "pr_auc": 0.45898285133462535
}