{
  "f1": 0.35,
  "roc_auc": 0.6851851851851852,
  "pr_auc": 0.2590832592741361
}