{
  "f1": 0.5128205128205128,
  "roc_auc": 0.7672316384180791,
  "pr_auc": 0.5028633054601491
}