{
  "f1": 0.35,
  "roc_auc": 0.7301587301587301,
  "pr_auc": 0.47316312824450396
}