{
  "f1": 0.5238095238095238,
  "roc_auc": 0.7677777777777779,
  "pr_auc": 0.517275893152725
}