{
  "f1": 0.22857142857142856,
  "roc_auc": 0.5056818181818181,
  "pr_auc": 0.18105080078764288
}