{
  "f1": 0.5957446808510638,
  "roc_auc": 0.8284600389863548,
  "pr_auc": 0.7171947617165398
}