{
  "f1": 0.23529411764705882,
  "roc_auc": 0.5880681818181818,
  "pr_auc": 0.24828785022009076
}