{
  "f1": 0.5641025641025641,
  "roc_auc": 0.8585607940446649,
  "pr_auc": 0.5262879905413842
}