{
  "f1": 0.36363636363636365,
  "roc_auc": 0.7201492537313433,
  "pr_auc": 0.24418045071257666
}