{
  "f1": 0.3888888888888889,
  "roc_auc": 0.7102272727272727,
  "pr_auc": 0.42907875790228733
}