{
  "f1": 0.43243243243243246,
  "roc_auc": 0.7258064516129032,
  "pr_auc": 0.5190030875280052
}