{
  "f1": 0.5142857142857142,
  "roc_auc": 0.670550847457627,
  "pr_auc": 0.5241365076345842
}