{
  "f1": 0.375,
  "roc_auc": 0.7572649572649572,
  "pr_auc": 0.4949494949494949
}