{
  "f1": 0.4864864864864865,
  "roc_auc": 0.7774011299435029,
  "pr_auc": 0.479267625895329
}