{
  "f1": 0.6938775510204082,
  "roc_auc": 0.8717703349282296,
  "pr_auc": 0.5901948813812704
}