{
  "f1": 0.4878048780487805,
  "roc_auc": 0.718266253869969,
  "pr_auc": 0.46731112995400365
}