{
  "f1": 0.4,
  "roc_auc": 0.7344877344877345,
  "pr_auc": 0.4326622525820387
}