{
  "f1": 0.55,
  "roc_auc": 0.8632768361581921,
  "pr_auc": 0.6812244112244112
}