{
  "f1": 0.5714285714285714,
  "roc_auc": 0.847457627118644,
  "pr_auc": 0.6242407312473102
}