{
  "f1": 0.5806451612903226,
  "roc_auc": 0.7717528373266078,
  "pr_auc": 0.5081813952704415
}