{
  "f1": 0.34285714285714286,
  "roc_auc": 0.705026455026455,
  "pr_auc": 0.41869935834719113
}