{
  "f1": 0.5106382978723404,
  "roc_auc": 0.7435406698564593,
  "pr_auc": 0.5321596660961777
}