{
  "f1": 0.5405405405405406,
  "roc_auc": 0.7952853598014888,
  "pr_auc": 0.5189915267180913
}