{
  "f1": 0.46153846153846156,
  "roc_auc": 0.83994708994709,
  "pr_auc": 0.480531197986441
}