{
  "f1": 0.42857142857142855,
  "roc_auc": 0.7261904761904762,
  "pr_auc": 0.5405741747986988
}