{
  "f1": 0.41025641025641024,
  "roc_auc": 0.761786600496278,
  "pr_auc": 0.5637398216633785
}