{
  "f1": 0.6190476190476191,
  "roc_auc": 0.896551724137931,
  "pr_auc": 0.6855439181919445
}