{
  "f1": 0.4117647058823529,
  "roc_auc": 0.7034739454094293,
  "pr_auc": 0.3645947535400208
}