{
  "f1": 0.42857142857142855,
  "roc_auc": 0.6674473067915692,
  "pr_auc": 0.37724824778396204
}