{
  "f1": 0.42424242424242425,
  "roc_auc": 0.81875,
  "pr_auc": 0.5818597599313733
}