{
  "f1": 0.46511627906976744,
  "roc_auc": 0.7447033898305084,
  "pr_auc": 0.5287015375235712
}