{
  "f1": 0.2857142857142857,
  "roc_auc": 0.7241379310344828,
  "pr_auc": 0.2274509803921569
}