{
  "f1": 0.43478260869565216,
  "roc_auc": 0.8448637316561844,
  "pr_auc": 0.5844737499160287
}