{
  "f1": 0.14285714285714285,
  "roc_auc": 0.43508771929824563,
  "pr_auc": 0.09577264445981626
}