{
  "f1": 0.32,
  "roc_auc": 0.6381461675579322,
  "pr_auc": 0.33596789774935404
}