{
  "f1": 0.13333333333333333,
  "roc_auc": 0.6724137931034482,
  "pr_auc": 0.12011392811296534
}