{
  "f1": 0.18181818181818182,
  "roc_auc": 0.6440677966101696,
  "pr_auc": 0.10785024154589372
}