{
  "f1": 0.18181818181818182,
  "roc_auc": 0.8192090395480227,
  "pr_auc": 0.42628205128205127
}