{
  "f1": 0.3157894736842105,
  "roc_auc": 0.9224137931034483,
  "pr_auc": 0.5805555555555555
}