{
  "f1": 0.11764705882352941,
  "roc_auc": 0.5416666666666667,
  "pr_auc": 0.14580430953381773
}