{
  "f1": 0.3333333333333333,
  "roc_auc": 0.7766233766233765,
  "pr_auc": 0.48258900166641416
}