{
  "f1": 0.11764705882352941,
  "roc_auc": 0.5649122807017544,
  "pr_auc": 0.18027417027417028
}