{
  "f1": 0.3333333333333333,
  "roc_auc": 0.646551724137931,
  "pr_auc": 0.25855327468230693
}