{
  "f1": 0.38095238095238093,
  "roc_auc": 0.775438596491228,
  "pr_auc": 0.40963203463203457
}