{
  "f1": 0.375,
  "roc_auc": 0.7589285714285715,
  "pr_auc": 0.4995331465919701
}