{
  "f1": 0.19047619047619047,
  "roc_auc": 0.7291666666666666,
  "pr_auc": 0.20654449796326224
}