{
  "f1": 0.125,
  "roc_auc": 0.7330508474576272,
  "pr_auc": 0.35238095238095235
}