{
  "f1": 0.1111111111111111,
  "roc_auc": 0.6949152542372882,
  "pr_auc": 0.09764309764309764
}