{
  "f1": 0.3076923076923077,
  "roc_auc": 0.8474576271186439,
  "pr_auc": 0.2328042328042328
}