{
  "f1": 0.5263157894736842,
  "roc_auc": 0.8452380952380953,
  "pr_auc": 0.42295803611593086
}