{
  "f1": 0.47058823529411764,
  "roc_auc": 0.8903061224489796,
  "pr_auc": 0.5300120048019208
}