{
  "f1": 0.11764705882352941,
  "roc_auc": 0.75,
  "pr_auc": 0.15594202898550724
}