{
  "f1": 0.35294117647058826,
  "roc_auc": 0.9209039548022598,
  "pr_auc": 0.35
}