{
  "f1": 0.3157894736842105,
  "roc_auc": 0.7857142857142857,
  "pr_auc": 0.23120189995189994
}