{
  "f1": 0.2857142857142857,
  "roc_auc": 0.7532467532467533,
  "pr_auc": 0.36970103831006085
}