{
  "f1": 0.2857142857142857,
  "roc_auc": 0.6755952380952381,
  "pr_auc": 0.2310120435120435
}