{
  "f1": 0.3157894736842105,
  "roc_auc": 0.7740259740259741,
  "pr_auc": 0.2671986743415315
}