{
  "f1": 0.38095238095238093,
  "roc_auc": 0.7653061224489796,
  "pr_auc": 0.41328081856032167
}