{
  "f1": 0.375,
  "roc_auc": 0.9087719298245613,
  "pr_auc": 0.5504273504273505
}