{
  "f1": 0.4,
  "roc_auc": 0.6041666666666666,
  "pr_auc": 0.2762399439266024
}