{
  "f1": 0.2,
  "roc_auc": 0.5790816326530612,
  "pr_auc": 0.19270145059618746
}