{
  "f1": 0.19047619047619047,
  "roc_auc": 0.5636363636363636,
  "pr_auc": 0.15126333361627478
}