{
  "f1": 0.4444444444444444,
  "roc_auc": 0.644230769230769,
  "pr_auc": 0.26985314468559407
}