{
  "f1": 0.2222222222222222,
  "roc_auc": 0.689655172413793,
  "pr_auc": 0.33731441036502596
}