{
  "f1": 0.42105263157894735,
  "roc_auc": 0.7222222222222222,
  "pr_auc": 0.3348559222640105
}