{
  "f1": 0.125,
  "roc_auc": 0.576271186440678,
  "pr_auc": 0.16672024000857172
}