{
  "f1": 0.375,
  "roc_auc": 0.7532467532467533,
  "pr_auc": 0.3156746920293718
}