{
  "f1": 0.21052631578947367,
  "roc_auc": 0.4467532467532468,
  "pr_auc": 0.2653536343796149
}