{
  "f1": 0.5714285714285714,
  "roc_auc": 0.8673076923076923,
  "pr_auc": 0.5164050053833336
}