{
  "f1": 0.10526315789473684,
  "roc_auc": 0.7142857142857143,
  "pr_auc": 0.18447538300479477
}