{
  "f1": 0.46153846153846156,
  "roc_auc": 0.9277777777777777,
  "pr_auc": 0.3222222222222222
}