{
  "f1": 0.3333333333333333,
  "roc_auc": 0.9051724137931034,
  "pr_auc": 0.37083333333333335
}