{
  "f1": 0.43478260869565216,
  "roc_auc": 0.691358024691358,
  "pr_auc": 0.32580754709910725
}