{
  "f1": 0.16,
  "roc_auc": 0.5769230769230769,
  "pr_auc": 0.1953719516494436
}