{
  "f1": 0.25,
  "roc_auc": 0.7068965517241379,
  "pr_auc": 0.19445970695970693
}