{
  "f1": 0.21052631578947367,
  "roc_auc": 0.7857142857142858,
  "pr_auc": 0.3050905560986206
}