{
  "f1": 0.24,
  "roc_auc": 0.5980769230769231,
  "pr_auc": 0.23210439252018217
}