{
  "f1": 0.1,
  "roc_auc": 0.40816326530612246,
  "pr_auc": 0.12871766313937832
}