{
  "f1": 0.46808510638297873,
  "roc_auc": 0.7213403880070547,
  "pr_auc": 0.5351588381213389
}