{
  "f1": 0.5263157894736842,
  "roc_auc": 0.7611111111111111,
  "pr_auc": 0.470466151097993
}