{
  "f1": 0.358974358974359,
  "roc_auc": 0.640677966101695,
  "pr_auc": 0.3773215077217471
}