{
  "f1": 0.5333333333333333,
  "roc_auc": 0.7651072124756335,
  "pr_auc": 0.5525048234901084
}