{
  "f1": 0.42424242424242425,
  "roc_auc": 0.7282878411910669,
  "pr_auc": 0.5028277593346453
}