{
  "f1": 0.35294117647058826,
  "roc_auc": 0.6921875,
  "pr_auc": 0.4316598591611389
}