{
  "f1": 0.5,
  "roc_auc": 0.7129943502824858,
  "pr_auc": 0.5014047524303122
}