{
  "f1": 0.4375,
  "roc_auc": 0.7481389578163772,
  "pr_auc": 0.40233669906352265
}