{
  "f1": 0.2857142857142857,
  "roc_auc": 0.6472457627118644,
  "pr_auc": 0.371056839786859
}