{
  "f1": 0.4186046511627907,
  "roc_auc": 0.7138755980861243,
  "pr_auc": 0.523829178898904
}