{
  "f1": 0.6086956521739131,
  "roc_auc": 0.7717879604672058,
  "pr_auc": 0.6125749677943628
}