{
  "f1": 0.47368421052631576,
  "roc_auc": 0.7332506203473945,
  "pr_auc": 0.44008401846176537
}