{
  "f1": 0.5116279069767442,
  "roc_auc": 0.840042372881356,
  "pr_auc": 0.6768056549284313
}