{
  "f1": 0.42105263157894735,
  "roc_auc": 0.6678571428571428,
  "pr_auc": 0.4827717997704438
}