{
  "f1": 0.38095238095238093,
  "roc_auc": 0.6985111662531017,
  "pr_auc": 0.31380964481775714
}