{
  "f1": 0.5652173913043478,
  "roc_auc": 0.7645933014354066,
  "pr_auc": 0.5302404662490928
}