{
  "f1": 0.4,
  "roc_auc": 0.712484237074401,
  "pr_auc": 0.4102158521459035
}