{
  "f1": 0.46153846153846156,
  "roc_auc": 0.7576112412177987,
  "pr_auc": 0.49784375288021565
}