{
  "f1": 0.5217391304347826,
  "roc_auc": 0.7046296296296296,
  "pr_auc": 0.5921623433588469
}