{
  "f1": 0.5789473684210527,
  "roc_auc": 0.8560794044665012,
  "pr_auc": 0.6377538473382145
}