{
  "f1": 0.4878048780487805,
  "roc_auc": 0.7599531615925059,
  "pr_auc": 0.3485430214051143
}