{
  "f1": 0.5517241379310345,
  "roc_auc": 0.7966101694915254,
  "pr_auc": 0.6314909348907026
}