{
  "f1": 0.5,
  "roc_auc": 0.7679697351828499,
  "pr_auc": 0.5497681408419731
}