{
  "f1": 0.5714285714285714,
  "roc_auc": 0.8858757062146891,
  "pr_auc": 0.7089790476914279
}