{
  "f1": 0.3333333333333333,
  "roc_auc": 0.6446153846153846,
  "pr_auc": 0.27111371418436636
}