{
  "f1": 0.41025641025641024,
  "roc_auc": 0.686159844054581,
  "pr_auc": 0.5009914261922196
}