{
  "f1": 0.5,
  "roc_auc": 0.7549603174603176,
  "pr_auc": 0.5035453500022511
}