{
  "f1": 0.5833333333333334,
  "roc_auc": 0.8218694885361553,
  "pr_auc": 0.6901416758970924
}