{
  "f1": 0.47619047619047616,
  "roc_auc": 0.7667342799188641,
  "pr_auc": 0.5946854940619603
}