{
  "f1": 0.4117647058823529,
  "roc_auc": 0.7428571428571429,
  "pr_auc": 0.49819513082654776
}