{
  "f1": 0.375,
  "roc_auc": 0.708994708994709,
  "pr_auc": 0.34045919410076125
}