{
  "f1": 0.5333333333333333,
  "roc_auc": 0.7832817337461301,
  "pr_auc": 0.6648793714887704
}