{
  "f1": 0.5,
  "roc_auc": 0.7799999999999999,
  "pr_auc": 0.6187022684917421
}