{
  "f1": 0.5777777777777777,
  "roc_auc": 0.8286893704850361,
  "pr_auc": 0.7198350855169557
}