{
  "f1": 0.6486486486486487,
  "roc_auc": 0.9203747072599532,
  "pr_auc": 0.8335069274918898
}