{
  "f1": 0.6666666666666666,
  "roc_auc": 0.8544973544973545,
  "pr_auc": 0.7775384025588701
}