{
  "f1": 0.5,
  "roc_auc": 0.7200811359026369,
  "pr_auc": 0.553733387037198
}