{
  "f1": 0.6666666666666666,
  "roc_auc": 0.8077268643306379,
  "pr_auc": 0.767290702553346
}