{
  "f1": 0.4878048780487805,
  "roc_auc": 0.7966666666666666,
  "pr_auc": 0.61158791137052
}