{
  "f1": 0.5217391304347826,
  "roc_auc": 0.7460317460317459,
  "pr_auc": 0.5783485627201457
}