{
  "f1": 0.5128205128205128,
  "roc_auc": 0.7464503042596349,
  "pr_auc": 0.6015761807799906
}