{
  "f1": 0.45,
  "roc_auc": 0.6537698412698413,
  "pr_auc": 0.44535696952759873
}