{
  "f1": 0.45,
  "roc_auc": 0.7129237288135594,
  "pr_auc": 0.45273478971835174
}