{
  "f1": 0.375,
  "roc_auc": 0.7723076923076924,
  "pr_auc": 0.39323347265197856
}