{
  "f1": 0.5294117647058824,
  "roc_auc": 0.8323863636363636,
  "pr_auc": 0.6163086789018235
}