{
  "f1": 0.4878048780487805,
  "roc_auc": 0.7141382868937048,
  "pr_auc": 0.5209312183371373
}