{
  "f1": 0.5641025641025641,
  "roc_auc": 0.7521186440677966,
  "pr_auc": 0.4549899373983093
}