{
  "f1": 0.4,
  "roc_auc": 0.6921296296296295,
  "pr_auc": 0.37432376718091004
}