{
  "f1": 0.25,
  "roc_auc": 0.8587570621468926,
  "pr_auc": 0.4444444444444444
}