{
  "f1": 0.3076923076923077,
  "roc_auc": 0.7909604519774012,
  "pr_auc": 0.2913165266106442
}