{
  "f1": 0.25,
  "roc_auc": 0.7172619047619048,
  "pr_auc": 0.32581729465979936
}