{
  "f1": 0.16666666666666666,
  "roc_auc": 0.5775862068965517,
  "pr_auc": 0.1127199413489736
}