{
  "f1": 0.46153846153846156,
  "roc_auc": 0.7974137931034482,
  "pr_auc": 0.6245748299319728
}