{
  "f1": 0.2,
  "roc_auc": 0.6623376623376623,
  "pr_auc": 0.17665429808286953
}