{
  "f1": 0.5,
  "roc_auc": 0.7923976608187134,
  "pr_auc": 0.508819501804391
}