{
  "f1": 0.37037037037037035,
  "roc_auc": 0.6430769230769231,
  "pr_auc": 0.3179499072356215
}