{
  "f1": 0.5909090909090909,
  "roc_auc": 0.7637017070979335,
  "pr_auc": 0.5489276433235292
}