{
  "f1": 0.4166666666666667,
  "roc_auc": 0.6746031746031745,
  "pr_auc": 0.4971076847697951
}