{
  "f1": 0.2857142857142857,
  "roc_auc": 0.5246153846153846,
  "pr_auc": 0.3062398865111129
}