{
  "f1": 0.47368421052631576,
  "roc_auc": 0.695906432748538,
  "pr_auc": 0.48975124097005285
}