{
  "f1": 0.5,
  "roc_auc": 0.7505070993914807,
  "pr_auc": 0.5697441434849652
}