{
  "f1": 0.6666666666666666,
  "roc_auc": 0.826388888888889,
  "pr_auc": 0.7411282996246112
}