{
  "f1": 0.3870967741935484,
  "roc_auc": 0.6599999999999999,
  "pr_auc": 0.40770503410916803
}