{
  "f1": 0.43243243243243246,
  "roc_auc": 0.6836158192090396,
  "pr_auc": 0.3968988316090515
}