{
  "f1": 0.4117647058823529,
  "roc_auc": 0.6833333333333332,
  "pr_auc": 0.38855872373275807
}