{
  "f1": 0.47619047619047616,
  "roc_auc": 0.7692307692307693,
  "pr_auc": 0.556887679678514
}