{
  "f1": 0.5238095238095238,
  "roc_auc": 0.7655502392344498,
  "pr_auc": 0.7004371493630868
}