{
  "f1": 0.5,
  "roc_auc": 0.7667698658410733,
  "pr_auc": 0.6344342553232063
}