{
  "f1": 0.4,
  "roc_auc": 0.6774193548387097,
  "pr_auc": 0.4054083543757194
}