{
  "f1": 0.5945945945945946,
  "roc_auc": 0.7277542372881356,
  "pr_auc": 0.42822100377962014
}