{
  "f1": 0.43243243243243246,
  "roc_auc": 0.796875,
  "pr_auc": 0.5179684721863586
}