{
  "f1": 0.6818181818181818,
  "roc_auc": 0.8765432098765432,
  "pr_auc": 0.8234530110248819
}