{
  "f1": 0.5454545454545454,
  "roc_auc": 0.6851851851851852,
  "pr_auc": 0.5706535618384617
}