{
  "f1": 0.45714285714285713,
  "roc_auc": 0.7055555555555556,
  "pr_auc": 0.5660452261810751
}