{
  "f1": 0.41379310344827586,
  "roc_auc": 0.6481481481481481,
  "pr_auc": 0.34595992609972875
}