{
  "f1": 0.5294117647058824,
  "roc_auc": 0.7142857142857142,
  "pr_auc": 0.5093963390837403
}