{
  "f1": 0.5581395348837209,
  "roc_auc": 0.77336860670194,
  "pr_auc": 0.6090236675857543
}