{
  "f1": 0.5,
  "roc_auc": 0.8296875,
  "pr_auc": 0.59568183016688
}