{
  "f1": 0.5294117647058824,
  "roc_auc": 0.7741935483870968,
  "pr_auc": 0.5488960006401867
}