{
  "f1": 0.7222222222222222,
  "roc_auc": 0.9250585480093677,
  "pr_auc": 0.7772584141005193
}