{
  "f1": 0.4878048780487805,
  "roc_auc": 0.7261663286004058,
  "pr_auc": 0.6248240366230317
}