{
  "f1": 0.6341463414634146,
  "roc_auc": 0.8307533539731682,
  "pr_auc": 0.6597253838902228
}