{
  "f1": 0.5,
  "roc_auc": 0.6934523809523809,
  "pr_auc": 0.5505680131192427
}