{
  "f1": 0.5789473684210527,
  "roc_auc": 0.7552966101694916,
  "pr_auc": 0.5725544488710314
}