{
  "f1": 0.6046511627906976,
  "roc_auc": 0.7801857585139318,
  "pr_auc": 0.6499014127562868
}