{
  "f1": 0.46153846153846156,
  "roc_auc": 0.6305084745762711,
  "pr_auc": 0.44849254162290414
}