{
  "f1": 0.5,
  "roc_auc": 0.7063492063492064,
  "pr_auc": 0.5015585056644294
}