{
  "f1": 0.5333333333333333,
  "roc_auc": 0.771186440677966,
  "pr_auc": 0.5350863322254491
}