{
  "f1": 0.4117647058823529,
  "roc_auc": 0.6428571428571429,
  "pr_auc": 0.37908719961158077
}