{
  "f1": 0.5405405405405406,
  "roc_auc": 0.7944514501891551,
  "pr_auc": 0.5880611218846512
}