{
  "f1": 0.42105263157894735,
  "roc_auc": 0.6122881355932203,
  "pr_auc": 0.4500380514881657
}