{
  "f1": 0.5714285714285714,
  "roc_auc": 0.826302729528536,
  "pr_auc": 0.6381369404800827
}