{
  "f1": 0.45,
  "roc_auc": 0.7377777777777778,
  "pr_auc": 0.575994783927557
}