{
  "f1": 0.5263157894736842,
  "roc_auc": 0.753177966101695,
  "pr_auc": 0.5934617356734442
}