{
  "f1": 0.6511627906976745,
  "roc_auc": 0.8229665071770335,
  "pr_auc": 0.6076603175871576
}