{
  "f1": 0.6666666666666666,
  "roc_auc": 0.8050314465408805,
  "pr_auc": 0.6405547565170177
}