{
  "f1": 0.5882352941176471,
  "roc_auc": 0.823728813559322,
  "pr_auc": 0.5673940001837637
}