{
  "f1": 0.5,
  "roc_auc": 0.7622950819672132,
  "pr_auc": 0.41863397426542104
}