{
  "f1": 0.3125,
  "roc_auc": 0.6960907944514502,
  "pr_auc": 0.4237650129344863
}