{
  "f1": 0.45714285714285713,
  "roc_auc": 0.7099391480730224,
  "pr_auc": 0.522005296740738
}