{
  "f1": 0.48484848484848486,
  "roc_auc": 0.7096774193548386,
  "pr_auc": 0.46967529864472324
}