{
  "f1": 0.5853658536585366,
  "roc_auc": 0.8327683615819209,
  "pr_auc": 0.707380880310958
}