{
  "f1": 0.5128205128205128,
  "roc_auc": 0.8211111111111111,
  "pr_auc": 0.5099738572812935
}