{
  "f1": 0.13333333333333333,
  "roc_auc": 0.6280701754385966,
  "pr_auc": 0.1712658622841689
}