{
  "f1": 0.3,
  "roc_auc": 0.5863095238095238,
  "pr_auc": 0.1706964147666235
}