{
  "f1": 0.5,
  "roc_auc": 0.7865384615384615,
  "pr_auc": 0.46097763347763343
}