{
  "f1": 0.23529411764705882,
  "roc_auc": 0.887005649717514,
  "pr_auc": 0.4841269841269841
}