{
  "f1": 0.0,
  "roc_auc": 0.3277777777777777,
  "pr_auc": 0.04966973526811255
}