{
  "f1": 0.2857142857142857,
  "roc_auc": 0.5153061224489796,
  "pr_auc": 0.2520936579760109
}