{
  "f1": 0.3076923076923077,
  "roc_auc": 0.6576923076923077,
  "pr_auc": 0.39272148882863167
}