{
  "f1": 0.0,
  "roc_auc": 0.6384180790960452,
  "pr_auc": 0.08222222222222222
}