{
  "f1": 0.3333333333333333,
  "roc_auc": 0.676923076923077,
  "pr_auc": 0.3901233712524035
}