{
  "f1": 0.19047619047619047,
  "roc_auc": 0.728448275862069,
  "pr_auc": 0.38772357723577233
}