{
  "f1": 0.2727272727272727,
  "roc_auc": 0.6288461538461538,
  "pr_auc": 0.2999209486166008
}