{
  "f1": 0.19047619047619047,
  "roc_auc": 0.6574074074074073,
  "pr_auc": 0.2468799142464003
}