{
  "f1": 0.23529411764705882,
  "roc_auc": 0.6497175141242938,
  "pr_auc": 0.1685185185185185
}