{
  "f1": 0.17391304347826086,
  "roc_auc": 0.4770408163265306,
  "pr_auc": 0.14111951611551676
}