{
  "f1": 0.23529411764705882,
  "roc_auc": 0.6245614035087719,
  "pr_auc": 0.30637312844759657
}