{
  "f1": 0.21052631578947367,
  "roc_auc": 0.7543103448275862,
  "pr_auc": 0.15787037037037038
}