{
  "f1": 0.4,
  "roc_auc": 0.8958333333333334,
  "pr_auc": 0.6135912698412698
}