{
  "f1": 0.35294117647058826,
  "roc_auc": 0.7506493506493506,
  "pr_auc": 0.3562002685630905
}