{
  "f1": 0.125,
  "roc_auc": 0.5732758620689656,
  "pr_auc": 0.1272401433691756
}