{
  "f1": 0.11764705882352941,
  "roc_auc": 0.5565476190476191,
  "pr_auc": 0.14374852200939156
}