{
  "f1": 0.0,
  "roc_auc": 0.6130952380952381,
  "pr_auc": 0.1320240307196829
}