{
  "f1": 0.45454545454545453,
  "roc_auc": 0.7190775681341719,
  "pr_auc": 0.4133043121618955
}