{
  "f1": 0.2222222222222222,
  "roc_auc": 0.806547619047619,
  "pr_auc": 0.2743812759831067
}