{
  "f1": 0.21052631578947367,
  "roc_auc": 0.6666666666666666,
  "pr_auc": 0.22873563218390802
}