{
  "f1": 0.4444444444444444,
  "roc_auc": 0.7708333333333333,
  "pr_auc": 0.6135620915032679
}