{
  "f1": 0.26666666666666666,
  "roc_auc": 0.6652542372881356,
  "pr_auc": 0.22612721417069243
}