{
  "f1": 0.1111111111111111,
  "roc_auc": 0.48421052631578954,
  "pr_auc": 0.2748741655314997
}