{
  "f1": 0.35294117647058826,
  "roc_auc": 0.7198275862068965,
  "pr_auc": 0.2675438596491228
}