{
  "f1": 0.09090909090909091,
  "roc_auc": 0.2485875706214689,
  "pr_auc": 0.04516714478075054
}