{
  "f1": 0.36363636363636365,
  "roc_auc": 0.7402597402597402,
  "pr_auc": 0.2948125143777317
}