{
  "f1": 0.32,
  "roc_auc": 0.5579322638146167,
  "pr_auc": 0.3280081146774557
}