{
  "f1": 0.2,
  "roc_auc": 0.6862068965517242,
  "pr_auc": 0.20934065934065935
}