{
  "f1": 0.47619047619047616,
  "roc_auc": 0.8363636363636363,
  "pr_auc": 0.5510385005065856
}