{
  "f1": 0.36363636363636365,
  "roc_auc": 0.7270408163265306,
  "pr_auc": 0.3098484848484848
}