{
  "f1": 0.1111111111111111,
  "roc_auc": 0.7284482758620691,
  "pr_auc": 0.34266476308072236
}