{
  "f1": 0.21052631578947367,
  "roc_auc": 0.6755952380952381,
  "pr_auc": 0.16309752339164105
}