{
  "f1": 0.26666666666666666,
  "roc_auc": 0.5894736842105264,
  "pr_auc": 0.19916221033868092
}