{
  "f1": 0.43478260869565216,
  "roc_auc": 0.6995884773662553,
  "pr_auc": 0.3524222389626179
}