{
  "f1": 0.23529411764705882,
  "roc_auc": 0.5649717514124294,
  "pr_auc": 0.09516345723242275
}