{
  "f1": 0.38095238095238093,
  "roc_auc": 0.6311688311688312,
  "pr_auc": 0.5143198658147516
}