{
  "f1": 0.11764705882352941,
  "roc_auc": 0.5862068965517241,
  "pr_auc": 0.1561302681992337
}