{
  "f1": 0.15384615384615385,
  "roc_auc": 0.6214689265536724,
  "pr_auc": 0.38024691358024687
}