{
  "f1": 0.3,
  "roc_auc": 0.6519480519480519,
  "pr_auc": 0.3894909688013136
}