{
  "f1": 0.19047619047619047,
  "roc_auc": 0.606896551724138,
  "pr_auc": 0.2390984284532672
}