{
  "f1": 0.4444444444444444,
  "roc_auc": 0.7380952380952381,
  "pr_auc": 0.5595376845376845
}