{
  "f1": 0.38095238095238093,
  "roc_auc": 0.7766233766233765,
  "pr_auc": 0.4395533564386638
}