{
  "f1": 0.3333333333333333,
  "roc_auc": 0.9852941176470588,
  "pr_auc": 0.8333333333333333
}