{
  "f1": 0.15384615384615385,
  "roc_auc": 0.6868686868686869,
  "pr_auc": 0.26190476190476186
}