{
  "f1": 0.0,
  "roc_auc": 0.5353535353535354,
  "pr_auc": 0.11118538324420678
}