{
  "f1": 0.13333333333333333,
  "roc_auc": 0.5959595959595959,
  "pr_auc": 0.16666666666666669
}