{
  "t_test": {
    "t_stat": 7.13272815871426,
    "p_value": 4.1330126990559425e-09
  },
  "wilcoxon": {
    "w_stat": 73.0,
    "p_value": 5.212642574077709e-07
  }
}