{
  "mean": 0.27164945018189063,
  "std": 0.13461364800674827,
  "dist": [
    0.1333333333333333,
    0.4,
    0.3157894736842105,
    0.2857142857142857,
    0.2857142857142857,
    0.3529411764705882,
    0.2666666666666666,
    0.1666666666666666,
    0.4210526315789473,
    0.1428571428571428,
    0.2666666666666666,
    0.1818181818181818,
    0.4210526315789473,
    0.25,
    0.25,
    0.1333333333333333,
    0.4545454545454545,
    0.0,
    0.3076923076923077,
    0.4285714285714285,
    0.375,
    0.3809523809523809,
    0.2666666666666666,
    0.0,
    0.3333333333333333,
    0.3076923076923077,
    0.3333333333333333,
    0.5,
    0.1428571428571428,
    0.0,
    0.1052631578947368,
    0.4347826086956521,
    0.4,
    0.4285714285714285,
    0.0,
    0.4705882352941176,
    0.2857142857142857,
    0.25,
    0.0,
    0.3333333333333333,
    0.25,
    0.3333333333333333,
    0.2857142857142857,
    0.25,
    0.3157894736842105,
    0.1333333333333333,
    0.2857142857142857,
    0.3076923076923077,
    0.1538461538461538,
    0.4545454545454545
  ]
}