{
  "mean": 0.48960147001926985,
  "std": 0.08812599268297798,
  "dist": [
    0.5641025641025641,
    0.4680851063829787,
    0.5,
    0.3529411764705882,
    0.5714285714285714,
    0.5263157894736842,
    0.5116279069767442,
    0.4375,
    0.45,
    0.5333333333333333,
    0.4878048780487805,
    0.4102564102564102,
    0.6486486486486487,
    0.4,
    0.5217391304347826,
    0.5294117647058824,
    0.375,
    0.5116279069767442,
    0.4186046511627907,
    0.6086956521739131,
    0.375,
    0.6666666666666666,
    0.45,
    0.5,
    0.4210526315789473,
    0.5833333333333334,
    0.4736842105263157,
    0.5,
    0.5517241379310345,
    0.358974358974359,
    0.5217391304347826,
    0.4615384615384615,
    0.5789473684210527,
    0.4117647058823529,
    0.4878048780487805,
    0.3809523809523809,
    0.4,
    0.5128205128205128,
    0.6666666666666666,
    0.5,
    0.4242424242424242,
    0.4761904761904761,
    0.4878048780487805,
    0.5652173913043478,
    0.5,
    0.5333333333333333,
    0.2857142857142857,
    0.3333333333333333,
    0.5777777777777777,
    0.6666666666666666
  ]
}