{
  "t_test": {
    "t_stat": -0.5899128576839412,
    "p_value": 0.5579597315321735
  },
  "wilcoxon": {
    "w_stat": 444.0,
    "p_value": 0.551716504852954
  }
}