{
  "mean": 0.4935391582699726,
  "std": 0.09778094907807172,
  "dist": [
    0.55,
    0.4897959183673469,
    0.5,
    0.2777777777777778,
    0.65,
    0.5263157894736842,
    0.5945945945945946,
    0.45,
    0.4285714285714285,
    0.5,
    0.5238095238095238,
    0.3333333333333333,
    0.6666666666666666,
    0.4444444444444444,
    0.5306122448979592,
    0.4615384615384615,
    0.4444444444444444,
    0.5238095238095238,
    0.4285714285714285,
    0.6086956521739131,
    0.3888888888888889,
    0.6666666666666666,
    0.35,
    0.6,
    0.4390243902439024,
    0.6122448979591837,
    0.5128205128205128,
    0.4782608695652174,
    0.5161290322580645,
    0.35,
    0.5416666666666666,
    0.4324324324324324,
    0.5853658536585366,
    0.4,
    0.5,
    0.2926829268292683,
    0.5263157894736842,
    0.55,
    0.6222222222222222,
    0.4878048780487805,
    0.3783783783783784,
    0.55,
    0.5116279069767442,
    0.5531914893617021,
    0.4736842105263157,
    0.5714285714285714,
    0.3333333333333333,
    0.3333333333333333,
    0.5777777777777777,
    0.6086956521739131
  ]
}