{
  "f1": 0.4166666666666667,
  "roc_auc": 0.5806451612903226,
  "pr_auc": 0.31812173945307043
}