{
  "f1": 0.4,
  "roc_auc": 0.7056451612903225,
  "pr_auc": 0.49918794092201313
}