{
  "f1": 0.34782608695652173,
  "roc_auc": 0.7912457912457911,
  "pr_auc": 0.36621959137694776
}