{
  "f1": 0.37037037037037035,
  "roc_auc": 0.7763466042154568,
  "pr_auc": 0.3947546671943453
}