{
  "f1": 0.4166666666666667,
  "roc_auc": 0.727683615819209,
  "pr_auc": 0.4795929924958058
}