{
  "f1": 0.6666666666666666,
  "roc_auc": 0.8655367231638418,
  "pr_auc": 0.6964402738183225
}