{
  "f1": 0.5555555555555556,
  "roc_auc": 0.7311111111111112,
  "pr_auc": 0.48140900057039404
}