{
  "f1": 0.47058823529411764,
  "roc_auc": 0.7754342431761787,
  "pr_auc": 0.4741972043770622
}