{
  "f1": 0.631578947368421,
  "roc_auc": 0.8823529411764706,
  "pr_auc": 0.6453703703703705
}