{
  "f1": 0.25,
  "roc_auc": 0.6190476190476191,
  "pr_auc": 0.22916666666666666
}