{
  "f1": 0.5882352941176471,
  "roc_auc": 0.796875,
  "pr_auc": 0.7231672932330827
}