{
  "f1": 0.5454545454545454,
  "roc_auc": 0.6574074074074074,
  "pr_auc": 0.5524801587301587
}