{
  "f1": 0.25,
  "roc_auc": 0.761904761904762,
  "pr_auc": 0.29444444444444445
}