{
  "f1": 0.36363636363636365,
  "roc_auc": 0.5370370370370371,
  "pr_auc": 0.4618632141851956
}