{
  "f1": 0.46153846153846156,
  "roc_auc": 0.696078431372549,
  "pr_auc": 0.5770833333333333
}