{
  "f1": 0.4,
  "roc_auc": 0.6973684210526315,
  "pr_auc": 0.6309523809523809
}