{
  "f1": 0.0,
  "roc_auc": 0.4523809523809524,
  "pr_auc": 0.11437908496732026
}