{
  "f1": 0.36363636363636365,
  "roc_auc": 0.40789473684210525,
  "pr_auc": 0.19604978354978353
}