{
  "f1": 0.4444444444444444,
  "roc_auc": 0.7833333333333332,
  "pr_auc": 0.6222222222222222
}