{
  "f1": 0.5714285714285714,
  "roc_auc": 0.5982142857142857,
  "pr_auc": 0.5304482797903851
}