{
  "f1": 0.6,
  "roc_auc": 0.763157894736842,
  "pr_auc": 0.4588235294117647
}