{
  "f1": 0.5882352941176471,
  "roc_auc": 0.8055555555555556,
  "pr_auc": 0.5787037037037037
}