{
  "f1": 0.5333333333333333,
  "roc_auc": 0.8137254901960784,
  "pr_auc": 0.7999999999999999
}