{
  "f1": 0.6,
  "roc_auc": 0.7222222222222221,
  "pr_auc": 0.49916666666666665
}