{
  "f1": 0.5,
  "roc_auc": 0.6349206349206349,
  "pr_auc": 0.37681159420289856
}