{
  "f1": 0.5714285714285714,
  "roc_auc": 0.9206349206349207,
  "pr_auc": 0.6984126984126985
}