{
  "f1": 0.5555555555555556,
  "roc_auc": 0.6916666666666667,
  "pr_auc": 0.6627079619726679
}