{
  "f1": 0.2857142857142857,
  "roc_auc": 0.5394736842105263,
  "pr_auc": 0.2787878787878788
}