{
  "f1": 0.7272727272727273,
  "roc_auc": 0.8725490196078431,
  "pr_auc": 0.7416666666666666
}