{
  "f1": 0.6,
  "roc_auc": 0.8111111111111111,
  "pr_auc": 0.6696503496503496
}