{
  "f1": 0.4444444444444444,
  "roc_auc": 0.6296296296296297,
  "pr_auc": 0.48724696356275304
}