{
  "f1": 0.0,
  "roc_auc": 0.5131578947368421,
  "pr_auc": 0.22045454545454546
}