{
  "f1": 0.5714285714285714,
  "roc_auc": 0.9333333333333333,
  "pr_auc": 0.7222222222222222
}