{
  "f1": 0.46153846153846156,
  "roc_auc": 0.6916666666666667,
  "pr_auc": 0.5933039274322169
}