{
  "f1": 0.46153846153846156,
  "roc_auc": 0.6428571428571428,
  "pr_auc": 0.5242063492063491
}