{
  "f1": 0.4444444444444444,
  "roc_auc": 0.6481481481481481,
  "pr_auc": 0.5053904428904428
}