{
  "f1": 0.4444444444444444,
  "roc_auc": 0.6666666666666667,
  "pr_auc": 0.5809523809523809
}