{
  "f1": 0.6,
  "roc_auc": 0.8421052631578947,
  "pr_auc": 0.675595238095238
}