{
  "f1": 0.2857142857142857,
  "roc_auc": 0.5921052631578948,
  "pr_auc": 0.27294372294372293
}