{
  "f1": 0.5714285714285714,
  "roc_auc": 0.78125,
  "pr_auc": 0.6590277777777778
}