{
  "f1": 0.8888888888888888,
  "roc_auc": 0.9736842105263158,
  "pr_auc": 0.8875
}