{
  "f1": 0.5454545454545454,
  "roc_auc": 0.7058823529411765,
  "pr_auc": 0.5474358974358975
}