{
  "f1": 0.5714285714285714,
  "roc_auc": 0.7105263157894737,
  "pr_auc": 0.6413690476190477
}