{
  "f1": 0.6666666666666666,
  "roc_auc": 0.8235294117647058,
  "pr_auc": 0.8092592592592592
}