{
  "f1": 0.5,
  "roc_auc": 0.746031746031746,
  "pr_auc": 0.44771241830065356
}