{
  "f1": 0.6666666666666666,
  "roc_auc": 0.9078947368421053,
  "pr_auc": 0.6041666666666666
}