{
  "f1": 0.2857142857142857,
  "roc_auc": 0.7000000000000001,
  "pr_auc": 0.25
}