{
  "f1": 0.6666666666666666,
  "roc_auc": 0.787037037037037,
  "pr_auc": 0.7442401960784314
}