{
  "f1": 0.5,
  "roc_auc": 0.9696969696969697,
  "pr_auc": 0.6388888888888888
}