{
  "f1": 0.16666666666666666,
  "roc_auc": 0.696969696969697,
  "pr_auc": 0.2637426900584795
}