{
  "f1": 0.26666666666666666,
  "roc_auc": 0.7171717171717171,
  "pr_auc": 0.17072510822510822
}