{
  "f1": 0.3076923076923077,
  "roc_auc": 0.84375,
  "pr_auc": 0.5146103896103896
}