{
  "f1": 0.14285714285714285,
  "roc_auc": 0.7647058823529411,
  "pr_auc": 0.17142857142857143
}