{
  "f1": 0.3076923076923077,
  "roc_auc": 0.832258064516129,
  "pr_auc": 0.4314685314685315
}