{
  "f1": 0.15384615384615385,
  "roc_auc": 0.7777777777777779,
  "pr_auc": 0.24314574314574317
}