{
  "f1": 0.0,
  "roc_auc": 0.7352941176470589,
  "pr_auc": 0.14090909090909093
}