{
  "f1": 0.0,
  "roc_auc": 0.640625,
  "pr_auc": 0.17168982977806507
}