{
  "f1": 0.75,
  "roc_auc": 0.7894736842105264,
  "pr_auc": 0.8016666666666667
}