{
  "f1": 0.2,
  "roc_auc": 0.6583333333333333,
  "pr_auc": 0.5975407268170425
}