{
  "f1": 0.0,
  "roc_auc": 0.9090909090909091,
  "pr_auc": 0.3333333333333333
}