{
  "f1": 0.4444444444444444,
  "roc_auc": 0.6862745098039216,
  "pr_auc": 0.5048611111111111
}