{
  "f1": 0.6,
  "roc_auc": 0.9313725490196079,
  "pr_auc": 0.7166666666666667
}