{
  "f1": 0.0,
  "roc_auc": 0.6710526315789473,
  "pr_auc": 0.32971491228070177
}