{
  "f1": 0.2857142857142857,
  "roc_auc": 0.5185185185185185,
  "pr_auc": 0.4078042328042328
}