{
  "f1": 0.5,
  "roc_auc": 0.6000000000000001,
  "pr_auc": 0.39835005574136007
}