{
  "f1": 0.15384615384615385,
  "roc_auc": 0.7499999999999999,
  "pr_auc": 0.15476190476190477
}