{
  "f1": 0.375,
  "roc_auc": 0.7890625,
  "pr_auc": 0.4787037037037037
}