{
  "f1": 0.14285714285714285,
  "roc_auc": 0.7109375,
  "pr_auc": 0.2730861244019139
}