{
  "f1": 0.0,
  "roc_auc": 0.5588235294117647,
  "pr_auc": 0.09090909090909091
}