{
  "f1": 0.18181818181818182,
  "roc_auc": 0.6363636363636364,
  "pr_auc": 0.1498917748917749
}