{
  "f1": 0.5454545454545454,
  "roc_auc": 0.7397660818713451,
  "pr_auc": 0.4940281081013427
}