{
  "f1": 0.43902439024390244,
  "roc_auc": 0.6976264189886481,
  "pr_auc": 0.49181616603385825
}