{
  "f1": 0.5,
  "roc_auc": 0.8349875930521091,
  "pr_auc": 0.611933980962321
}