{
  "f1": 0.42857142857142855,
  "roc_auc": 0.8029100529100529,
  "pr_auc": 0.506352218687745
}