{
  "f1": 0.4117647058823529,
  "roc_auc": 0.7332506203473945,
  "pr_auc": 0.5561177910664432
}