{
  "f1": 0.3888888888888889,
  "roc_auc": 0.7806637806637807,
  "pr_auc": 0.45545704295704303
}