{
  "f1": 0.3888888888888889,
  "roc_auc": 0.6104218362282878,
  "pr_auc": 0.36461727442329006
}