{
  "f1": 0.5106382978723404,
  "roc_auc": 0.7770334928229665,
  "pr_auc": 0.691428796524794
}