{
  "f1": 0.6153846153846154,
  "roc_auc": 0.9062146892655367,
  "pr_auc": 0.7958249890206412
}