{
  "f1": 0.5263157894736842,
  "roc_auc": 0.8322222222222223,
  "pr_auc": 0.6132023067955271
}