{
  "f1": 0.5909090909090909,
  "roc_auc": 0.8021442495126706,
  "pr_auc": 0.7398995804130781
}