{
  "f1": 0.43902439024390244,
  "roc_auc": 0.6926691729323308,
  "pr_auc": 0.5726233330840589
}