{
  "f1": 0.2777777777777778,
  "roc_auc": 0.6441798941798942,
  "pr_auc": 0.3097852564988676
}