{
  "f1": 0.48484848484848486,
  "roc_auc": 0.8312655086848635,
  "pr_auc": 0.5536280887451456
}