{
  "f1": 0.375,
  "roc_auc": 0.7575757575757576,
  "pr_auc": 0.47664156830823495
}