{
  "f1": 0.3902439024390244,
  "roc_auc": 0.6855555555555556,
  "pr_auc": 0.473237933811653
}