{
  "f1": 0.5185185185185185,
  "roc_auc": 0.8687499999999999,
  "pr_auc": 0.7240351647328391
}