{
  "f1": 0.6341463414634146,
  "roc_auc": 0.8666666666666668,
  "pr_auc": 0.8272813787106729
}