{
  "f1": 0.7441860465116279,
  "roc_auc": 0.8956937799043062,
  "pr_auc": 0.7391136714467756
}