{
  "f1": 0.42424242424242425,
  "roc_auc": 0.751412429378531,
  "pr_auc": 0.47760139589170264
}