{
  "f1": 0.46153846153846156,
  "roc_auc": 0.6490872210953347,
  "pr_auc": 0.4727778108493481
}