{
  "f1": 0.4864864864864865,
  "roc_auc": 0.7053571428571429,
  "pr_auc": 0.5668016998818471
}