{
  "f1": 0.42424242424242425,
  "roc_auc": 0.6510538641686183,
  "pr_auc": 0.42781100761958235
}