{
  "f1": 0.5660377358490566,
  "roc_auc": 0.7372134038800706,
  "pr_auc": 0.5571550631512641
}