{
  "f1": 0.29411764705882354,
  "roc_auc": 0.6604477611940299,
  "pr_auc": 0.3064772437997463
}