{
  "f1": 0.5263157894736842,
  "roc_auc": 0.7709551656920078,
  "pr_auc": 0.608731392022148
}