{
  "f1": 0.6470588235294118,
  "roc_auc": 0.8587641866330392,
  "pr_auc": 0.6195628932471037
}