{
  "f1": 0.35714285714285715,
  "roc_auc": 0.7709401709401709,
  "pr_auc": 0.5400708311998634
}