{
  "f1": 0.6190476190476191,
  "roc_auc": 0.8642241379310345,
  "pr_auc": 0.7143827333493864
}