{
  "f1": 0.4444444444444444,
  "roc_auc": 0.6978922716627635,
  "pr_auc": 0.4229400697189491
}