{
  "f1": 0.4444444444444444,
  "roc_auc": 0.7645502645502645,
  "pr_auc": 0.505865178087045
}