{
  "f1": 0.45714285714285713,
  "roc_auc": 0.739454094292804,
  "pr_auc": 0.498611189034668
}