{
  "f1": 0.45,
  "roc_auc": 0.8266978922716628,
  "pr_auc": 0.6304631646246552
}