{
  "f1": 0.5128205128205128,
  "roc_auc": 0.7404761904761905,
  "pr_auc": 0.5515127574989147
}