{
  "f1": 0.5909090909090909,
  "roc_auc": 0.7875598086124402,
  "pr_auc": 0.629539002190365
}