{
  "f1": 0.4,
  "roc_auc": 0.707196029776675,
  "pr_auc": 0.3632027582489852
}