{
  "f1": 0.48484848484848486,
  "roc_auc": 0.7427490542244641,
  "pr_auc": 0.4396844154726215
}