{
  "f1": 0.5581395348837209,
  "roc_auc": 0.7838983050847458,
  "pr_auc": 0.6279911643260401
}