{
  "f1": 0.2962962962962963,
  "roc_auc": 0.5646153846153846,
  "pr_auc": 0.19992241913016562
}