{
  "f1": 0.375,
  "roc_auc": 0.7857142857142857,
  "pr_auc": 0.5258545297928859
}