{
  "f1": 0.3333333333333333,
  "roc_auc": 0.6803977272727273,
  "pr_auc": 0.4620642926393277
}