{
  "f1": 0.34285714285714286,
  "roc_auc": 0.6766666666666667,
  "pr_auc": 0.49025655021690806
}