{
  "f1": 0.35714285714285715,
  "roc_auc": 0.6292613636363636,
  "pr_auc": 0.4056854564031598
}