{
  "f1": 0.38461538461538464,
  "roc_auc": 0.7298387096774194,
  "pr_auc": 0.4603699731640908
}