{
  "f1": 0.5909090909090909,
  "roc_auc": 0.8771551724137931,
  "pr_auc": 0.7151695479637574
}