{
  "f1": 0.20689655172413793,
  "roc_auc": 0.49857954545454547,
  "pr_auc": 0.18759176916170428
}