{
  "f1": 0.5789473684210527,
  "roc_auc": 0.8011299435028247,
  "pr_auc": 0.6447855585139107
}