{
  "f1": 0.47368421052631576,
  "roc_auc": 0.7043650793650794,
  "pr_auc": 0.5487562120801517
}