{
  "f1": 0.45714285714285713,
  "roc_auc": 0.6694915254237288,
  "pr_auc": 0.504248703543076
}