{
  "mean": 0.35020670179493707,
  "std": 0.17257123720699918,
  "dist": [
    0.1818181818181818,
    0.4,
    0.4615384615384615,
    0.4,
    0.4,
    0.3529411764705882,
    0.3636363636363636,
    0.2857142857142857,
    0.5,
    0.2857142857142857,
    0.25,
    0.4,
    0.5,
    0.3636363636363636,
    0.2857142857142857,
    0.2,
    0.6666666666666666,
    0.0,
    0.1666666666666666,
    0.5,
    0.5454545454545454,
    0.4,
    0.3333333333333333,
    0.0,
    0.5,
    0.3333333333333333,
    0.4444444444444444,
    0.5555555555555556,
    0.2,
    0.0,
    0.1666666666666666,
    0.5882352941176471,
    0.5,
    0.4,
    0.0,
    0.5,
    0.5,
    0.2857142857142857,
    0.0,
    0.5,
    0.1666666666666666,
    0.6666666666666666,
    0.3076923076923077,
    0.5,
    0.4,
    0.2222222222222222,
    0.3636363636363636,
    0.4444444444444444,
    0.2222222222222222,
    0.5
  ]
}