{
  "t_test": {
    "t_stat": 2.3912617873640674,
    "p_value": 0.020675116733142738
  },
  "wilcoxon": {
    "w_stat": 241.0,
    "p_value": 0.03755540662939619
  }
}