{
  "mean": 0.2884827656004126,
  "std": 0.16805839349483895,
  "dist": [
    0.4285714285714285,
    0.4615384615384615,
    0.0,
    0.2222222222222222,
    0.2222222222222222,
    0.1176470588235294,
    0.4,
    0.2857142857142857,
    0.4615384615384615,
    0.2857142857142857,
    0.2,
    0.1818181818181818,
    0.5,
    0.4615384615384615,
    0.1666666666666666,
    0.2857142857142857,
    0.5714285714285714,
    0.25,
    0.1666666666666666,
    0.1538461538461538,
    0.5,
    0.3636363636363636,
    0.2222222222222222,
    0.2222222222222222,
    0.1538461538461538,
    0.5454545454545454,
    0.3636363636363636,
    0.3333333333333333,
    0.0,
    0.2857142857142857,
    0.3636363636363636,
    0.4285714285714285,
    0.5,
    0.1666666666666666,
    0.0,
    0.1818181818181818,
    0.25,
    0.7272727272727273,
    0.0,
    0.3076923076923077,
    0.2857142857142857,
    0.5,
    0.3636363636363636,
    0.2857142857142857,
    0.0,
    0.4705882352941176,
    0.0,
    0.25,
    0.3076923076923077,
    0.2222222222222222
  ]
}