{
  "t_test": {
    "t_stat": 1.8764274314954237,
    "p_value": 0.06655875355785648
  },
  "wilcoxon": {
    "w_stat": 263.5,
    "p_value": 0.12070896274266597
  }
}