{
  "f1": 0.631578947368421,
  "roc_auc": 0.8610169491525425,
  "pr_auc": 0.6848813657936871
}