{
  "f1": 0.37037037037037035,
  "roc_auc": 0.6076923076923078,
  "pr_auc": 0.22220576962773236
}