{
  "f1": 0.4,
  "roc_auc": 0.7332506203473946,
  "pr_auc": 0.5020431789813997
}