{
  "f1": 0.6857142857142857,
  "roc_auc": 0.8997844827586207,
  "pr_auc": 0.6819406866281866
}