{
  "f1": 0.6153846153846154,
  "roc_auc": 0.8803879310344828,
  "pr_auc": 0.6579889758933877
}