{
  "f1": 0.42857142857142855,
  "roc_auc": 0.8181818181818181,
  "pr_auc": 0.47736202467385264
}