{
  "f1": 0.6363636363636364,
  "roc_auc": 0.7416225749559083,
  "pr_auc": 0.6166705443164278
}