{
  "f1": 0.4375,
  "roc_auc": 0.6339950372208437,
  "pr_auc": 0.4522118568510106
}