{
  "f1": 0.41379310344827586,
  "roc_auc": 0.764102564102564,
  "pr_auc": 0.4555522278792719
}