{
  "f1": 0.6060606060606061,
  "roc_auc": 0.8711864406779661,
  "pr_auc": 0.7006541606541606
}