{
  "f1": 0.3333333333333333,
  "roc_auc": 0.7294776119402986,
  "pr_auc": 0.3448381844763424
}