{
  "f1": 0.3333333333333333,
  "roc_auc": 0.7038961038961039,
  "pr_auc": 0.2815362682067487
}