{
  "f1": 0.3333333333333333,
  "roc_auc": 0.6939655172413792,
  "pr_auc": 0.35273346626786306
}