{
  "f1": 0.23529411764705882,
  "roc_auc": 0.7619047619047619,
  "pr_auc": 0.20960497835497835
}