{
  "f1": 0.5454545454545454,
  "roc_auc": 0.7715517241379309,
  "pr_auc": 0.2950861195542046
}