{
  "f1": 0.5263157894736842,
  "roc_auc": 0.7551440329218108,
  "pr_auc": 0.49070466570466575
}