{
  "f1": 0.4,
  "roc_auc": 0.7118644067796609,
  "pr_auc": 0.2157210401891253
}