{
  "f1": 0.3333333333333333,
  "roc_auc": 0.7909604519774012,
  "pr_auc": 0.30634920634920637
}