{
  "f1": 0.18181818181818182,
  "roc_auc": 0.6949152542372881,
  "pr_auc": 0.11018014243820695
}