{
  "f1": 0.42857142857142855,
  "roc_auc": 0.7410714285714285,
  "pr_auc": 0.2787609871534821
}