{
  "f1": 0.36363636363636365,
  "roc_auc": 0.8611111111111113,
  "pr_auc": 0.2192982456140351
}