{
  "f1": 0.125,
  "roc_auc": 0.3647959183673469,
  "pr_auc": 0.11616741364984924
}