{
  "f1": 0.4444444444444444,
  "roc_auc": 0.8706896551724139,
  "pr_auc": 0.3526315789473684
}