{
  "f1": 0.375,
  "roc_auc": 0.5476190476190477,
  "pr_auc": 0.17811589596906618
}