{
  "f1": 0.46153846153846156,
  "roc_auc": 0.7719298245614036,
  "pr_auc": 0.6033333333333333
}