{
  "f1": 0.5882352941176471,
  "roc_auc": 0.8443877551020409,
  "pr_auc": 0.5447339961625676
}