{
  "f1": 0.5555555555555556,
  "roc_auc": 0.729559748427673,
  "pr_auc": 0.5516187111815527
}