{
  "f1": 0.36363636363636365,
  "roc_auc": 0.7689655172413793,
  "pr_auc": 0.3979166666666667
}