{
  "f1": 0.0,
  "roc_auc": 0.375438596491228,
  "pr_auc": 0.07759982348037853
}