{
  "f1": 0.3333333333333333,
  "roc_auc": 0.5824561403508772,
  "pr_auc": 0.2345989835854898
}