{
  "f1": 0.35294117647058826,
  "roc_auc": 0.6020408163265306,
  "pr_auc": 0.22852965747702586
}