{
  "f1": 0.2727272727272727,
  "roc_auc": 0.5757575757575757,
  "pr_auc": 0.3276663853499222
}