{
  "f1": 0.3076923076923077,
  "roc_auc": 0.7923728813559322,
  "pr_auc": 0.39920634920634923
}