{
  "f1": 0.47058823529411764,
  "roc_auc": 0.7792207792207793,
  "pr_auc": 0.29316770186335406
}