{
  "f1": 0.36363636363636365,
  "roc_auc": 0.7137931034482758,
  "pr_auc": 0.3766611524676041
}