{
  "f1": 0.6,
  "roc_auc": 0.8491379310344828,
  "pr_auc": 0.677027027027027
}