{
  "f1": 0.23529411764705882,
  "roc_auc": 0.7440476190476191,
  "pr_auc": 0.20083435083435083
}