{
  "f1": 0.4,
  "roc_auc": 0.7634615384615384,
  "pr_auc": 0.39034800171521583
}