{
  "f1": 0.4,
  "roc_auc": 0.7999999999999999,
  "pr_auc": 0.33669198448610216
}