{
  "f1": 0.25,
  "roc_auc": 0.5692307692307693,
  "pr_auc": 0.2503692386045327
}