{
  "f1": 0.3076923076923077,
  "roc_auc": 0.6681034482758621,
  "pr_auc": 0.1403483669108669
}