{
  "f1": 0.125,
  "roc_auc": 0.5558441558441558,
  "pr_auc": 0.1522110472541507
}