{
  "f1": 0.18181818181818182,
  "roc_auc": 0.5333333333333332,
  "pr_auc": 0.12175951461665747
}