{
  "f1": 0.16666666666666666,
  "roc_auc": 0.3107344632768361,
  "pr_auc": 0.08279569892473118
}