{
  "f1": 0.2,
  "roc_auc": 0.7740112994350282,
  "pr_auc": 0.40711462450592883
}