{
  "f1": 0.2857142857142857,
  "roc_auc": 0.6296296296296295,
  "pr_auc": 0.26923358074673864
}