{
  "f1": 0.3333333333333333,
  "roc_auc": 0.7672413793103449,
  "pr_auc": 0.19966133004926107
}