{
  "f1": 0.25,
  "roc_auc": 0.7570621468926554,
  "pr_auc": 0.4021164021164021
}