{
  "f1": 0.5,
  "roc_auc": 0.7755102040816326,
  "pr_auc": 0.3641287284144427
}