{
  "f1": 0.3076923076923077,
  "roc_auc": 0.7083333333333333,
  "pr_auc": 0.28055555555555556
}