{
  "f1": 0.5263157894736842,
  "roc_auc": 0.8285714285714285,
  "pr_auc": 0.3838073691014868
}