{
  "f1": 0.1,
  "roc_auc": 0.5326923076923077,
  "pr_auc": 0.18500832283729446
}