{
  "f1": 0.46153846153846156,
  "roc_auc": 0.5803571428571429,
  "pr_auc": 0.2459515792849126
}