{
  "f1": 0.375,
  "roc_auc": 0.46233766233766227,
  "pr_auc": 0.21770416584543206
}