{
  "f1": 0.3157894736842105,
  "roc_auc": 0.6057692307692308,
  "pr_auc": 0.2877121636024946
}