{
  "f1": 0.2,
  "roc_auc": 0.564655172413793,
  "pr_auc": 0.11937205360453412
}