{
  "f1": 0.5714285714285714,
  "roc_auc": 0.7946428571428572,
  "pr_auc": 0.6353846153846153
}