{
  "f1": 0.3333333333333333,
  "roc_auc": 0.6101694915254237,
  "pr_auc": 0.15713418336369156
}