{
  "f1": 0.26666666666666666,
  "roc_auc": 0.6969696969696969,
  "pr_auc": 0.2676767676767677
}