{
  "f1": 0.25,
  "roc_auc": 0.7474747474747474,
  "pr_auc": 0.455026455026455
}