{
  "f1": 0.4444444444444444,
  "roc_auc": 0.7676767676767676,
  "pr_auc": 0.4898989898989899
}