{
  "f1": 0.0,
  "roc_auc": 0.7205882352941175,
  "pr_auc": 0.13392857142857142
}