{
  "f1": 0.25,
  "roc_auc": 0.6363636363636364,
  "pr_auc": 0.26666666666666666
}