{
  "f1": 0.36363636363636365,
  "roc_auc": 0.6798029556650247,
  "pr_auc": 0.550500200080032
}