{
  "f1": 0.5,
  "roc_auc": 0.7832512315270936,
  "pr_auc": 0.5320708847802444
}