{
  "f1": 0.16666666666666666,
  "roc_auc": 0.5612903225806452,
  "pr_auc": 0.2064052287581699
}