{
  "f1": 0.3076923076923077,
  "roc_auc": 0.5666666666666667,
  "pr_auc": 0.27702821869488536
}