{
  "f1": 0.5714285714285714,
  "roc_auc": 0.7777777777777777,
  "pr_auc": 0.6688596491228069
}