{
  "f1": 0.2,
  "roc_auc": 0.5777777777777778,
  "pr_auc": 0.2870007680491551
}