{
  "f1": 0.0,
  "roc_auc": 0.4949494949494949,
  "pr_auc": 0.1131404174573055
}