{
  "f1": 0.5,
  "roc_auc": 0.632258064516129,
  "pr_auc": 0.5761576354679803
}