{
  "f1": 0.0,
  "roc_auc": 0.4141414141414141,
  "pr_auc": 0.09990253411306042
}