{
  "f1": 0.5,
  "roc_auc": 0.7410714285714286,
  "pr_auc": 0.43778423875173106
}