{
  "f1": 0.18181818181818182,
  "roc_auc": 0.5911330049261084,
  "pr_auc": 0.3861644215599591
}