{
  "f1": 0.2,
  "roc_auc": 0.7111111111111111,
  "pr_auc": 0.308943833943834
}