{
  "f1": 0.4,
  "roc_auc": 0.7777777777777778,
  "pr_auc": 0.6267973856209149
}