{
  "f1": 0.25,
  "roc_auc": 0.8383838383838385,
  "pr_auc": 0.29914529914529914
}