{
  "f1": 0.6,
  "roc_auc": 0.8722222222222222,
  "pr_auc": 0.720995670995671
}