{
  "f1": 0.2,
  "roc_auc": 0.6464646464646464,
  "pr_auc": 0.19794584500466852
}