{
  "f1": 0.2222222222222222,
  "roc_auc": 0.8129032258064517,
  "pr_auc": 0.4615384615384615
}