{
  "f1": 0.4444444444444444,
  "roc_auc": 0.6015625,
  "pr_auc": 0.4801587301587301
}