{
  "f1": 0.5,
  "roc_auc": 0.7438423645320198,
  "pr_auc": 0.5592145949288807
}