{
  "f1": 0.2857142857142857,
  "roc_auc": 0.5353535353535354,
  "pr_auc": 0.18040621266427717
}