{
  "f1": 0.16666666666666666,
  "roc_auc": 0.4765625,
  "pr_auc": 0.14765694076038904
}