{
  "f1": 0.0,
  "roc_auc": 0.5491071428571428,
  "pr_auc": 0.28085861484695157
}