{
  "f1": 0.3333333333333333,
  "roc_auc": 0.7555555555555555,
  "pr_auc": 0.37608225108225113
}