{
  "f1": 0.5,
  "roc_auc": 0.6328125,
  "pr_auc": 0.31975806451612904
}