{
  "f1": 0.5714285714285714,
  "roc_auc": 0.7980295566502463,
  "pr_auc": 0.6125130616509926
}