{
  "t_test": {
    "t_stat": 2.977112398765014,
    "p_value": 0.004512221586287696
  },
  "wilcoxon": {
    "w_stat": 235.0,
    "p_value": 0.006783675224476447
  }
}