{
  "f1": 0.5833333333333334,
  "roc_auc": 0.7648148148148148,
  "pr_auc": 0.688958029898275
}