{
  "f1": 0.43902439024390244,
  "roc_auc": 0.7023809523809523,
  "pr_auc": 0.460133230416253
}