{
  "f1": 0.5531914893617021,
  "roc_auc": 0.7886904761904762,
  "pr_auc": 0.542558614225281
}