{
  "f1": 0.6538461538461539,
  "roc_auc": 0.8724168912848158,
  "pr_auc": 0.7487654010062974
}