{
  "f1": 0.5263157894736842,
  "roc_auc": 0.8213399503722085,
  "pr_auc": 0.586007720517117
}