{
  "f1": 0.5,
  "roc_auc": 0.765807962529274,
  "pr_auc": 0.34565396107650936
}