{
  "f1": 0.5714285714285714,
  "roc_auc": 0.8387423935091278,
  "pr_auc": 0.6817751721318426
}