{
  "f1": 0.5531914893617021,
  "roc_auc": 0.8201058201058201,
  "pr_auc": 0.6954574743632933
}