{
  "f1": 0.6111111111111112,
  "roc_auc": 0.77079107505071,
  "pr_auc": 0.5791722200618188
}