{
  "f1": 0.5789473684210527,
  "roc_auc": 0.7436440677966102,
  "pr_auc": 0.4128409634311337
}