{
  "f1": 0.5116279069767442,
  "roc_auc": 0.7457627118644068,
  "pr_auc": 0.46420826689943867
}