{
  "f1": 0.3902439024390244,
  "roc_auc": 0.7023959646910467,
  "pr_auc": 0.4621444599252678
}