{
  "f1": 0.37209302325581395,
  "roc_auc": 0.6576271186440679,
  "pr_auc": 0.44980273610656396
}