{
  "f1": 0.5,
  "roc_auc": 0.7557319223985891,
  "pr_auc": 0.5922496483169062
}