{
  "f1": 0.43478260869565216,
  "roc_auc": 0.7678571428571429,
  "pr_auc": 0.7141364382743693
}