{
  "f1": 0.14285714285714285,
  "roc_auc": 0.7352941176470589,
  "pr_auc": 0.3026315789473684
}