{
  "f1": 0.25,
  "roc_auc": 0.5089285714285714,
  "pr_auc": 0.32492874772286534
}