{
  "f1": 0.10526315789473684,
  "roc_auc": 0.5546875,
  "pr_auc": 0.35333649588867805
}