{
  "f1": 0.14285714285714285,
  "roc_auc": 0.5862068965517241,
  "pr_auc": 0.35448063840920985
}