{
  "f1": 0.26666666666666666,
  "roc_auc": 0.5388888888888889,
  "pr_auc": 0.2922772617819057
}