{
  "f1": 0.45454545454545453,
  "roc_auc": 0.7832512315270936,
  "pr_auc": 0.6642431972789116
}