{
  "f1": 0.13333333333333333,
  "roc_auc": 0.6470588235294118,
  "pr_auc": 0.11513157894736842
}