{
  "f1": 0.375,
  "roc_auc": 0.7677419354838709,
  "pr_auc": 0.3079365079365079
}