{
  "f1": 0.18181818181818182,
  "roc_auc": 0.7575757575757576,
  "pr_auc": 0.2342171717171717
}