{
  "mean": 0.4703323263645758,
  "std": 0.10530030100869035,
  "dist": [
    0.4186046511627907,
    0.5454545454545454,
    0.4615384615384615,
    0.3529411764705882,
    0.6206896551724138,
    0.4864864864864865,
    0.4615384615384615,
    0.2285714285714285,
    0.5263157894736842,
    0.65,
    0.25,
    0.4878048780487805,
    0.55,
    0.4827586206896552,
    0.5531914893617021,
    0.4,
    0.4,
    0.5641025641025641,
    0.45,
    0.5333333333333333,
    0.4,
    0.6086956521739131,
    0.4444444444444444,
    0.4848484848484848,
    0.4090909090909091,
    0.5333333333333333,
    0.4324324324324324,
    0.3870967741935484,
    0.5853658536585366,
    0.4,
    0.5957446808510638,
    0.4210526315789473,
    0.35,
    0.4137931034482758,
    0.5714285714285714,
    0.3684210526315789,
    0.5142857142857142,
    0.5142857142857142,
    0.6666666666666666,
    0.2424242424242424,
    0.3243243243243243,
    0.4651162790697674,
    0.3888888888888889,
    0.7027027027027027,
    0.5,
    0.4390243902439024,
    0.5405405405405406,
    0.3636363636363636,
    0.5641025641025641,
    0.4615384615384615
  ]
}