{
  "t_test": {
    "t_stat": 3.681403592191925,
    "p_value": 0.0005777578069092652
  },
  "wilcoxon": {
    "w_stat": 265.5,
    "p_value": 0.0015841006199044099
  }
}