{
  "f1": 0.2222222222222222,
  "roc_auc": 0.48684210526315796,
  "pr_auc": 0.3892857142857143
}