{
  "f1": 0.5714285714285714,
  "roc_auc": 0.625,
  "pr_auc": 0.5389903329752954
}