{
  "f1": 0.5,
  "roc_auc": 0.5882352941176471,
  "pr_auc": 0.5702380952380952
}