{
  "f1": 0.36363636363636365,
  "roc_auc": 0.5921052631578947,
  "pr_auc": 0.5111607142857143
}