{
  "f1": 0.2,
  "roc_auc": 0.6904761904761905,
  "pr_auc": 0.5666666666666667
}