{
  "f1": 0.15384615384615385,
  "roc_auc": 0.3611111111111111,
  "pr_auc": 0.347967772967773
}