{
  "t_test": {
    "t_stat": 6.628868470373746,
    "p_value": 2.4938514763715934e-08
  },
  "wilcoxon": {
    "w_stat": 84.0,
    "p_value": 9.915427816075566e-07
  }
}