{
  "f1": 0.5714285714285714,
  "roc_auc": 0.6984126984126984,
  "pr_auc": 0.33333333333333337
}