{
  "f1": 0.5,
  "roc_auc": 0.765625,
  "pr_auc": 0.7351190476190477
}