{
  "f1": 0.6,
  "roc_auc": 0.7037037037037038,
  "pr_auc": 0.5103586027499071
}