{
  "f1": 0.2857142857142857,
  "roc_auc": 0.5833333333333333,
  "pr_auc": 0.4253968253968254
}