{
  "f1": 0.5714285714285714,
  "roc_auc": 0.8499999999999999,
  "pr_auc": 0.4444444444444444
}