{
  "f1": 0.2857142857142857,
  "roc_auc": 0.7236842105263158,
  "pr_auc": 0.36160714285714285
}