{
  "f1": 0.6111111111111112,
  "roc_auc": 0.7628968253968254,
  "pr_auc": 0.595138425515314
}