{
  "f1": 0.5777777777777777,
  "roc_auc": 0.8178879310344827,
  "pr_auc": 0.5654096652258417
}