{
  "f1": 0.5531914893617021,
  "roc_auc": 0.8101694915254237,
  "pr_auc": 0.514588730593558
}