{
  "f1": 0.5882352941176471,
  "roc_auc": 0.718694885361552,
  "pr_auc": 0.5472236197754213
}