{
  "f1": 0.4864864864864865,
  "roc_auc": 0.8436317780580076,
  "pr_auc": 0.5654197002687715
}