{
  "f1": 0.5,
  "roc_auc": 0.6959745762711864,
  "pr_auc": 0.4599390041555027
}