{
  "f1": 0.5294117647058824,
  "roc_auc": 0.7072599531615925,
  "pr_auc": 0.48361850288665276
}