{
  "f1": 0.6666666666666666,
  "roc_auc": 0.8545454545454545,
  "pr_auc": 0.6158878841945493
}