{
  "f1": 0.3870967741935484,
  "roc_auc": 0.7794612794612794,
  "pr_auc": 0.4478199197826845
}