{
  "f1": 0.48484848484848486,
  "roc_auc": 0.7436440677966102,
  "pr_auc": 0.5049211074122332
}