{
  "f1": 0.47619047619047616,
  "roc_auc": 0.6945304437564499,
  "pr_auc": 0.3724905922003189
}