{
  "f1": 0.5531914893617021,
  "roc_auc": 0.8077777777777778,
  "pr_auc": 0.46811654308597034
}