{
  "f1": 0.5641025641025641,
  "roc_auc": 0.7898305084745761,
  "pr_auc": 0.583283446896856
}