{
  "f1": 0.36363636363636365,
  "roc_auc": 0.6612903225806451,
  "pr_auc": 0.4903725049878896
}