{
  "f1": 0.3,
  "roc_auc": 0.7369402985074628,
  "pr_auc": 0.3386335886335886
}