{
  "f1": 0.3888888888888889,
  "roc_auc": 0.71875,
  "pr_auc": 0.4855109321572737
}