{
  "f1": 0.4878048780487805,
  "roc_auc": 0.7903225806451614,
  "pr_auc": 0.4745447071189075
}