{
  "f1": 0.48484848484848486,
  "roc_auc": 0.7617866004962779,
  "pr_auc": 0.3843480715878906
}