{
  "f1": 0.47619047619047616,
  "roc_auc": 0.7060889929742388,
  "pr_auc": 0.3950349801518216
}