{
  "f1": 0.5217391304347826,
  "roc_auc": 0.7816764132553606,
  "pr_auc": 0.6722200286878932
}