{
  "f1": 0.36363636363636365,
  "roc_auc": 0.6076923076923078,
  "pr_auc": 0.21106949737630298
}