{
  "f1": 0.5263157894736842,
  "roc_auc": 0.7966101694915254,
  "pr_auc": 0.4810742518351214
}