{
  "f1": 0.34285714285714286,
  "roc_auc": 0.6349431818181818,
  "pr_auc": 0.2926377247232862
}