{
  "f1": 0.5116279069767442,
  "roc_auc": 0.7037037037037037,
  "pr_auc": 0.40648458888127814
}