{
  "f1": 0.631578947368421,
  "roc_auc": 0.7941810344827587,
  "pr_auc": 0.513484802684
}