{
  "f1": 0.4186046511627907,
  "roc_auc": 0.68,
  "pr_auc": 0.42447645785246957
}