{
  "f1": 0.47368421052631576,
  "roc_auc": 0.8033898305084746,
  "pr_auc": 0.5382156631185309
}