{
  "f1": 0.5714285714285714,
  "roc_auc": 0.75311004784689,
  "pr_auc": 0.5500599855318297
}