{
  "f1": 0.5853658536585366,
  "roc_auc": 0.7755555555555556,
  "pr_auc": 0.47908998133046155
}