{
  "f1": 0.32432432432432434,
  "roc_auc": 0.6825396825396826,
  "pr_auc": 0.3768150148238029
}