{
  "f1": 0.42105263157894735,
  "roc_auc": 0.7417027417027418,
  "pr_auc": 0.39052878143787234
}