{
  "f1": 0.5714285714285714,
  "roc_auc": 0.8109161793372319,
  "pr_auc": 0.5814877693198642
}