{
  "f1": 0.4186046511627907,
  "roc_auc": 0.6952380952380953,
  "pr_auc": 0.47164181534184196
}