{
  "f1": 0.5238095238095238,
  "roc_auc": 0.723444976076555,
  "pr_auc": 0.5307899127531058
}