{
  "f1": 0.47619047619047616,
  "roc_auc": 0.6507936507936508,
  "pr_auc": 0.35895664896371837
}