{
  "f1": 0.29411764705882354,
  "roc_auc": 0.5525568181818181,
  "pr_auc": 0.18739901871924708
}