{
  "f1": 0.45454545454545453,
  "roc_auc": 0.7086466165413534,
  "pr_auc": 0.44330658249291266
}