{
  "f1": 0.5882352941176471,
  "roc_auc": 0.8312655086848635,
  "pr_auc": 0.5023101004541075
}