{
  "f1": 0.35,
  "roc_auc": 0.7671957671957672,
  "pr_auc": 0.42878862150920977
}