{
  "f1": 0.3783783783783784,
  "roc_auc": 0.6640211640211641,
  "pr_auc": 0.3110477352802091
}