{
  "f1": 0.45161290322580644,
  "roc_auc": 0.88125,
  "pr_auc": 0.6594071859513035
}