{
  "f1": 0.3157894736842105,
  "roc_auc": 0.6974358974358974,
  "pr_auc": 0.2114922600216718
}