{
  "f1": 0.5625,
  "roc_auc": 0.7742749054224465,
  "pr_auc": 0.5276911489383691
}