{
  "f1": 0.3076923076923077,
  "roc_auc": 0.6171875,
  "pr_auc": 0.21504767291531998
}