{
  "f1": 0.43902439024390244,
  "roc_auc": 0.7270471464019851,
  "pr_auc": 0.4429459216135233
}