{
  "f1": 0.46511627906976744,
  "roc_auc": 0.7261663286004058,
  "pr_auc": 0.5764030700132571
}