{
  "f1": 0.34146341463414637,
  "roc_auc": 0.7103174603174603,
  "pr_auc": 0.42909267617408936
}