{
  "f1": 0.4444444444444444,
  "roc_auc": 0.7022332506203474,
  "pr_auc": 0.5685958060672421
}