{
  "f1": 0.4375,
  "roc_auc": 0.717741935483871,
  "pr_auc": 0.3971867941421185
}