{
  "mean": 0.5259398625110699,
  "std": 0.13075419463144122,
  "dist": [
    0.6363636363636364,
    0.5333333333333333,
    0.625,
    0.3076923076923077,
    0.5,
    0.6153846153846154,
    0.631578947368421,
    0.5882352941176471,
    0.2,
    0.5333333333333333,
    0.3076923076923077,
    0.7777777777777778,
    0.5333333333333333,
    0.6666666666666666,
    0.3076923076923077,
    0.6153846153846154,
    0.5333333333333333,
    0.6666666666666666,
    0.4,
    0.25,
    0.5,
    0.6,
    0.5454545454545454,
    0.5263157894736842,
    0.5555555555555556,
    0.5714285714285714,
    0.5454545454545454,
    0.5,
    0.6666666666666666,
    0.3636363636363636,
    0.6666666666666666,
    0.4444444444444444,
    0.5,
    0.5714285714285714,
    0.5454545454545454,
    0.5,
    0.7058823529411765,
    0.4,
    0.5454545454545454,
    0.5454545454545454,
    0.5714285714285714,
    0.5,
    0.631578947368421,
    0.5882352941176471,
    0.25,
    0.5714285714285714,
    0.5555555555555556,
    0.2666666666666666,
    0.6666666666666666,
    0.6666666666666666
  ]
}