{
  "t_test": {
    "t_stat": -1.379112451643859,
    "p_value": 0.17412280879539868
  },
  "wilcoxon": {
    "w_stat": 350.0,
    "p_value": 0.20435779925231945
  }
}