{
  "f1": 0.45454545454545453,
  "roc_auc": 0.8343815513626833,
  "pr_auc": 0.5281587142698254
}