{
  "f1": 0.42105263157894735,
  "roc_auc": 0.6995884773662552,
  "pr_auc": 0.34493557125136076
}