{
  "f1": 0.25,
  "roc_auc": 0.7974137931034483,
  "pr_auc": 0.3728213507625272
}