{
  "f1": 0.25,
  "roc_auc": 0.6991525423728814,
  "pr_auc": 0.3553921568627451
}