{
  "f1": 0.3,
  "roc_auc": 0.7525510204081634,
  "pr_auc": 0.4261337868480725
}