{
  "f1": 0.3333333333333333,
  "roc_auc": 0.7964912280701755,
  "pr_auc": 0.28595238095238096
}