{
  "f1": 0.15384615384615385,
  "roc_auc": 0.7894736842105263,
  "pr_auc": 0.3544827586206897
}