{
  "f1": 0.35294117647058826,
  "roc_auc": 0.6785714285714285,
  "pr_auc": 0.3993442530676573
}