{
  "f1": 0.25,
  "roc_auc": 0.6655172413793103,
  "pr_auc": 0.16706552706552708
}