{
  "f1": 0.2857142857142857,
  "roc_auc": 0.864406779661017,
  "pr_auc": 0.21249999999999997
}