{
  "f1": 0.35294117647058826,
  "roc_auc": 0.6428571428571428,
  "pr_auc": 0.22161998833041593
}