{
  "f1": 0.36363636363636365,
  "roc_auc": 0.7444029850746269,
  "pr_auc": 0.3346110121714638
}