{
  "f1": 0.42105263157894735,
  "roc_auc": 0.7270471464019851,
  "pr_auc": 0.4807575509773371
}