{
  "f1": 0.6086956521739131,
  "roc_auc": 0.8216374269005848,
  "pr_auc": 0.6651074930122973
}