{
  "f1": 0.4864864864864865,
  "roc_auc": 0.832010582010582,
  "pr_auc": 0.4688232199741152
}