{
  "f1": 0.48484848484848486,
  "roc_auc": 0.7853107344632768,
  "pr_auc": 0.5357824771040562
}