{
  "f1": 0.46153846153846156,
  "roc_auc": 0.7383474576271187,
  "pr_auc": 0.5347846154699303
}