{
  "f1": 0.5641025641025641,
  "roc_auc": 0.7555555555555555,
  "pr_auc": 0.4553024974440582
}