{
  "f1": 0.22857142857142856,
  "roc_auc": 0.5980113636363636,
  "pr_auc": 0.2703825687010313
}