{
  "f1": 0.5,
  "roc_auc": 0.7841807909604519,
  "pr_auc": 0.5332882397001054
}