{
  "f1": 0.4444444444444444,
  "roc_auc": 0.7494145199063232,
  "pr_auc": 0.44547883084293727
}