{
  "f1": 0.46511627906976744,
  "roc_auc": 0.7188888888888889,
  "pr_auc": 0.42895167955539476
}