{
  "f1": 0.5333333333333333,
  "roc_auc": 0.738755980861244,
  "pr_auc": 0.5246269107951552
}