{
  "f1": 0.5957446808510638,
  "roc_auc": 0.7204585537918871,
  "pr_auc": 0.5605085304255961
}