{
  "f1": 0.4,
  "roc_auc": 0.7002840909090908,
  "pr_auc": 0.41697920584672954
}