{
  "f1": 0.6206896551724138,
  "roc_auc": 0.7604035308953342,
  "pr_auc": 0.4576703141461602
}