{
  "f1": 0.3684210526315789,
  "roc_auc": 0.7473544973544974,
  "pr_auc": 0.47404034563994374
}