{
  "f1": 0.5641025641025641,
  "roc_auc": 0.8361581920903954,
  "pr_auc": 0.5517855344130123
}