{
  "f1": 0.32432432432432434,
  "roc_auc": 0.7063492063492063,
  "pr_auc": 0.3923205414884988
}