{
  "f1": 0.5531914893617021,
  "roc_auc": 0.7502392344497607,
  "pr_auc": 0.5825560459892605
}