{
  "f1": 0.43902439024390244,
  "roc_auc": 0.6673427991886409,
  "pr_auc": 0.4561055977283557
}