{
  "f1": 0.4827586206896552,
  "roc_auc": 0.83125,
  "pr_auc": 0.534974355634733
}