{
  "f1": 0.4,
  "roc_auc": 0.5876923076923076,
  "pr_auc": 0.2324140565317036
}