{
  "f1": 0.4,
  "roc_auc": 0.722943722943723,
  "pr_auc": 0.39248265855688946
}