{
  "f1": 0.5142857142857142,
  "roc_auc": 0.6483050847457628,
  "pr_auc": 0.4974799687537822
}