{
  "f1": 0.5405405405405406,
  "roc_auc": 0.8039702233250621,
  "pr_auc": 0.5405893273485152
}