{
  "f1": 0.5853658536585366,
  "roc_auc": 0.8621468926553673,
  "pr_auc": 0.7582624572709409
}