{
  "f1": 0.5142857142857142,
  "roc_auc": 0.7096018735362998,
  "pr_auc": 0.4402973969233368
}