{
  "f1": 0.7027027027027027,
  "roc_auc": 0.8890086206896551,
  "pr_auc": 0.6940992847242847
}