{
  "f1": 0.46153846153846156,
  "roc_auc": 0.685515873015873,
  "pr_auc": 0.49679201526132377
}