{
  "f1": 0.3888888888888889,
  "roc_auc": 0.5942928039702233,
  "pr_auc": 0.33925472276865465
}