{
  "f1": 0.65,
  "roc_auc": 0.8793103448275862,
  "pr_auc": 0.6597333390611423
}