{
  "f1": 0.4090909090909091,
  "roc_auc": 0.7035714285714285,
  "pr_auc": 0.4572475143903716
}