{
  "f1": 0.46153846153846156,
  "roc_auc": 0.67096018735363,
  "pr_auc": 0.402377207814138
}