{
  "f1": 0.3870967741935484,
  "roc_auc": 0.7146401985111662,
  "pr_auc": 0.303805162485272
}