{
  "f1": 0.55,
  "roc_auc": 0.825062034739454,
  "pr_auc": 0.527442158580266
}