{
  "f1": 0.35294117647058826,
  "roc_auc": 0.7623931623931623,
  "pr_auc": 0.4794188115497771
}