{
  "f1": 0.35,
  "roc_auc": 0.6706349206349207,
  "pr_auc": 0.24239445433975873
}