{
  "f1": 0.4878048780487805,
  "roc_auc": 0.7417153996101365,
  "pr_auc": 0.45572205273343247
}