{
  "f1": 0.6666666666666666,
  "roc_auc": 0.8842105263157894,
  "pr_auc": 0.644710661229053
}