{
  "f1": 0.45,
  "roc_auc": 0.7223942208462333,
  "pr_auc": 0.5060508057071549
}