{
  "f1": 0.5333333333333333,
  "roc_auc": 0.7236842105263157,
  "pr_auc": 0.44893939062412097
}