{
  "f1": 0.4,
  "roc_auc": 0.7777777777777777,
  "pr_auc": 0.4220234350945705
}