{
  "f1": 0.24242424242424243,
  "roc_auc": 0.6156250000000001,
  "pr_auc": 0.2242674456357321
}