{
  "f1": 0.41379310344827586,
  "roc_auc": 0.7016129032258065,
  "pr_auc": 0.4537980427800677
}