{
  "f1": 0.43243243243243246,
  "roc_auc": 0.7158808933002482,
  "pr_auc": 0.513463792855465
}