{
  "f1": 0.5454545454545454,
  "roc_auc": 0.8089668615984406,
  "pr_auc": 0.5728542680307968
}