{
  "f1": 0.5714285714285714,
  "roc_auc": 0.8360655737704917,
  "pr_auc": 0.5648297759588082
}