{
  "f1": 0.4186046511627907,
  "roc_auc": 0.6522222222222223,
  "pr_auc": 0.3808340593285292
}