{
  "f1": 0.36363636363636365,
  "roc_auc": 0.9096774193548387,
  "pr_auc": 0.6190476190476191
}