{
  "f1": 0.2,
  "roc_auc": 0.6767676767676768,
  "pr_auc": 0.2672727272727273
}