{
  "mean": 0.26709113109113103,
  "std": 0.16673823089185008,
  "dist": [
    0.4285714285714285,
    0.2,
    0.0,
    0.4444444444444444,
    0.2222222222222222,
    0.1428571428571428,
    0.3636363636363636,
    0.2222222222222222,
    0.4,
    0.3333333333333333,
    0.25,
    0.1666666666666666,
    0.3333333333333333,
    0.4285714285714285,
    0.2,
    0.2857142857142857,
    0.6666666666666666,
    0.0,
    0.2222222222222222,
    0.1428571428571428,
    0.5454545454545454,
    0.2857142857142857,
    0.2857142857142857,
    0.25,
    0.0,
    0.6,
    0.2857142857142857,
    0.1538461538461538,
    0.1666666666666666,
    0.25,
    0.3333333333333333,
    0.6,
    0.1818181818181818,
    0.2,
    0.0,
    0.2,
    0.2222222222222222,
    0.3636363636363636,
    0.0,
    0.4615384615384615,
    0.25,
    0.3333333333333333,
    0.5,
    0.1818181818181818,
    0.0,
    0.4615384615384615,
    0.0,
    0.4,
    0.2222222222222222,
    0.1666666666666666
  ]
}