{
  "t_test": {
    "t_stat": -2.546986195290154,
    "p_value": 0.014056642222172419
  },
  "wilcoxon": {
    "w_stat": 309.5,
    "p_value": 0.030391535733987642
  }
}