{
  "mean": 0.3074469500228014,
  "std": 0.14511934309367353,
  "dist": [
    0.4285714285714285,
    0.375,
    0.2,
    0.3333333333333333,
    0.1818181818181818,
    0.25,
    0.3076923076923077,
    0.2222222222222222,
    0.5333333333333333,
    0.2,
    0.2222222222222222,
    0.1428571428571428,
    0.4444444444444444,
    0.5,
    0.2666666666666666,
    0.25,
    0.6666666666666666,
    0.1538461538461538,
    0.3636363636363636,
    0.2105263157894736,
    0.625,
    0.2857142857142857,
    0.2,
    0.1666666666666666,
    0.1818181818181818,
    0.4285714285714285,
    0.3636363636363636,
    0.3076923076923077,
    0.3076923076923077,
    0.1666666666666666,
    0.3529411764705882,
    0.5714285714285714,
    0.4,
    0.1538461538461538,
    0.0,
    0.1538461538461538,
    0.1538461538461538,
    0.6666666666666666,
    0.2222222222222222,
    0.375,
    0.2222222222222222,
    0.375,
    0.4285714285714285,
    0.25,
    0.25,
    0.4444444444444444,
    0.25,
    0.3636363636363636,
    0.2857142857142857,
    0.1666666666666666
  ]
}