{
  "f1": 0.5263157894736842,
  "roc_auc": 0.7833333333333333,
  "pr_auc": 0.4445498945498946
}