{
  "f1": 0.6153846153846154,
  "roc_auc": 0.9032258064516129,
  "pr_auc": 0.5051948051948052
}