{
  "f1": 0.6153846153846154,
  "roc_auc": 0.8,
  "pr_auc": 0.6274961597542242
}