{
  "f1": 0.5,
  "roc_auc": 0.6838709677419355,
  "pr_auc": 0.5666666666666667
}