{
  "f1": 0.5,
  "roc_auc": 0.7345238095238096,
  "pr_auc": 0.4150604903351578
}