{
  "f1": 0.5909090909090909,
  "roc_auc": 0.8542372881355933,
  "pr_auc": 0.7220806155363876
}