{
  "f1": 0.5217391304347826,
  "roc_auc": 0.736228813559322,
  "pr_auc": 0.4351963231514024
}