{
  "f1": 0.2857142857142857,
  "roc_auc": 0.5892307692307692,
  "pr_auc": 0.2642587339462939
}