{
  "f1": 0.5185185185185185,
  "roc_auc": 0.7416225749559082,
  "pr_auc": 0.5860491283068954
}