{
  "f1": 0.5217391304347826,
  "roc_auc": 0.8535980148883375,
  "pr_auc": 0.6693736986022782
}