{
  "f1": 0.47368421052631576,
  "roc_auc": 0.6845841784989859,
  "pr_auc": 0.4667901764926284
}