{
  "f1": 0.6222222222222222,
  "roc_auc": 0.800705467372134,
  "pr_auc": 0.6031790568866016
}