{
  "mean": 0.3362790782078035,
  "std": 0.17828394316616025,
  "dist": [
    0.0,
    0.4615384615384615,
    0.4705882352941176,
    0.3636363636363636,
    0.3333333333333333,
    0.3636363636363636,
    0.3076923076923077,
    0.2,
    0.4347826086956521,
    0.4,
    0.3333333333333333,
    0.5,
    0.6666666666666666,
    0.125,
    0.1666666666666666,
    0.4444444444444444,
    0.5,
    0.0,
    0.4285714285714285,
    0.2857142857142857,
    0.3333333333333333,
    0.4705882352941176,
    0.2857142857142857,
    0.3636363636363636,
    0.3076923076923077,
    0.3076923076923077,
    0.6153846153846154,
    0.5,
    0.25,
    0.0,
    0.125,
    0.4210526315789473,
    0.2857142857142857,
    0.6666666666666666,
    0.2,
    0.5555555555555556,
    0.4,
    0.1818181818181818,
    0.1818181818181818,
    0.3333333333333333,
    0.4,
    0.4444444444444444,
    0.375,
    0.0,
    0.4210526315789473,
    0.0,
    0.5333333333333333,
    0.1818181818181818,
    0.1818181818181818,
    0.7058823529411765
  ]
}