{
  "t_test": {
    "t_stat": 3.8098319525570377,
    "p_value": 0.0003884518428198042
  },
  "wilcoxon": {
    "w_stat": 179.0,
    "p_value": 0.0006558136899079334
  }
}