{
  "f1": 0.0,
  "roc_auc": 0.5462962962962963,
  "pr_auc": 0.29386724386724383
}