{
  "f1": 0.5714285714285714,
  "roc_auc": 0.6973684210526315,
  "pr_auc": 0.42763157894736836
}