{
  "f1": 0.4,
  "roc_auc": 0.8571428571428571,
  "pr_auc": 0.39285714285714285
}