{
  "f1": 0.8888888888888888,
  "roc_auc": 0.8,
  "pr_auc": 0.8416666666666667
}