{
  "f1": 0.0,
  "roc_auc": 0.5789473684210527,
  "pr_auc": 0.256547619047619
}