{
  "f1": 0.0,
  "roc_auc": 0.48333333333333334,
  "pr_auc": 0.18382352941176472
}