{
  "f1": 0.6,
  "roc_auc": 0.7222222222222222,
  "pr_auc": 0.644235836627141
}