{
  "f1": 0.8571428571428571,
  "roc_auc": 0.8815789473684211,
  "pr_auc": 0.8269230769230769
}