{
  "f1": 0.3333333333333333,
  "roc_auc": 0.855263157894737,
  "pr_auc": 0.4861111111111111
}