{
  "f1": 0.8,
  "roc_auc": 0.7301587301587301,
  "pr_auc": 0.7166666666666667
}