{
  "f1": 0.0,
  "roc_auc": 0.4722222222222222,
  "pr_auc": 0.2791666666666667
}