{
  "f1": 0.0,
  "roc_auc": 0.4078947368421053,
  "pr_auc": 0.25974810213940647
}