{
  "f1": 0.6666666666666666,
  "roc_auc": 0.9000000000000001,
  "pr_auc": 0.7742424242424242
}