{
  "f1": 0.5,
  "roc_auc": 0.9019607843137254,
  "pr_auc": 0.7842592592592592
}