{
  "f1": 0.3333333333333333,
  "roc_auc": 0.6710526315789475,
  "pr_auc": 0.5538949275362319
}