{
  "f1": 0.3333333333333333,
  "roc_auc": 0.7833333333333333,
  "pr_auc": 0.5714285714285714
}