{
  "f1": 0.4,
  "roc_auc": 0.6339285714285714,
  "pr_auc": 0.5619047619047619
}