{
  "f1": 0.0,
  "roc_auc": 0.5583333333333333,
  "pr_auc": 0.40412210338680926
}