{
  "f1": 0.6666666666666666,
  "roc_auc": 0.7549019607843137,
  "pr_auc": 0.7000674763832658
}