{
  "f1": 0.5,
  "roc_auc": 0.7843137254901961,
  "pr_auc": 0.7500674763832659
}