{
  "f1": 0.6666666666666666,
  "roc_auc": 0.6973684210526315,
  "pr_auc": 0.48514492753623184
}