{
  "f1": 0.0,
  "roc_auc": 0.4285714285714286,
  "pr_auc": 0.10795454545454546
}