{
  "f1": 0.3333333333333333,
  "roc_auc": 0.5888888888888888,
  "pr_auc": 0.45181159420289857
}