{
  "f1": 0.4,
  "roc_auc": 0.7833333333333333,
  "pr_auc": 0.5435897435897437
}