{
  "f1": 0.25,
  "roc_auc": 0.6470588235294117,
  "pr_auc": 0.5084175084175084
}