{
  "f1": 0.2222222222222222,
  "roc_auc": 0.5111111111111112,
  "pr_auc": 0.3996562261268144
}