{
  "f1": 0.36363636363636365,
  "roc_auc": 0.6,
  "pr_auc": 0.5202088460017438
}