{
  "f1": 0.23529411764705882,
  "roc_auc": 0.7931034482758621,
  "pr_auc": 0.24512820512820513
}