{
  "f1": 0.3,
  "roc_auc": 0.4974489795918367,
  "pr_auc": 0.28675096209960854
}