{
  "f1": 0.4444444444444444,
  "roc_auc": 0.9166666666666667,
  "pr_auc": 0.5701991907874261
}