{
  "f1": 0.42105263157894735,
  "roc_auc": 0.6944444444444444,
  "pr_auc": 0.3695651897122485
}