{
  "f1": 0.16666666666666666,
  "roc_auc": 0.49122807017543857,
  "pr_auc": 0.2805453218508247
}