{
  "f1": 0.1111111111111111,
  "roc_auc": 0.5141242937853108,
  "pr_auc": 0.08094384707287933
}