{
  "mean": 0.2712720275865383,
  "std": 0.12801373963641616,
  "dist": [
    0.3333333333333333,
    0.3809523809523809,
    0.1538461538461538,
    0.1666666666666666,
    0.25,
    0.2352941176470588,
    0.1666666666666666,
    0.4,
    0.2857142857142857,
    0.2352941176470588,
    0.25,
    0.0,
    0.4615384615384615,
    0.3076923076923077,
    0.4,
    0.1428571428571428,
    0.1176470588235294,
    0.2352941176470588,
    0.4444444444444444,
    0.4285714285714285,
    0.2222222222222222,
    0.4210526315789473,
    0.2857142857142857,
    0.1538461538461538,
    0.25,
    0.2857142857142857,
    0.1666666666666666,
    0.375,
    0.2105263157894736,
    0.3333333333333333,
    0.2727272727272727,
    0.1538461538461538,
    0.3809523809523809,
    0.1538461538461538,
    0.3636363636363636,
    0.0,
    0.2666666666666666,
    0.2727272727272727,
    0.5333333333333333,
    0.2352941176470588,
    0.2608695652173913,
    0.5454545454545454,
    0.3,
    0.3076923076923077,
    0.0,
    0.1666666666666666,
    0.5,
    0.125,
    0.375,
    0.25
  ]
}