{
  "t_test": {
    "t_stat": -2.5459775558667177,
    "p_value": 0.014092456553411408
  },
  "wilcoxon": {
    "w_stat": 338.0,
    "p_value": 0.026938715531556873
  }
}