{
  "mean": 0.39405372405372396,
  "std": 0.2733497046475322,
  "dist": [
    0.0,
    0.0,
    0.5714285714285714,
    0.6666666666666666,
    0.5714285714285714,
    0.8888888888888888,
    0.3333333333333333,
    0.5,
    0.0,
    0.0,
    0.6153846153846154,
    0.3333333333333333,
    0.4,
    0.0,
    0.4,
    1.0,
    0.3333333333333333,
    0.2857142857142857,
    0.25,
    0.0,
    0.0,
    0.8571428571428571,
    0.6666666666666666,
    0.4,
    0.0,
    0.6,
    0.5,
    0.0,
    0.4,
    0.3333333333333333,
    0.2857142857142857,
    0.3333333333333333,
    0.3333333333333333,
    0.6666666666666666,
    0.5,
    0.25,
    0.4,
    0.6666666666666666,
    0.0,
    0.6666666666666666,
    0.6666666666666666,
    0.0,
    0.5714285714285714,
    0.4,
    0.8,
    0.8,
    0.4,
    0.2222222222222222,
    0.5,
    0.3333333333333333
  ]
}