{
  "t_test": {
    "t_stat": -3.208371174922286,
    "p_value": 0.002354858165627165
  },
  "wilcoxon": {
    "w_stat": 197.5,
    "p_value": 0.004269898624762091
  }
}