{
  "mean": 0.49869841269841275,
  "std": 0.22981346264073263,
  "dist": [
    0.2857142857142857,
    0.6666666666666666,
    0.5714285714285714,
    0.75,
    0.2857142857142857,
    0.75,
    0.5714285714285714,
    0.6666666666666666,
    0.0,
    0.4,
    0.5,
    0.4,
    0.6666666666666666,
    0.4,
    0.5,
    0.75,
    0.4,
    0.6666666666666666,
    0.4444444444444444,
    0.0,
    0.2857142857142857,
    0.75,
    0.4444444444444444,
    0.8,
    0.0,
    0.6,
    0.6666666666666666,
    0.5,
    0.2222222222222222,
    0.6666666666666666,
    0.0,
    0.5714285714285714,
    0.5,
    1.0,
    0.5,
    0.6666666666666666,
    0.4,
    0.5714285714285714,
    0.2857142857142857,
    0.5714285714285714,
    0.5714285714285714,
    0.2,
    0.8,
    0.4,
    0.8,
    0.4,
    0.4,
    0.2857142857142857,
    0.6,
    0.8
  ]
}