{
  "f1": 0.3076923076923077,
  "roc_auc": 0.5166666666666666,
  "pr_auc": 0.2906936813186813
}