{
  "f1": 0.26666666666666666,
  "roc_auc": 0.5625,
  "pr_auc": 0.360014985014985
}