{
  "f1": 0.3076923076923077,
  "roc_auc": 0.6000000000000001,
  "pr_auc": 0.20448275862068965
}