{
  "f1": 0.4,
  "roc_auc": 0.6767676767676767,
  "pr_auc": 0.24206349206349206
}