{
  "f1": 0.16666666666666666,
  "roc_auc": 0.5714285714285714,
  "pr_auc": 0.35510204081632646
}