{
  "mean": 0.5163316238707742,
  "std": 0.1030179783881779,
  "dist": [
    0.6153846153846154,
    0.5306122448979592,
    0.4615384615384615,
    0.375,
    0.6,
    0.5641025641025641,
    0.5116279069767442,
    0.4736842105263157,
    0.4615384615384615,
    0.6,
    0.4651162790697674,
    0.5128205128205128,
    0.6666666666666666,
    0.4,
    0.5853658536585366,
    0.5294117647058824,
    0.4,
    0.5238095238095238,
    0.4651162790697674,
    0.64,
    0.4,
    0.6808510638297872,
    0.4390243902439024,
    0.6341463414634146,
    0.4,
    0.7111111111111111,
    0.35,
    0.5365853658536586,
    0.5714285714285714,
    0.4210526315789473,
    0.5581395348837209,
    0.45,
    0.5945945945945946,
    0.5142857142857142,
    0.5,
    0.4102564102564102,
    0.4,
    0.6,
    0.6808510638297872,
    0.4736842105263157,
    0.4242424242424242,
    0.5365853658536586,
    0.55,
    0.65,
    0.4444444444444444,
    0.5306122448979592,
    0.4186046511627907,
    0.24,
    0.6,
    0.7142857142857143
  ]
}