{
  "t_test": {
    "t_stat": 1.241063697762303,
    "p_value": 0.2204911052550556
  },
  "wilcoxon": {
    "w_stat": 511.5,
    "p_value": 0.22974800885474522
  }
}