{
  "mean": 0.5053656677256676,
  "std": 0.09847807674377378,
  "dist": [
    0.5789473684210527,
    0.5,
    0.4736842105263157,
    0.4117647058823529,
    0.5652173913043478,
    0.5714285714285714,
    0.4651162790697674,
    0.4571428571428571,
    0.5116279069767442,
    0.5333333333333333,
    0.5,
    0.3414634146341463,
    0.7368421052631579,
    0.3902439024390244,
    0.5833333333333334,
    0.4736842105263157,
    0.5454545454545454,
    0.5116279069767442,
    0.5116279069767442,
    0.5098039215686274,
    0.3448275862068966,
    0.6382978723404256,
    0.5,
    0.5531914893617021,
    0.4390243902439024,
    0.5531914893617021,
    0.4864864864864865,
    0.5581395348837209,
    0.5789473684210527,
    0.3720930232558139,
    0.6086956521739131,
    0.4390243902439024,
    0.5263157894736842,
    0.4444444444444444,
    0.5106382978723404,
    0.3809523809523809,
    0.35,
    0.6111111111111112,
    0.6538461538461539,
    0.5263157894736842,
    0.4324324324324324,
    0.5714285714285714,
    0.4782608695652174,
    0.6341463414634146,
    0.4285714285714285,
    0.5384615384615384,
    0.3255813953488372,
    0.2962962962962963,
    0.5652173913043478,
    0.75
  ]
}