{
  "mean": 0.4591580086580087,
  "std": 0.18221225936309593,
  "dist": [
    0.3333333333333333,
    0.4444444444444444,
    0.5454545454545454,
    0.75,
    0.3636363636363636,
    0.8,
    0.7272727272727273,
    0.25,
    0.3076923076923077,
    0.2222222222222222,
    0.5,
    0.3333333333333333,
    0.6666666666666666,
    0.2222222222222222,
    0.8,
    0.7272727272727273,
    0.3636363636363636,
    0.5454545454545454,
    0.5454545454545454,
    0.0,
    0.5,
    0.5,
    0.5333333333333333,
    0.4,
    0.3333333333333333,
    0.5714285714285714,
    0.3333333333333333,
    0.2857142857142857,
    0.5333333333333333,
    0.4444444444444444,
    0.25,
    0.4615384615384615,
    0.5454545454545454,
    0.3333333333333333,
    0.6153846153846154,
    0.5,
    0.5,
    0.5,
    0.2,
    0.6153846153846154,
    0.25,
    0.625,
    0.3636363636363636,
    0.4,
    0.6666666666666666,
    0.6666666666666666,
    0.25,
    0.4,
    0.75,
    0.1818181818181818
  ]
}