{
  "t_test": {
    "t_stat": 0.015573178467571653,
    "p_value": 0.9876381412971031
  },
  "wilcoxon": {
    "w_stat": 459.5,
    "p_value": 0.8704927207688187
  }
}