{
  "f1": 0.5185185185185185,
  "roc_auc": 0.7377049180327868,
  "pr_auc": 0.5321132120081591
}