{
  "f1": 0.5263157894736842,
  "roc_auc": 0.763771186440678,
  "pr_auc": 0.5518752170980472
}