{
  "f1": 0.4,
  "roc_auc": 0.6677777777777778,
  "pr_auc": 0.4300788203699419
}