{
  "f1": 0.25806451612903225,
  "roc_auc": 0.5099431818181819,
  "pr_auc": 0.17973953834378556
}