{
  "f1": 0.6808510638297872,
  "roc_auc": 0.877511961722488,
  "pr_auc": 0.6923031688051184
}