{
  "f1": 0.30303030303030304,
  "roc_auc": 0.6111111111111112,
  "pr_auc": 0.23601532574715042
}