{
  "f1": 0.43902439024390244,
  "roc_auc": 0.6644736842105263,
  "pr_auc": 0.4992287411244561
}