{
  "f1": 0.5957446808510638,
  "roc_auc": 0.755731922398589,
  "pr_auc": 0.5930087917494495
}