{
  "f1": 0.6,
  "roc_auc": 0.7914230019493177,
  "pr_auc": 0.6985331331550594
}