{
  "f1": 0.6190476190476191,
  "roc_auc": 0.853448275862069,
  "pr_auc": 0.6559365308417797
}