{
  "f1": 0.35294117647058826,
  "roc_auc": 0.7354497354497355,
  "pr_auc": 0.4734049287413031
}