{
  "f1": 0.4,
  "roc_auc": 0.7369727047146402,
  "pr_auc": 0.3483657264145069
}