{
  "f1": 0.37037037037037035,
  "roc_auc": 0.7282051282051282,
  "pr_auc": 0.48896777364731714
}