{
  "f1": 0.5853658536585366,
  "roc_auc": 0.7875598086124401,
  "pr_auc": 0.6491252071875164
}