{
  "f1": 0.3333333333333333,
  "roc_auc": 0.7727272727272727,
  "pr_auc": 0.48281953712607617
}