{
  "f1": 0.5,
  "roc_auc": 0.6627634660421546,
  "pr_auc": 0.40891342094853456
}