{
  "f1": 0.41379310344827586,
  "roc_auc": 0.6327543424317619,
  "pr_auc": 0.45624066337895786
}