{
  "f1": 0.37037037037037035,
  "roc_auc": 0.6847014925373135,
  "pr_auc": 0.36283516834503676
}