{
  "f1": 0.4666666666666667,
  "roc_auc": 0.6408898305084746,
  "pr_auc": 0.5098317667873631
}