{
  "f1": 0.48484848484848486,
  "roc_auc": 0.7671957671957672,
  "pr_auc": 0.38784332357491597
}