{
  "f1": 0.35714285714285715,
  "roc_auc": 0.6292307692307693,
  "pr_auc": 0.22437985382256795
}