{
  "f1": 0.55,
  "roc_auc": 0.7524366471734892,
  "pr_auc": 0.5043250696842397
}