{
  "f1": 0.3225806451612903,
  "roc_auc": 0.6278409090909092,
  "pr_auc": 0.33447960983239133
}