{
  "f1": 0.4444444444444444,
  "roc_auc": 0.671875,
  "pr_auc": 0.426205367114458
}