{
  "f1": 0.46153846153846156,
  "roc_auc": 0.7056451612903225,
  "pr_auc": 0.4328368059416112
}