{
  "f1": 0.4,
  "roc_auc": 0.7431761786600497,
  "pr_auc": 0.4222279512638242
}