{
  "f1": 0.5555555555555556,
  "roc_auc": 0.8083228247162674,
  "pr_auc": 0.6432253522964697
}