{
  "f1": 0.36363636363636365,
  "roc_auc": 0.7063492063492064,
  "pr_auc": 0.42774279327987763
}