{
  "f1": 0.5365853658536586,
  "roc_auc": 0.721531100478469,
  "pr_auc": 0.4955817556703106
}