{
  "f1": 0.6451612903225806,
  "roc_auc": 0.8632768361581921,
  "pr_auc": 0.7265237743941495
}