{
  "f1": 0.45,
  "roc_auc": 0.718266253869969,
  "pr_auc": 0.4323423235795578
}