{
  "f1": 0.4444444444444444,
  "roc_auc": 0.7792207792207793,
  "pr_auc": 0.4730606439197771
}