{
  "f1": 0.42424242424242425,
  "roc_auc": 0.778688524590164,
  "pr_auc": 0.4298691506412695
}