{
  "f1": 0.3888888888888889,
  "roc_auc": 0.652129817444219,
  "pr_auc": 0.4542433360382595
}