{
  "f1": 0.47058823529411764,
  "roc_auc": 0.719774011299435,
  "pr_auc": 0.46434087610437685
}