{
  "f1": 0.41379310344827586,
  "roc_auc": 0.7741935483870968,
  "pr_auc": 0.5127924595987574
}