{
  "f1": 0.5641025641025641,
  "roc_auc": 0.7900000000000001,
  "pr_auc": 0.5333167421173418
}