{
  "f1": 0.5294117647058824,
  "roc_auc": 0.8052109181141439,
  "pr_auc": 0.5014629960534915
}