{
  "f1": 0.42424242424242425,
  "roc_auc": 0.7295081967213115,
  "pr_auc": 0.4253174515825847
}