{
  "f1": 0.5263157894736842,
  "roc_auc": 0.735593220338983,
  "pr_auc": 0.5273102326299257
}