{
  "f1": 0.6046511627906976,
  "roc_auc": 0.7699805068226121,
  "pr_auc": 0.5615731027902081
}