{
  "f1": 0.6153846153846154,
  "roc_auc": 0.856497175141243,
  "pr_auc": 0.7080727853814447
}