{
  "f1": 0.4666666666666667,
  "roc_auc": 0.7109181141439206,
  "pr_auc": 0.463145511771109
}