{
  "f1": 0.5,
  "roc_auc": 0.7357142857142857,
  "pr_auc": 0.5924122409158145
}