{
  "f1": 0.46511627906976744,
  "roc_auc": 0.7063492063492063,
  "pr_auc": 0.49844530085673633
}