{
  "f1": 0.5,
  "roc_auc": 0.691468253968254,
  "pr_auc": 0.5746362712699074
}