{
  "f1": 0.5833333333333334,
  "roc_auc": 0.8234375,
  "pr_auc": 0.6437100597814883
}