{
  "f1": 0.6666666666666666,
  "roc_auc": 0.9127155172413793,
  "pr_auc": 0.7584922935251883
}