{
  "f1": 0.2857142857142857,
  "roc_auc": 0.5238095238095238,
  "pr_auc": 0.17763157894736842
}