{
  "f1": 0.6666666666666666,
  "roc_auc": 0.8289473684210527,
  "pr_auc": 0.48333333333333334
}