{
  "f1": 0.2857142857142857,
  "roc_auc": 0.4722222222222222,
  "pr_auc": 0.37683080808080804
}