{
  "f1": 0.4444444444444444,
  "roc_auc": 0.5888888888888889,
  "pr_auc": 0.4570760233918129
}