{
  "f1": 0.9090909090909091,
  "roc_auc": 0.9607843137254901,
  "pr_auc": 0.9333333333333333
}