{
  "f1": 0.3333333333333333,
  "roc_auc": 0.5921052631578948,
  "pr_auc": 0.3101190476190476
}