{
  "f1": 0.46153846153846156,
  "roc_auc": 0.5416666666666667,
  "pr_auc": 0.49486215538847117
}