{
  "f1": 0.5714285714285714,
  "roc_auc": 0.7777777777777778,
  "pr_auc": 0.7254901960784313
}