{
  "f1": 0.5,
  "roc_auc": 0.7236842105263159,
  "pr_auc": 0.5473484848484849
}