{
  "f1": 0.8,
  "roc_auc": 0.9263157894736842,
  "pr_auc": 0.8833333333333333
}