{
  "f1": 0.0,
  "roc_auc": 0.33333333333333337,
  "pr_auc": 0.09583333333333333
}