{
  "f1": 0.5454545454545454,
  "roc_auc": 0.6372549019607843,
  "pr_auc": 0.454752886002886
}