{
  "f1": 0.25,
  "roc_auc": 0.3815789473684211,
  "pr_auc": 0.18909489633173843
}