{
  "f1": 0.8571428571428571,
  "roc_auc": 0.8421052631578947,
  "pr_auc": 0.8125
}