{
  "f1": 0.5,
  "roc_auc": 0.4666666666666666,
  "pr_auc": 0.42300194931773877
}