{
  "f1": 0.6666666666666666,
  "roc_auc": 0.6125,
  "pr_auc": 0.5916666666666668
}