{
  "f1": 0.6666666666666666,
  "roc_auc": 0.7592592592592593,
  "pr_auc": 0.6856060606060606
}