{
  "f1": 0.4,
  "roc_auc": 0.6825396825396826,
  "pr_auc": 0.3047619047619048
}