{
  "f1": 0.2857142857142857,
  "roc_auc": 0.5555555555555556,
  "pr_auc": 0.41786881419234356
}