{
  "mean": 0.3166262626262626,
  "std": 0.1399744712116025,
  "dist": [
    0.375,
    0.3333333333333333,
    0.2857142857142857,
    0.2857142857142857,
    0.2857142857142857,
    0.3636363636363636,
    0.4,
    0.3076923076923077,
    0.2,
    0.2857142857142857,
    0.2,
    0.2857142857142857,
    0.4,
    0.3333333333333333,
    0.4,
    0.25,
    0.6153846153846154,
    0.0,
    0.4615384615384615,
    0.1538461538461538,
    0.5454545454545454,
    0.4285714285714285,
    0.1818181818181818,
    0.1666666666666666,
    0.25,
    0.6666666666666666,
    0.2222222222222222,
    0.2,
    0.125,
    0.4444444444444444,
    0.3076923076923077,
    0.7272727272727273,
    0.2,
    0.1538461538461538,
    0.2222222222222222,
    0.4285714285714285,
    0.2,
    0.4444444444444444,
    0.2222222222222222,
    0.2857142857142857,
    0.4,
    0.3333333333333333,
    0.3333333333333333,
    0.1818181818181818,
    0.3636363636363636,
    0.4285714285714285,
    0.1818181818181818,
    0.4,
    0.2,
    0.3636363636363636
  ]
}