{
  "t_test": {
    "t_stat": 3.1144189963390154,
    "p_value": 0.0030764913449406587
  },
  "wilcoxon": {
    "w_stat": 224.0,
    "p_value": 0.004444625250952548
  }
}