{
  "f1": 0.3333333333333333,
  "roc_auc": 0.5684210526315789,
  "pr_auc": 0.323203169213356
}