{
  "f1": 0.3076923076923077,
  "roc_auc": 0.8531073446327683,
  "pr_auc": 0.3717948717948718
}