{
  "f1": 0.375,
  "roc_auc": 0.5714285714285714,
  "pr_auc": 0.4502805836139169
}