{
  "f1": 0.15384615384615385,
  "roc_auc": 0.7198275862068966,
  "pr_auc": 0.16603535353535354
}