{
  "f1": 0.4,
  "roc_auc": 0.6759259259259258,
  "pr_auc": 0.37616221229321073
}