{
  "f1": 0.375,
  "roc_auc": 0.9055555555555557,
  "pr_auc": 0.25757575757575757
}