{
  "f1": 0.4166666666666667,
  "roc_auc": 0.5961538461538463,
  "pr_auc": 0.4074440530216147
}