{
  "f1": 0.4,
  "roc_auc": 0.711111111111111,
  "pr_auc": 0.33997113997114
}