{
  "f1": 0.26666666666666666,
  "roc_auc": 0.5615763546798029,
  "pr_auc": 0.27051713966218893
}