{
  "f1": 0.2857142857142857,
  "roc_auc": 0.6640625,
  "pr_auc": 0.4001322751322751
}