{
  "f1": 0.3333333333333333,
  "roc_auc": 0.5666666666666668,
  "pr_auc": 0.28465608465608466
}