{
  "f1": 0.4,
  "roc_auc": 0.5111111111111112,
  "pr_auc": 0.47193043884220354
}