{
  "f1": 0.2222222222222222,
  "roc_auc": 0.37438423645320196,
  "pr_auc": 0.17346342045590166
}