{
  "f1": 0.5333333333333333,
  "roc_auc": 0.85,
  "pr_auc": 0.5093406593406593
}