{
  "f1": 0.42105263157894735,
  "roc_auc": 0.729064039408867,
  "pr_auc": 0.4560548559599793
}