{
  "f1": 0.25,
  "roc_auc": 0.7549019607843137,
  "pr_auc": 0.5271825396825397
}