{
  "f1": 0.3333333333333333,
  "roc_auc": 0.6507936507936507,
  "pr_auc": 0.3277777777777778
}