{
  "f1": 0.2857142857142857,
  "roc_auc": 0.6777777777777778,
  "pr_auc": 0.3788095238095238
}