{
  "f1": 0.0,
  "roc_auc": 0.6833333333333333,
  "pr_auc": 0.2611111111111111
}