{
  "f1": 0.36363636363636365,
  "roc_auc": 0.7410714285714286,
  "pr_auc": 0.6181077694235588
}