{
  "f1": 0.3333333333333333,
  "roc_auc": 0.7894736842105263,
  "pr_auc": 0.5238095238095237
}