{
  "f1": 0.5,
  "roc_auc": 0.9803921568627451,
  "pr_auc": 0.9583333333333333
}