{
  "f1": 0.2857142857142857,
  "roc_auc": 0.6777777777777777,
  "pr_auc": 0.5271428571428571
}