{
  "f1": 0.0,
  "roc_auc": 0.7416666666666667,
  "pr_auc": 0.5489583333333333
}