{
  "f1": 0.25,
  "roc_auc": 0.7314814814814815,
  "pr_auc": 0.46464646464646464
}