{
  "f1": 0.5714285714285714,
  "roc_auc": 0.868421052631579,
  "pr_auc": 0.5277777777777778
}