{
  "f1": 0.2222222222222222,
  "roc_auc": 0.6018518518518519,
  "pr_auc": 0.36657786657786656
}