{
  "f1": 0.3333333333333333,
  "roc_auc": 0.8571428571428571,
  "pr_auc": 0.42499999999999993
}