{
  "f1": 0.0,
  "roc_auc": 0.7142857142857143,
  "pr_auc": 0.19642857142857142
}