{
  "f1": 0.5714285714285714,
  "roc_auc": 0.8375,
  "pr_auc": 0.6742424242424242
}