{
  "f1": 0.46153846153846156,
  "roc_auc": 0.890625,
  "pr_auc": 0.7781114718614719
}