{
  "f1": 0.0,
  "roc_auc": 0.6447368421052632,
  "pr_auc": 0.31726190476190474
}