{
  "f1": 0.3333333333333333,
  "roc_auc": 0.8809523809523809,
  "pr_auc": 0.41666666666666663
}