{
  "f1": 0.5,
  "roc_auc": 0.8627450980392157,
  "pr_auc": 0.8277777777777777
}