{
  "f1": 0.5454545454545454,
  "roc_auc": 0.892156862745098,
  "pr_auc": 0.8070818070818071
}