{
  "f1": 0.75,
  "roc_auc": 0.9473684210526316,
  "pr_auc": 0.6791666666666667
}