{
  "f1": 0.0,
  "roc_auc": 0.6190476190476191,
  "pr_auc": 0.17142857142857143
}