{
  "f1": 0.0,
  "roc_auc": 0.6973684210526315,
  "pr_auc": 0.3833333333333333
}