{
  "f1": 0.4878048780487805,
  "roc_auc": 0.7615819209039548,
  "pr_auc": 0.5350364665326303
}