{
  "f1": 0.45,
  "roc_auc": 0.733921815889029,
  "pr_auc": 0.46562615979596567
}