{
  "f1": 0.5116279069767442,
  "roc_auc": 0.7788888888888889,
  "pr_auc": 0.5945730612387741
}