{
  "f1": 0.6181818181818182,
  "roc_auc": 0.7780772686433064,
  "pr_auc": 0.5996328907654815
}