{
  "f1": 0.391304347826087,
  "roc_auc": 0.6578389830508475,
  "pr_auc": 0.4034634851585751
}