{
  "f1": 0.5490196078431373,
  "roc_auc": 0.8021442495126706,
  "pr_auc": 0.5642791094545481
}