{
  "f1": 0.5,
  "roc_auc": 0.722488038277512,
  "pr_auc": 0.5883128509581599
}