{
  "f1": 0.375,
  "roc_auc": 0.7061538461538461,
  "pr_auc": 0.3311206156895812
}