{
  "f1": 0.7,
  "roc_auc": 0.9578454332552693,
  "pr_auc": 0.8687462020381274
}