{
  "f1": 0.43902439024390244,
  "roc_auc": 0.6833333333333333,
  "pr_auc": 0.4701282369752342
}