{
  "f1": 0.7142857142857143,
  "roc_auc": 0.8422619047619048,
  "pr_auc": 0.7730655762289473
}