{
  "f1": 0.43243243243243246,
  "roc_auc": 0.701058201058201,
  "pr_auc": 0.3301765064888191
}