{
  "f1": 0.5238095238095238,
  "roc_auc": 0.7420634920634921,
  "pr_auc": 0.5035675479359887
}