{
  "f1": 0.45,
  "roc_auc": 0.7196029776674938,
  "pr_auc": 0.46760184728815324
}