{
  "f1": 0.47368421052631576,
  "roc_auc": 0.6866125760649088,
  "pr_auc": 0.4616092912988402
}