{
  "f1": 0.5,
  "roc_auc": 0.7793190416141237,
  "pr_auc": 0.5027794697760761
}