{
  "f1": 0.47368421052631576,
  "roc_auc": 0.7155555555555555,
  "pr_auc": 0.46622762404625145
}