{
  "f1": 0.5116279069767442,
  "roc_auc": 0.7894736842105263,
  "pr_auc": 0.6484762167813303
}