{
  "f1": 0.45714285714285713,
  "roc_auc": 0.7131147540983607,
  "pr_auc": 0.45701843584319357
}