{
  "f1": 0.56,
  "roc_auc": 0.8078125,
  "pr_auc": 0.5422034220984745
}