{
  "f1": 0.5365853658536586,
  "roc_auc": 0.7444976076555023,
  "pr_auc": 0.5633224851742309
}