{
  "f1": 0.5,
  "roc_auc": 0.7426900584795322,
  "pr_auc": 0.4946410077916702
}