{
  "f1": 0.41025641025641024,
  "roc_auc": 0.7461300309597523,
  "pr_auc": 0.5034361590812493
}