{
  "f1": 0.5405405405405406,
  "roc_auc": 0.7822222222222223,
  "pr_auc": 0.4953954671059934
}