{
  "f1": 0.5882352941176471,
  "roc_auc": 0.7341269841269841,
  "pr_auc": 0.5854464552804344
}