{
  "f1": 0.25806451612903225,
  "roc_auc": 0.6734375,
  "pr_auc": 0.2529977286422843
}