{
  "f1": 0.13333333333333333,
  "roc_auc": 0.609375,
  "pr_auc": 0.15797601091718738
}