{
  "f1": 0.5,
  "roc_auc": 0.9453125,
  "pr_auc": 0.8409090909090909
}