{
  "f1": 0.35294117647058826,
  "roc_auc": 0.787878787878788,
  "pr_auc": 0.24864024864024864
}