{
  "f1": 0.25,
  "roc_auc": 0.7941176470588236,
  "pr_auc": 0.1736111111111111
}