{
  "f1": 0.5333333333333333,
  "roc_auc": 0.8903225806451612,
  "pr_auc": 0.4575757575757575
}