{
  "f1": 0.26666666666666666,
  "roc_auc": 0.828125,
  "pr_auc": 0.6201923076923077
}