{
  "f1": 0.35294117647058826,
  "roc_auc": 0.828125,
  "pr_auc": 0.6276315789473684
}