{
  "f1": 0.13333333333333333,
  "roc_auc": 0.6323529411764706,
  "pr_auc": 0.10416666666666666
}