{
  "f1": 0.2,
  "roc_auc": 0.7941176470588235,
  "pr_auc": 0.23809523809523808
}