{
  "f1": 0.16666666666666666,
  "roc_auc": 0.7373737373737373,
  "pr_auc": 0.4415204678362573
}