{
  "f1": 0.4,
  "roc_auc": 0.78125,
  "pr_auc": 0.44013157894736843
}