{
  "f1": 0.16666666666666666,
  "roc_auc": 0.6911764705882353,
  "pr_auc": 0.125
}