{
  "f1": 0.13333333333333333,
  "roc_auc": 0.7676767676767677,
  "pr_auc": 0.28937728937728935
}