{
  "f1": 0.26666666666666666,
  "roc_auc": 0.8970588235294118,
  "pr_auc": 0.6111111111111112
}