{
  "f1": 0.26666666666666666,
  "roc_auc": 0.8383838383838383,
  "pr_auc": 0.7192982456140351
}