{
  "f1": 0.35294117647058826,
  "roc_auc": 0.8046875,
  "pr_auc": 0.44516594516594515
}