{
  "f1": 0.26666666666666666,
  "roc_auc": 0.7070707070707072,
  "pr_auc": 0.16536796536796539
}