{
  "f1": 0.23529411764705882,
  "roc_auc": 0.7483870967741936,
  "pr_auc": 0.5404761904761906
}