{
  "f1": 0.13333333333333333,
  "roc_auc": 0.7352941176470589,
  "pr_auc": 0.55
}