{
  "f1": 0.3076923076923077,
  "roc_auc": 0.8823529411764706,
  "pr_auc": 0.29166666666666663
}