{
  "f1": 0.125,
  "roc_auc": 0.703125,
  "pr_auc": 0.269017094017094
}