{
  "f1": 0.35294117647058826,
  "roc_auc": 0.98989898989899,
  "pr_auc": 0.9166666666666665
}