{
  "f1": 0.3076923076923077,
  "roc_auc": 0.926470588235294,
  "pr_auc": 0.41666666666666663
}