{
  "f1": 0.16666666666666666,
  "roc_auc": 0.6666666666666666,
  "pr_auc": 0.15027467659046606
}