{
  "f1": 0.4,
  "roc_auc": 0.734375,
  "pr_auc": 0.23511904761904762
}