{
  "mean": 0.4933794671106415,
  "std": 0.10425587400378779,
  "dist": [
    0.5405405405405406,
    0.5,
    0.5161290322580645,
    0.3448275862068966,
    0.5581395348837209,
    0.6285714285714286,
    0.4761904761904761,
    0.4375,
    0.4736842105263157,
    0.4878048780487805,
    0.4736842105263157,
    0.4,
    0.6666666666666666,
    0.4571428571428571,
    0.5,
    0.5294117647058824,
    0.375,
    0.55,
    0.4736842105263157,
    0.5454545454545454,
    0.3870967741935484,
    0.6818181818181818,
    0.3684210526315789,
    0.5238095238095238,
    0.4848484848484848,
    0.6521739130434783,
    0.4864864864864865,
    0.5,
    0.5161290322580645,
    0.2941176470588235,
    0.5714285714285714,
    0.4117647058823529,
    0.5945945945945946,
    0.375,
    0.5116279069767442,
    0.3243243243243243,
    0.3636363636363636,
    0.5789473684210527,
    0.6511627906976745,
    0.5405405405405406,
    0.4117647058823529,
    0.5263157894736842,
    0.55,
    0.5789473684210527,
    0.4210526315789473,
    0.5581395348837209,
    0.3636363636363636,
    0.25,
    0.5,
    0.7567567567567568
  ]
}