{
  "t_test": {
    "t_stat": 0.021162331905227802,
    "p_value": 0.9832021046221142
  },
  "wilcoxon": {
    "w_stat": 489.0,
    "p_value": 0.9441749236933898
  }
}