{
  "f1": 0.2857142857142857,
  "roc_auc": 0.6312500000000001,
  "pr_auc": 0.23462147914379033
}