{
  "f1": 0.5454545454545454,
  "roc_auc": 0.8188585607940446,
  "pr_auc": 0.5404862411944844
}