{
  "f1": 0.4117647058823529,
  "roc_auc": 0.7242937853107345,
  "pr_auc": 0.45331967556530034
}