{
  "f1": 0.2857142857142857,
  "roc_auc": 0.6022727272727273,
  "pr_auc": 0.4377155796543821
}