{
  "f1": 0.5263157894736842,
  "roc_auc": 0.7553606237816765,
  "pr_auc": 0.6034315306800977
}