{
  "f1": 0.5714285714285714,
  "roc_auc": 0.8138401559454191,
  "pr_auc": 0.6568571818534216
}