{
  "f1": 0.4117647058823529,
  "roc_auc": 0.6066997518610422,
  "pr_auc": 0.5495687312940032
}