{
  "f1": 0.6060606060606061,
  "roc_auc": 0.8566810344827587,
  "pr_auc": 0.7042299232897133
}