{
  "f1": 0.5405405405405406,
  "roc_auc": 0.8297413793103448,
  "pr_auc": 0.6210602893554167
}