{
  "f1": 0.6,
  "roc_auc": 0.728395061728395,
  "pr_auc": 0.5953162350366346
}