{
  "f1": 0.43243243243243246,
  "roc_auc": 0.694047619047619,
  "pr_auc": 0.591894501313828
}