{
  "f1": 0.6086956521739131,
  "roc_auc": 0.84375,
  "pr_auc": 0.605198471238025
}