{
  "f1": 0.4375,
  "roc_auc": 0.7307692307692307,
  "pr_auc": 0.5657138971520244
}