{
  "f1": 0.3684210526315789,
  "roc_auc": 0.6024340770791076,
  "pr_auc": 0.4303307680153957
}