{
  "f1": 0.6111111111111112,
  "roc_auc": 0.8768361581920904,
  "pr_auc": 0.7442004750956157
}