{
  "f1": 0.5789473684210527,
  "roc_auc": 0.7435406698564593,
  "pr_auc": 0.6523810479499195
}