{
  "f1": 0.5882352941176471,
  "roc_auc": 0.815136476426799,
  "pr_auc": 0.5658743019037136
}