{
  "f1": 0.24242424242424243,
  "roc_auc": 0.6785714285714286,
  "pr_auc": 0.40065329034649516
}