{
  "f1": 0.5217391304347826,
  "roc_auc": 0.7263157894736842,
  "pr_auc": 0.6643523426874152
}