{
  "f1": 0.42105263157894735,
  "roc_auc": 0.6686507936507937,
  "pr_auc": 0.5459629652606768
}