{
  "f1": 0.1935483870967742,
  "roc_auc": 0.6018518518518517,
  "pr_auc": 0.22655930825883422
}