{
  "f1": 0.4117647058823529,
  "roc_auc": 0.775175644028103,
  "pr_auc": 0.46603666890343765
}