{
  "f1": 0.4864864864864865,
  "roc_auc": 0.7066666666666667,
  "pr_auc": 0.44658045782273553
}