{
  "f1": 0.4444444444444444,
  "roc_auc": 0.6935483870967741,
  "pr_auc": 0.4167162832043166
}