{
  "f1": 0.6,
  "roc_auc": 0.7680311890838206,
  "pr_auc": 0.7155443798810027
}