{
  "f1": 0.3125,
  "roc_auc": 0.6233333333333333,
  "pr_auc": 0.3669113080347534
}