{
  "f1": 0.4444444444444444,
  "roc_auc": 0.6990632318501171,
  "pr_auc": 0.4662710889792048
}