{
  "f1": 0.3870967741935484,
  "roc_auc": 0.6505681818181818,
  "pr_auc": 0.42640179789064225
}