{
  "f1": 0.35714285714285715,
  "roc_auc": 0.710820895522388,
  "pr_auc": 0.36960368913028063
}