{
  "f1": 0.4166666666666667,
  "roc_auc": 0.6854838709677419,
  "pr_auc": 0.4377663764085105
}