{
  "f1": 0.5405405405405406,
  "roc_auc": 0.675595238095238,
  "pr_auc": 0.5317862182931139
}