{
  "f1": 0.6060606060606061,
  "roc_auc": 0.7717514124293786,
  "pr_auc": 0.6389004695938278
}