{
  "f1": 0.32,
  "roc_auc": 0.7222222222222222,
  "pr_auc": 0.42553742744661216
}