{
  "f1": 0.5405405405405406,
  "roc_auc": 0.7203389830508474,
  "pr_auc": 0.5019280487125881
}