{
  "f1": 0.46153846153846156,
  "roc_auc": 0.6986584107327141,
  "pr_auc": 0.5092432986622771
}