{
  "f1": 0.41379310344827586,
  "roc_auc": 0.748917748917749,
  "pr_auc": 0.46367018872562105
}