{
  "f1": 0.5,
  "roc_auc": 0.8002645502645502,
  "pr_auc": 0.5142243539884194
}