{
  "f1": 0.6666666666666666,
  "roc_auc": 0.8736842105263157,
  "pr_auc": 0.7611976203607083
}