{
  "f1": 0.13333333333333333,
  "roc_auc": 0.45028409090909094,
  "pr_auc": 0.1437391496510954
}