{
  "f1": 0.375,
  "roc_auc": 0.6984126984126984,
  "pr_auc": 0.4926215757362949
}