{
  "f1": 0.5333333333333333,
  "roc_auc": 0.7414880201765448,
  "pr_auc": 0.6040301872851288
}