{
  "f1": 0.625,
  "roc_auc": 0.8644067796610169,
  "pr_auc": 0.736407503172209
}