{
  "f1": 0.4375,
  "roc_auc": 0.6557203389830508,
  "pr_auc": 0.5064210090586294
}