{
  "f1": 0.35294117647058826,
  "roc_auc": 0.6253101736972704,
  "pr_auc": 0.40959915116665685
}