{
  "f1": 0.48,
  "roc_auc": 0.6215384615384616,
  "pr_auc": 0.3460786902346517
}