{
  "f1": 0.5,
  "roc_auc": 0.6917293233082706,
  "pr_auc": 0.5487407909167459
}