{
  "f1": 0.48484848484848486,
  "roc_auc": 0.689695550351288,
  "pr_auc": 0.5077822471644302
}