{
  "f1": 0.6060606060606061,
  "roc_auc": 0.8234552332912988,
  "pr_auc": 0.6815891710628552
}