{
  "f1": 0.3448275862068966,
  "roc_auc": 0.6991452991452992,
  "pr_auc": 0.5352485291134105
}