{
  "f1": 0.8,
  "roc_auc": 0.9166666666666667,
  "pr_auc": 0.5494047619047618
}