{
  "f1": 0.375,
  "roc_auc": 0.7000000000000001,
  "pr_auc": 0.35767195767195764
}