{
  "f1": 0.42857142857142855,
  "roc_auc": 0.8203125,
  "pr_auc": 0.46212121212121215
}