{
  "f1": 0.6153846153846154,
  "roc_auc": 0.8078817733990148,
  "pr_auc": 0.5499589490968801
}