{
  "f1": 0.5,
  "roc_auc": 0.6944444444444444,
  "pr_auc": 0.5344789197730374
}