{
  "f1": 0.625,
  "roc_auc": 0.8444444444444446,
  "pr_auc": 0.644973544973545
}