{
  "f1": 0.7058823529411765,
  "roc_auc": 0.9655172413793103,
  "pr_auc": 0.8752628324056895
}