{
  "f1": 0.625,
  "roc_auc": 0.812807881773399,
  "pr_auc": 0.6359995611147684
}