{
  "f1": 0.5263157894736842,
  "roc_auc": 0.75,
  "pr_auc": 0.47045250896057345
}