{
  "f1": 0.5714285714285714,
  "roc_auc": 0.903225806451613,
  "pr_auc": 0.607936507936508
}