{
  "f1": 0.4,
  "roc_auc": 0.8258064516129032,
  "pr_auc": 0.5536796536796538
}