{
  "f1": 0.4444444444444444,
  "roc_auc": 0.6709677419354839,
  "pr_auc": 0.5818876941457587
}