{
  "f1": 0.4,
  "roc_auc": 0.8383838383838385,
  "pr_auc": 0.3492063492063492
}