{
  "f1": 0.5882352941176471,
  "roc_auc": 0.8333333333333334,
  "pr_auc": 0.5861111111111111
}