{
  "f1": 0.47619047619047616,
  "roc_auc": 0.7222222222222223,
  "pr_auc": 0.33725071225071224
}