{
  "f1": 0.5882352941176471,
  "roc_auc": 0.9222222222222222,
  "pr_auc": 0.7625
}