{
  "f1": 0.2857142857142857,
  "roc_auc": 0.7979797979797979,
  "pr_auc": 0.3207282913165266
}