{
  "f1": 0.7,
  "roc_auc": 0.9241071428571428,
  "pr_auc": 0.7976190476190477
}