{
  "f1": 0.5,
  "roc_auc": 0.7055555555555556,
  "pr_auc": 0.4007936507936507
}