{
  "f1": 0.5454545454545454,
  "roc_auc": 0.8193548387096774,
  "pr_auc": 0.4742857142857143
}