{
  "f1": 0.42857142857142855,
  "roc_auc": 0.7555555555555555,
  "pr_auc": 0.40772327511457945
}