{
  "f1": 0.3076923076923077,
  "roc_auc": 0.7241379310344828,
  "pr_auc": 0.4392191142191142
}