{
  "f1": 0.25,
  "roc_auc": 0.6323529411764706,
  "pr_auc": 0.16666666666666666
}