{
  "f1": 0.5,
  "roc_auc": 0.8451612903225806,
  "pr_auc": 0.4816161616161616
}