{
  "f1": 0.6,
  "roc_auc": 0.8888888888888888,
  "pr_auc": 0.7958592132505176
}