{
  "f1": 0.36363636363636365,
  "roc_auc": 0.75,
  "pr_auc": 0.2761363636363636
}