{
  "f1": 0.64,
  "roc_auc": 0.7847222222222222,
  "pr_auc": 0.6511046823546823
}