{
  "f1": 0.6,
  "roc_auc": 0.9055555555555557,
  "pr_auc": 0.6075396825396825
}