{
  "f1": 0.5555555555555556,
  "roc_auc": 0.8348214285714286,
  "pr_auc": 0.6343910256410257
}