{
  "f1": 0.4,
  "roc_auc": 0.7044334975369457,
  "pr_auc": 0.33659396869115543
}