{
  "f1": 0.5,
  "roc_auc": 0.765625,
  "pr_auc": 0.43452380952380953
}