{
  "f1": 0.5555555555555556,
  "roc_auc": 0.7723214285714286,
  "pr_auc": 0.45670077972709555
}