{
  "f1": 0.16666666666666666,
  "roc_auc": 0.5935483870967742,
  "pr_auc": 0.1928878528878529
}