{
  "f1": 0.5,
  "roc_auc": 0.7388888888888888,
  "pr_auc": 0.6378787878787878
}