{
  "f1": 0.26666666666666666,
  "roc_auc": 0.5833333333333333,
  "pr_auc": 0.27508721589181356
}