{
  "f1": 0.1111111111111111,
  "roc_auc": 0.7155172413793104,
  "pr_auc": 0.33981846327047566
}