{
  "f1": 0.18181818181818182,
  "roc_auc": 0.7372881355932203,
  "pr_auc": 0.3638052768487551
}