{
  "f1": 0.35294117647058826,
  "roc_auc": 0.8060344827586206,
  "pr_auc": 0.38095238095238093
}