{
  "f1": 0.42105263157894735,
  "roc_auc": 0.7870129870129869,
  "pr_auc": 0.3376114278369917
}