{
  "f1": 0.0,
  "roc_auc": 0.3898305084745763,
  "pr_auc": 0.05382744495647721
}