{
  "f1": 0.2727272727272727,
  "roc_auc": 0.6571428571428571,
  "pr_auc": 0.2787026256951069
}