{
  "f1": 0.17391304347826086,
  "roc_auc": 0.7261904761904763,
  "pr_auc": 0.22471838197644647
}