{
  "f1": 0.1,
  "roc_auc": 0.7241379310344828,
  "pr_auc": 0.13964148877941981
}