{
  "f1": 0.19047619047619047,
  "roc_auc": 0.6103448275862069,
  "pr_auc": 0.3166012710693562
}