{
  "f1": 0.23529411764705882,
  "roc_auc": 0.903954802259887,
  "pr_auc": 0.3625
}