{
  "f1": 0.46153846153846156,
  "roc_auc": 0.8364779874213837,
  "pr_auc": 0.5970503486995241
}