{
  "f1": 0.2608695652173913,
  "roc_auc": 0.6101190476190477,
  "pr_auc": 0.17892992985088377
}