{
  "f1": 0.24,
  "roc_auc": 0.6884615384615385,
  "pr_auc": 0.3701384916657112
}