{
  "f1": 0.125,
  "roc_auc": 0.6636904761904762,
  "pr_auc": 0.18038620068297828
}