{
  "f1": 0.25806451612903225,
  "roc_auc": 0.5864527629233511,
  "pr_auc": 0.28059044511745623
}