{
  "f1": 0.2857142857142857,
  "roc_auc": 0.6982456140350878,
  "pr_auc": 0.3353631182202611
}