{
  "f1": 0.11764705882352941,
  "roc_auc": 0.5387931034482758,
  "pr_auc": 0.11943785578747629
}