{
  "f1": 0.4,
  "roc_auc": 0.7865384615384615,
  "pr_auc": 0.3753162470224181
}