{
  "f1": 0.19047619047619047,
  "roc_auc": 0.7202380952380952,
  "pr_auc": 0.23812134502923976
}