{
  "f1": 0.18181818181818182,
  "roc_auc": 0.8022598870056497,
  "pr_auc": 0.16809116809116809
}