{
  "f1": 0.08,
  "roc_auc": 0.5654761904761905,
  "pr_auc": 0.144621096477126
}