{
  "f1": 0.2,
  "roc_auc": 0.7052631578947368,
  "pr_auc": 0.24873459873459874
}