{
  "f1": 0.1111111111111111,
  "roc_auc": 0.5228070175438597,
  "pr_auc": 0.2798236709527032
}