{
  "f1": 0.25,
  "roc_auc": 0.7482758620689656,
  "pr_auc": 0.21495180011804055
}