{
  "f1": 0.17391304347826086,
  "roc_auc": 0.7155172413793103,
  "pr_auc": 0.2527417027417027
}