{
  "f1": 0.3333333333333333,
  "roc_auc": 0.9209039548022598,
  "pr_auc": 0.5119047619047619
}