{
  "f1": 0.24,
  "roc_auc": 0.5306122448979591,
  "pr_auc": 0.1707276850133993
}