{
  "f1": 0.15384615384615385,
  "roc_auc": 0.548469387755102,
  "pr_auc": 0.32900432900432897
}