{
  "f1": 0.19047619047619047,
  "roc_auc": 0.6388888888888888,
  "pr_auc": 0.25183365133969976
}