{
  "f1": 0.36363636363636365,
  "roc_auc": 0.7380952380952381,
  "pr_auc": 0.6218971631205673
}