{
  "f1": 0.38461538461538464,
  "roc_auc": 0.6749999999999999,
  "pr_auc": 0.31164029730880327
}