{
  "f1": 0.2962962962962963,
  "roc_auc": 0.612987012987013,
  "pr_auc": 0.5395765064858509
}