{
  "f1": 0.38095238095238093,
  "roc_auc": 0.8341836734693877,
  "pr_auc": 0.37847533930483235
}