{
  "f1": 0.1,
  "roc_auc": 0.6458333333333333,
  "pr_auc": 0.14100788463533562
}