{
  "f1": 0.125,
  "roc_auc": 0.6271186440677966,
  "pr_auc": 0.3798076923076923
}