{
  "f1": 0.2222222222222222,
  "roc_auc": 0.6557692307692308,
  "pr_auc": 0.2761141304347826
}