{
  "f1": 0.36363636363636365,
  "roc_auc": 0.8898809523809524,
  "pr_auc": 0.6736772486772487
}