{
  "f1": 0.0,
  "roc_auc": 0.3722222222222222,
  "pr_auc": 0.04917390963902592
}