{
  "f1": 0.23529411764705882,
  "roc_auc": 0.8944444444444444,
  "pr_auc": 0.3366013071895425
}