{
  "f1": 0.10526315789473684,
  "roc_auc": 0.7263157894736841,
  "pr_auc": 0.31886872353297036
}