{
  "f1": 0.18181818181818182,
  "roc_auc": 0.7801724137931034,
  "pr_auc": 0.2444109882857614
}