{
  "f1": 0.13333333333333333,
  "roc_auc": 0.6666666666666666,
  "pr_auc": 0.40095238095238095
}