{
  "f1": 0.3157894736842105,
  "roc_auc": 0.7629310344827587,
  "pr_auc": 0.3938679245283019
}