{
  "f1": 0.47619047619047616,
  "roc_auc": 0.7037037037037037,
  "pr_auc": 0.44947458515569977
}