{
  "f1": 0.5333333333333333,
  "roc_auc": 0.7276785714285714,
  "pr_auc": 0.6294117647058823
}