{
  "f1": 0.5333333333333333,
  "roc_auc": 0.7410714285714286,
  "pr_auc": 0.5665074143692564
}