{
  "f1": 0.18181818181818182,
  "roc_auc": 0.5161290322580646,
  "pr_auc": 0.20701168770453482
}