{
  "f1": 0.18181818181818182,
  "roc_auc": 0.4,
  "pr_auc": 0.22285714285714286
}