{
  "f1": 0.5333333333333333,
  "roc_auc": 0.8516129032258064,
  "pr_auc": 0.5038095238095238
}