{
  "f1": 0.4,
  "roc_auc": 0.5777777777777778,
  "pr_auc": 0.29315496594908363
}