{
  "f1": 0.25,
  "roc_auc": 0.7373737373737373,
  "pr_auc": 0.47023809523809523
}