{
  "f1": 0.3076923076923077,
  "roc_auc": 0.6166666666666667,
  "pr_auc": 0.25360899619314764
}