{
  "f1": 0.16666666666666666,
  "roc_auc": 0.59375,
  "pr_auc": 0.17141608391608393
}