{
  "f1": 0.26666666666666666,
  "roc_auc": 0.5,
  "pr_auc": 0.3600521342456826
}