{
  "f1": 0.36363636363636365,
  "roc_auc": 0.546875,
  "pr_auc": 0.2673611111111111
}