{
  "f1": 0.0,
  "roc_auc": 0.11428571428571432,
  "pr_auc": 0.03125
}