{
  "f1": 0.4,
  "roc_auc": 0.734375,
  "pr_auc": 0.28846153846153844
}