{
  "f1": 0.4,
  "roc_auc": 0.6666666666666666,
  "pr_auc": 0.3100358422939068
}