{
  "f1": 0.0,
  "roc_auc": 0.19191919191919188,
  "pr_auc": 0.06730769230769232
}