{
  "f1": 0.36363636363636365,
  "roc_auc": 0.6388888888888888,
  "pr_auc": 0.43694885361552027
}