{
  "f1": 0.375,
  "roc_auc": 0.6108374384236454,
  "pr_auc": 0.48268398268398266
}