{
  "f1": 0.15384615384615385,
  "roc_auc": 0.46798029556650245,
  "pr_auc": 0.3220331392745186
}