{
  "f1": 0.2,
  "roc_auc": 0.7354838709677418,
  "pr_auc": 0.30969040247678015
}