{
  "f1": 0.0,
  "roc_auc": 0.4642857142857143,
  "pr_auc": 0.2380586228069952
}