{
  "f1": 0.4,
  "roc_auc": 0.7055555555555555,
  "pr_auc": 0.38900793650793647
}