{
  "f1": 0.35294117647058826,
  "roc_auc": 0.59375,
  "pr_auc": 0.3641223454404035
}