{
  "f1": 0.3076923076923077,
  "roc_auc": 0.632258064516129,
  "pr_auc": 0.42493506493506494
}