{
  "f1": 0.3333333333333333,
  "roc_auc": 0.8823529411764707,
  "pr_auc": 0.3611111111111111
}