{
  "f1": 0.5,
  "roc_auc": 0.7192118226600985,
  "pr_auc": 0.48123748942163264
}