{
  "f1": 0.16666666666666666,
  "roc_auc": 0.4747474747474747,
  "pr_auc": 0.1453823953823954
}