{
  "f1": 0.2,
  "roc_auc": 0.4747474747474747,
  "pr_auc": 0.1711111111111111
}