{
  "f1": 0.15384615384615385,
  "roc_auc": 0.4444444444444444,
  "pr_auc": 0.18219378660555133
}