{
  "f1": 0.46153846153846156,
  "roc_auc": 0.7055555555555556,
  "pr_auc": 0.3825396825396825
}