{
  "f1": 0.15384615384615385,
  "roc_auc": 0.7794117647058822,
  "pr_auc": 0.19642857142857142
}