{
  "f1": 0.46153846153846156,
  "roc_auc": 0.6709677419354838,
  "pr_auc": 0.32284249084249084
}