{
  "f1": 0.0,
  "roc_auc": 0.26262626262626265,
  "pr_auc": 0.07323232323232323
}