{
  "f1": 0.25,
  "roc_auc": 0.6171875,
  "pr_auc": 0.2660743041177824
}