{
  "f1": 0.3333333333333333,
  "roc_auc": 0.6767676767676767,
  "pr_auc": 0.21014492753623187
}