{
  "f1": 0.5454545454545454,
  "roc_auc": 0.765625,
  "pr_auc": 0.5582922824302134
}