{
  "f1": 0.5882352941176471,
  "roc_auc": 0.8774193548387097,
  "pr_auc": 0.45793650793650786
}