{
  "f1": 0.375,
  "roc_auc": 0.7935483870967742,
  "pr_auc": 0.3215384615384615
}