{
  "f1": 0.5333333333333333,
  "roc_auc": 0.7888888888888889,
  "pr_auc": 0.5283882783882784
}