{
  "f1": 0.5454545454545454,
  "roc_auc": 0.7109375,
  "pr_auc": 0.2749589490968801
}