{
  "f1": 0.7,
  "roc_auc": 0.9556650246305419,
  "pr_auc": 0.8559523809523808
}