{
  "f1": 0.625,
  "roc_auc": 0.9055555555555557,
  "pr_auc": 0.6785714285714285
}