{
  "f1": 0.47619047619047616,
  "roc_auc": 0.7833333333333333,
  "pr_auc": 0.4441530691530692
}