{
  "f1": 0.7142857142857143,
  "roc_auc": 0.8571428571428572,
  "pr_auc": 0.8084485407066051
}