{
  "f1": 0.2,
  "roc_auc": 0.6911764705882353,
  "pr_auc": 0.13025210084033612
}