{
  "f1": 0.15384615384615385,
  "roc_auc": 0.9714285714285714,
  "pr_auc": 0.5
}