{
  "f1": 0.18181818181818182,
  "roc_auc": 0.823529411764706,
  "pr_auc": 0.3269230769230769
}