{
  "f1": 0.4,
  "roc_auc": 0.828125,
  "pr_auc": 0.6276315789473684
}