{
  "f1": 0.16666666666666666,
  "roc_auc": 0.7794117647058822,
  "pr_auc": 0.19642857142857142
}