{
  "f1": 0.26666666666666666,
  "roc_auc": 0.7265625,
  "pr_auc": 0.24509189640768586
}