{
  "f1": 0.0,
  "roc_auc": 0.7272727272727272,
  "pr_auc": 0.1805166511048864
}