{
  "f1": 0.8571428571428571,
  "roc_auc": 0.8289473684210527,
  "pr_auc": 0.8088235294117647
}