{
  "f1": 0.2857142857142857,
  "roc_auc": 0.5666666666666667,
  "pr_auc": 0.43160427807486634
}