{
  "f1": 0.4444444444444444,
  "roc_auc": 0.7647058823529412,
  "pr_auc": 0.5908249158249158
}