{
  "f1": 0.0,
  "roc_auc": 0.42857142857142855,
  "pr_auc": 0.10833333333333334
}