{
  "f1": 0.5,
  "roc_auc": 0.8484848484848484,
  "pr_auc": 0.7222222222222222
}