{
  "f1": 0.5714285714285714,
  "roc_auc": 0.7277777777777779,
  "pr_auc": 0.3916256157635467
}