{
  "f1": 0.3076923076923077,
  "roc_auc": 0.4821428571428571,
  "pr_auc": 0.26707366408336236
}