{
  "f1": 0.5555555555555556,
  "roc_auc": 0.7633928571428572,
  "pr_auc": 0.5762273627617431
}