{
  "f1": 0.4,
  "roc_auc": 0.640625,
  "pr_auc": 0.5718954248366013
}