{
  "f1": 0.18181818181818182,
  "roc_auc": 0.4848484848484848,
  "pr_auc": 0.14632936507936506
}