{
  "f1": 0.26666666666666666,
  "roc_auc": 0.5221674876847291,
  "pr_auc": 0.4469863469863469
}