{
  "f1": 0.42857142857142855,
  "roc_auc": 0.6919642857142857,
  "pr_auc": 0.575167326546003
}