{
  "f1": 0.3076923076923077,
  "roc_auc": 0.5277777777777777,
  "pr_auc": 0.2700892857142857
}