{
  "f1": 0.36363636363636365,
  "roc_auc": 0.703125,
  "pr_auc": 0.38269230769230766
}