{
  "f1": 0.0,
  "roc_auc": 0.3232323232323232,
  "pr_auc": 0.08071895424836602
}