{
  "f1": 0.2222222222222222,
  "roc_auc": 0.7272727272727273,
  "pr_auc": 0.2212166918049271
}