{
  "f1": 0.46153846153846156,
  "roc_auc": 0.7277777777777779,
  "pr_auc": 0.5287532515793385
}