{
  "f1": 0.42857142857142855,
  "roc_auc": 0.7421875,
  "pr_auc": 0.337797619047619
}