{
  "f1": 0.5882352941176471,
  "roc_auc": 0.7881773399014779,
  "pr_auc": 0.6132533715240482
}