{
  "f1": 0.6,
  "roc_auc": 0.7611111111111112,
  "pr_auc": 0.47267720306513406
}