{
  "f1": 0.15384615384615385,
  "roc_auc": 0.5073891625615763,
  "pr_auc": 0.3316485485840325
}