{
  "f1": 0.4444444444444444,
  "roc_auc": 0.7055555555555556,
  "pr_auc": 0.43379629629629624
}