{
  "f1": 0.47058823529411764,
  "roc_auc": 0.7586206896551724,
  "pr_auc": 0.5894132653061224
}