{
  "f1": 0.36363636363636365,
  "roc_auc": 0.503225806451613,
  "pr_auc": 0.41505050505050506
}