{
  "f1": 0.46153846153846156,
  "roc_auc": 0.6387096774193548,
  "pr_auc": 0.6553639846743295
}