{
  "f1": 0.47058823529411764,
  "roc_auc": 0.7888888888888889,
  "pr_auc": 0.5466374269005848
}