{
  "f1": 0.375,
  "roc_auc": 0.6967741935483871,
  "pr_auc": 0.3444862155388471
}