{
  "f1": 0.375,
  "roc_auc": 0.6611111111111111,
  "pr_auc": 0.27719421101774044
}