{
  "f1": 0.36363636363636365,
  "roc_auc": 0.6666666666666666,
  "pr_auc": 0.25555555555555554
}