{
  "f1": 0.4,
  "roc_auc": 0.7806451612903226,
  "pr_auc": 0.29784798534798534
}