{
  "f1": 0.47058823529411764,
  "roc_auc": 0.6650246305418719,
  "pr_auc": 0.5176046176046176
}