{
  "f1": 0.4,
  "roc_auc": 0.5777777777777777,
  "pr_auc": 0.30049283154121864
}