{
  "f1": 0.3333333333333333,
  "roc_auc": 0.5763546798029556,
  "pr_auc": 0.42276077097505665
}