{
  "f1": 0.5263157894736842,
  "roc_auc": 0.8125,
  "pr_auc": 0.6578802733214497
}