{
  "f1": 0.3076923076923077,
  "roc_auc": 0.5234375,
  "pr_auc": 0.19808429118773946
}