{
  "f1": 0.3333333333333333,
  "roc_auc": 0.6193548387096774,
  "pr_auc": 0.21063492063492062
}