{
  "f1": 0.6,
  "roc_auc": 0.5925925925925926,
  "pr_auc": 0.6268037518037518
}