{
  "f1": 0.5,
  "roc_auc": 0.4605263157894737,
  "pr_auc": 0.3275691699604743
}