{
  "f1": 0.5333333333333333,
  "roc_auc": 0.703125,
  "pr_auc": 0.6540922619047619
}