{
  "f1": 0.25,
  "roc_auc": 0.34210526315789475,
  "pr_auc": 0.1809782608695652
}