{
  "mean": 0.48568400225390396,
  "std": 0.09348782349047544,
  "dist": [
    0.6046511627906976,
    0.3529411764705882,
    0.5238095238095238,
    0.4,
    0.5777777777777777,
    0.5454545454545454,
    0.4888888888888889,
    0.4102564102564102,
    0.5238095238095238,
    0.4782608695652174,
    0.4878048780487805,
    0.3902439024390244,
    0.6666666666666666,
    0.3829787234042553,
    0.5416666666666666,
    0.4444444444444444,
    0.3888888888888889,
    0.5106382978723404,
    0.5116279069767442,
    0.5555555555555556,
    0.4,
    0.6530612244897959,
    0.4651162790697674,
    0.5333333333333333,
    0.3636363636363636,
    0.6274509803921569,
    0.45,
    0.4761904761904761,
    0.4782608695652174,
    0.3783783783783784,
    0.6190476190476191,
    0.4782608695652174,
    0.4736842105263157,
    0.3684210526315789,
    0.5,
    0.4444444444444444,
    0.3684210526315789,
    0.631578947368421,
    0.6153846153846154,
    0.3720930232558139,
    0.4571428571428571,
    0.5,
    0.4782608695652174,
    0.5769230769230769,
    0.4102564102564102,
    0.5,
    0.4186046511627907,
    0.2580645161290322,
    0.52,
    0.6818181818181818
  ]
}