{
  "t_test": {
    "t_stat": -0.22686145617971956,
    "p_value": 0.8214752857114175
  },
  "wilcoxon": {
    "w_stat": 587.0,
    "p_value": 0.7997613193323498
  }
}