{
  "f1": 0.5405405405405406,
  "roc_auc": 0.7153996101364523,
  "pr_auc": 0.5238930762054845
}