{
  "f1": 0.6842105263157895,
  "roc_auc": 0.8167641325536064,
  "pr_auc": 0.7706555289717834
}