{
  "f1": 0.6666666666666666,
  "roc_auc": 0.8911637931034483,
  "pr_auc": 0.785180969739242
}