{
  "f1": 0.45454545454545453,
  "roc_auc": 0.7589743589743589,
  "pr_auc": 0.5736874876811984
}