{
  "f1": 0.7441860465116279,
  "roc_auc": 0.8909090909090909,
  "pr_auc": 0.7125670997208393
}