{
  "f1": 0.5142857142857142,
  "roc_auc": 0.8200992555831266,
  "pr_auc": 0.5656917782857632
}