{
  "f1": 0.6511627906976745,
  "roc_auc": 0.7398589065255733,
  "pr_auc": 0.6532410410261027
}