{
  "f1": 0.5,
  "roc_auc": 0.8209331651954603,
  "pr_auc": 0.4335713972709248
}