{
  "f1": 0.4117647058823529,
  "roc_auc": 0.7357320099255583,
  "pr_auc": 0.31411620116984107
}