{
  "f1": 0.5142857142857142,
  "roc_auc": 0.7611241217798594,
  "pr_auc": 0.39058523409363743
}