{
  "f1": 0.3333333333333333,
  "roc_auc": 0.6935483870967742,
  "pr_auc": 0.3667694782407291
}