{
  "f1": 0.3783783783783784,
  "roc_auc": 0.702576112412178,
  "pr_auc": 0.3708144721167742
}