{
  "f1": 0.5238095238095238,
  "roc_auc": 0.7747844827586208,
  "pr_auc": 0.4292934854537821
}