{
  "f1": 0.3333333333333333,
  "roc_auc": 0.6637717121588089,
  "pr_auc": 0.4527755585861797
}