{
  "f1": 0.45,
  "roc_auc": 0.7903225806451614,
  "pr_auc": 0.4132571348538704
}