{
  "f1": 0.15384615384615385,
  "roc_auc": 0.7575757575757576,
  "pr_auc": 0.2846153846153846
}