{
  "f1": 0.2857142857142857,
  "roc_auc": 0.8,
  "pr_auc": 0.5667023172905525
}