{
  "f1": 0.3076923076923077,
  "roc_auc": 0.8125,
  "pr_auc": 0.5327380952380952
}