{
  "f1": 0.36363636363636365,
  "roc_auc": 0.8709677419354839,
  "pr_auc": 0.6227272727272728
}