{
  "f1": 0.18181818181818182,
  "roc_auc": 0.7794117647058822,
  "pr_auc": 0.19642857142857142
}