{
  "f1": 0.13333333333333333,
  "roc_auc": 0.671875,
  "pr_auc": 0.21909722222222222
}