{
  "f1": 0.11764705882352941,
  "roc_auc": 0.7205882352941176,
  "pr_auc": 0.3
}