{
  "f1": 0.3076923076923077,
  "roc_auc": 0.7578125,
  "pr_auc": 0.3958333333333333
}