{
  "f1": 0.26666666666666666,
  "roc_auc": 0.7354838709677419,
  "pr_auc": 0.5366909305528231
}