{
  "f1": 0.3333333333333333,
  "roc_auc": 0.765625,
  "pr_auc": 0.3326923076923077
}