{
  "f1": 0.2857142857142857,
  "roc_auc": 0.8787878787878788,
  "pr_auc": 0.5285714285714286
}