{
  "f1": 0.4,
  "roc_auc": 0.8984375,
  "pr_auc": 0.550595238095238
}