{
  "f1": 0.14285714285714285,
  "roc_auc": 0.7647058823529411,
  "pr_auc": 0.5555555555555556
}