{
  "f1": 0.16666666666666666,
  "roc_auc": 0.7109375,
  "pr_auc": 0.23648018648018648
}