{
  "f1": 0.18181818181818182,
  "roc_auc": 0.7070707070707071,
  "pr_auc": 0.2698412698412698
}