{
  "f1": 0.0,
  "roc_auc": 0.578125,
  "pr_auc": 0.1482142857142857
}