{
  "f1": 0.26666666666666666,
  "roc_auc": 0.734375,
  "pr_auc": 0.4452380952380952
}