{
  "f1": 0.36363636363636365,
  "roc_auc": 0.898989898989899,
  "pr_auc": 0.6388888888888888
}