{
  "f1": 0.4,
  "roc_auc": 0.859375,
  "pr_auc": 0.39999999999999997
}