{
  "f1": 0.13333333333333333,
  "roc_auc": 0.7171717171717171,
  "pr_auc": 0.21755368814192344
}