{
  "f1": 0.0,
  "roc_auc": 0.4411764705882353,
  "pr_auc": 0.07179487179487179
}