{
  "f1": 0.15384615384615385,
  "roc_auc": 0.7265625,
  "pr_auc": 0.27953296703296704
}