{
  "f1": 0.0,
  "roc_auc": 0.7474747474747475,
  "pr_auc": 0.18703703703703706
}