{
  "f1": 0.5454545454545454,
  "roc_auc": 0.9292929292929293,
  "pr_auc": 0.6095238095238096
}