{
  "f1": 0.25,
  "roc_auc": 0.8080808080808081,
  "pr_auc": 0.47916666666666663
}