{
  "f1": 0.2222222222222222,
  "roc_auc": 0.7647058823529411,
  "pr_auc": 0.5555555555555556
}