{
  "f1": 0.3333333333333333,
  "roc_auc": 0.7777777777777777,
  "pr_auc": 0.49206349206349204
}