{
  "f1": 0.2857142857142857,
  "roc_auc": 0.7373737373737372,
  "pr_auc": 0.20276292335115864
}