{
  "f1": 0.16666666666666666,
  "roc_auc": 0.7474747474747474,
  "pr_auc": 0.20882352941176469
}