{
  "f1": 0.35294117647058826,
  "roc_auc": 0.7142857142857143,
  "pr_auc": 0.3396716378859236
}