{
  "f1": 0.2857142857142857,
  "roc_auc": 0.6384180790960452,
  "pr_auc": 0.21968929415737926
}