{
  "f1": 0.125,
  "roc_auc": 0.6279761904761905,
  "pr_auc": 0.15794314904222023
}