{
  "f1": 0.3,
  "roc_auc": 0.5769230769230769,
  "pr_auc": 0.250391852770885
}