{
  "f1": 0.35294117647058826,
  "roc_auc": 0.7295918367346939,
  "pr_auc": 0.29079449961802906
}