{
  "f1": 0.0,
  "roc_auc": 0.5833333333333333,
  "pr_auc": 0.12275566976035196
}