{
  "f1": 0.36363636363636365,
  "roc_auc": 0.7245762711864406,
  "pr_auc": 0.20840175150519974
}