{
  "f1": 0.36363636363636365,
  "roc_auc": 0.7870129870129869,
  "pr_auc": 0.4246547103689961
}