{
  "f1": 0.23529411764705882,
  "roc_auc": 0.6384615384615384,
  "pr_auc": 0.3065150433079846
}