{
  "f1": 0.4,
  "roc_auc": 0.7090909090909091,
  "pr_auc": 0.31539571926331506
}