{
  "f1": 0.3076923076923077,
  "roc_auc": 0.9322033898305084,
  "pr_auc": 0.5769230769230769
}