{
  "f1": 0.35294117647058826,
  "roc_auc": 0.5532467532467532,
  "pr_auc": 0.2081365563705727
}