{
  "f1": 0.4444444444444444,
  "roc_auc": 0.7400468384074941,
  "pr_auc": 0.33365717969415654
}