{
  "f1": 0.4090909090909091,
  "roc_auc": 0.680952380952381,
  "pr_auc": 0.4619936700722018
}