{
  "f1": 0.42105263157894735,
  "roc_auc": 0.7452711223203027,
  "pr_auc": 0.4871872477804681
}