{
  "f1": 0.5365853658536586,
  "roc_auc": 0.7141382868937048,
  "pr_auc": 0.5418036650428204
}