{
  "f1": 0.40816326530612246,
  "roc_auc": 0.6875,
  "pr_auc": 0.45786560408441807
}