{
  "f1": 0.5,
  "roc_auc": 0.7451499118165785,
  "pr_auc": 0.5862653848423374
}