{
  "f1": 0.43243243243243246,
  "roc_auc": 0.6744421906693712,
  "pr_auc": 0.49314736065442377
}