{
  "f1": 0.3076923076923077,
  "roc_auc": 0.583076923076923,
  "pr_auc": 0.28574645350176897
}