{
  "f1": 0.3333333333333333,
  "roc_auc": 0.5270935960591133,
  "pr_auc": 0.4537774053903086
}