{
  "f1": 0.18181818181818182,
  "roc_auc": 0.5703125,
  "pr_auc": 0.1746031746031746
}