{
  "f1": 0.625,
  "roc_auc": 0.967741935483871,
  "pr_auc": 0.7861904761904761
}