{
  "f1": 0.42857142857142855,
  "roc_auc": 0.7806451612903225,
  "pr_auc": 0.3137606837606838
}