{
  "f1": 0.6,
  "roc_auc": 0.7222222222222223,
  "pr_auc": 0.4602737905369484
}