{
  "f1": 0.0,
  "roc_auc": 0.4343434343434343,
  "pr_auc": 0.10183150183150183
}