{
  "f1": 0.46153846153846156,
  "roc_auc": 0.7109375,
  "pr_auc": 0.2648809523809524
}