{
  "f1": 0.5333333333333333,
  "roc_auc": 0.8666666666666666,
  "pr_auc": 0.6143790849673203
}