{
  "f1": 0.5,
  "roc_auc": 0.59375,
  "pr_auc": 0.27558479532163743
}