{
  "f1": 0.4,
  "roc_auc": 0.618421052631579,
  "pr_auc": 0.5198135198135199
}