{
  "f1": 0.3333333333333333,
  "roc_auc": 0.7380952380952381,
  "pr_auc": 0.5769230769230769
}