{
  "f1": 0.4,
  "roc_auc": 0.4605263157894737,
  "pr_auc": 0.3041925465838509
}