{
  "f1": 0.4,
  "roc_auc": 0.6388888888888888,
  "pr_auc": 0.5681501734133313
}