{
  "f1": 0.5,
  "roc_auc": 0.7333333333333333,
  "pr_auc": 0.6111111111111112
}