{
  "f1": 0.4444444444444444,
  "roc_auc": 0.6973684210526316,
  "pr_auc": 0.5368589743589743
}