{
  "f1": 0.5714285714285714,
  "roc_auc": 0.8500000000000001,
  "pr_auc": 0.75
}