{
  "f1": 0.25,
  "roc_auc": 0.6666666666666666,
  "pr_auc": 0.4666666666666667
}