{
  "f1": 0.6666666666666666,
  "roc_auc": 0.8095238095238095,
  "pr_auc": 0.626984126984127
}