{
  "f1": 0.5454545454545454,
  "roc_auc": 0.7222222222222223,
  "pr_auc": 0.6843434343434344
}