{
  "f1": 0.5333333333333333,
  "roc_auc": 0.7156862745098039,
  "pr_auc": 0.727807486631016
}