{
  "f1": 0.75,
  "roc_auc": 0.8157894736842105,
  "pr_auc": 0.8055555555555556
}