{
  "f1": 0.7272727272727273,
  "roc_auc": 0.8421052631578948,
  "pr_auc": 0.8500000000000001
}