{
  "f1": 0.5714285714285714,
  "roc_auc": 0.6339285714285714,
  "pr_auc": 0.5862708719851577
}