{
  "f1": 0.5454545454545454,
  "roc_auc": 0.6176470588235293,
  "pr_auc": 0.5565656565656566
}