{
  "f1": 0.2,
  "roc_auc": 0.4444444444444444,
  "pr_auc": 0.3799422799422799
}