{
  "f1": 0.75,
  "roc_auc": 0.9607843137254901,
  "pr_auc": 0.8972222222222221
}