{
  "f1": 0.5714285714285714,
  "roc_auc": 0.6833333333333333,
  "pr_auc": 0.7121212121212122
}