{
  "f1": 0.2222222222222222,
  "roc_auc": 0.47619047619047616,
  "pr_auc": 0.4226190476190476
}