{
  "f1": 0.2222222222222222,
  "roc_auc": 0.4605263157894737,
  "pr_auc": 0.3954519450800915
}