{
  "f1": 0.3333333333333333,
  "roc_auc": 0.5394736842105263,
  "pr_auc": 0.3403532608695652
}