{
  "f1": 0.4444444444444444,
  "roc_auc": 0.7105263157894737,
  "pr_auc": 0.6202380952380953
}