{
  "mean": 0.3375173062231886,
  "std": 0.18121689288279857,
  "dist": [
    0.0,
    0.4615384615384615,
    0.4705882352941176,
    0.4,
    0.3636363636363636,
    0.375,
    0.2857142857142857,
    0.2222222222222222,
    0.5714285714285714,
    0.25,
    0.4,
    0.2222222222222222,
    0.5333333333333333,
    0.2857142857142857,
    0.3076923076923077,
    0.2222222222222222,
    0.4705882352941176,
    0.0,
    0.375,
    0.4615384615384615,
    0.5,
    0.5,
    0.25,
    0.0,
    0.5,
    0.1538461538461538,
    0.4615384615384615,
    0.6666666666666666,
    0.2857142857142857,
    0.0,
    0.1666666666666666,
    0.5882352941176471,
    0.4,
    0.4615384615384615,
    0.0,
    0.6153846153846154,
    0.4,
    0.1666666666666666,
    0.1666666666666666,
    0.4444444444444444,
    0.2666666666666666,
    0.5,
    0.2857142857142857,
    0.25,
    0.5,
    0.0,
    0.5454545454545454,
    0.4,
    0.1666666666666666,
    0.5555555555555556
  ]
}