{
  "t_test": {
    "t_stat": 1.98967597400961,
    "p_value": 0.05222276324024252
  },
  "wilcoxon": {
    "w_stat": 324.0,
    "p_value": 0.16753535201391057
  }
}