{
  "mean": 0.3100837757014227,
  "std": 0.19573618781719757,
  "dist": [
    0.0,
    0.5454545454545454,
    0.5,
    0.25,
    0.3333333333333333,
    0.3636363636363636,
    0.3333333333333333,
    0.0,
    0.5714285714285714,
    0.2857142857142857,
    0.4444444444444444,
    0.25,
    0.4,
    0.3636363636363636,
    0.2,
    0.0,
    0.5,
    0.0,
    0.3333333333333333,
    0.5,
    0.2,
    0.5,
    0.2857142857142857,
    0.0,
    0.5714285714285714,
    0.1818181818181818,
    0.4,
    0.625,
    0.1666666666666666,
    0.0,
    0.1333333333333333,
    0.5333333333333333,
    0.5714285714285714,
    0.4444444444444444,
    0.0,
    0.5714285714285714,
    0.3076923076923077,
    0.1818181818181818,
    0.0,
    0.5,
    0.3333333333333333,
    0.5,
    0.1818181818181818,
    0.2857142857142857,
    0.4,
    0.0,
    0.2222222222222222,
    0.4444444444444444,
    0.2,
    0.5882352941176471
  ]
}