{
  "f1": 0.3333333333333333,
  "roc_auc": 0.7777777777777778,
  "pr_auc": 0.27485380116959063
}