{
  "f1": 0.2857142857142857,
  "roc_auc": 0.8823529411764707,
  "pr_auc": 0.3611111111111111
}