{
  "f1": 0.3333333333333333,
  "roc_auc": 0.6484375,
  "pr_auc": 0.4864247311827957
}