{
  "f1": 0.0,
  "roc_auc": 0.02857142857142858,
  "pr_auc": 0.02857142857142857
}