{
  "f1": 0.2222222222222222,
  "roc_auc": 0.5252525252525253,
  "pr_auc": 0.3968015992003998
}