{
  "f1": 0.16666666666666666,
  "roc_auc": 0.45089285714285715,
  "pr_auc": 0.2530786469934543
}