{
  "f1": 0.7142857142857143,
  "roc_auc": 0.9870967741935485,
  "pr_auc": 0.9428571428571428
}