{
  "f1": 0.4444444444444444,
  "roc_auc": 0.7666666666666667,
  "pr_auc": 0.6183862433862434
}