{
  "f1": 0.4444444444444444,
  "roc_auc": 0.6774193548387096,
  "pr_auc": 0.3651529790660225
}