{
  "f1": 0.16666666666666666,
  "roc_auc": 0.6,
  "pr_auc": 0.2663690476190476
}