{
  "f1": 0.16666666666666666,
  "roc_auc": 0.4921875,
  "pr_auc": 0.3478641456582633
}