{
  "f1": 0.36363636363636365,
  "roc_auc": 0.6888888888888889,
  "pr_auc": 0.3957671957671957
}