{
  "f1": 0.18181818181818182,
  "roc_auc": 0.5369458128078818,
  "pr_auc": 0.36743568395099974
}