{
  "f1": 0.5454545454545454,
  "roc_auc": 0.7096774193548387,
  "pr_auc": 0.6664827586206896
}