{
  "f1": 0.36363636363636365,
  "roc_auc": 0.6055555555555556,
  "pr_auc": 0.3354382332643202
}