{
  "f1": 0.2,
  "roc_auc": 0.5833333333333333,
  "pr_auc": 0.2647697555743533
}