{
  "f1": 0.5714285714285714,
  "roc_auc": 0.7536945812807881,
  "pr_auc": 0.6099659863945578
}