{
  "f1": 0.5333333333333333,
  "roc_auc": 0.7633928571428572,
  "pr_auc": 0.5634403036576949
}