{
  "f1": 0.36363636363636365,
  "roc_auc": 0.5517241379310345,
  "pr_auc": 0.46136682934043177
}