{
  "f1": 0.0,
  "roc_auc": 0.29292929292929293,
  "pr_auc": 0.07633477633477634
}