{
  "f1": 0.42857142857142855,
  "roc_auc": 0.625,
  "pr_auc": 0.5405680973615756
}