{
  "f1": 0.46153846153846156,
  "roc_auc": 0.7111111111111111,
  "pr_auc": 0.5484126984126984
}