{
  "f1": 0.36363636363636365,
  "roc_auc": 0.5763546798029556,
  "pr_auc": 0.4688423645320197
}