{
  "f1": 0.2222222222222222,
  "roc_auc": 0.6064516129032258,
  "pr_auc": 0.27181964573268924
}