{
  "f1": 0.0,
  "roc_auc": 0.2424242424242424,
  "pr_auc": 0.07191358024691358
}