{
  "f1": 0.18181818181818182,
  "roc_auc": 0.5858585858585859,
  "pr_auc": 0.2525252525252525
}