{
  "f1": 0.5,
  "roc_auc": 0.9411764705882353,
  "pr_auc": 0.41666666666666663
}