{
  "f1": 0.4,
  "roc_auc": 0.832258064516129,
  "pr_auc": 0.6050125313283208
}