{
  "f1": 0.46153846153846156,
  "roc_auc": 0.7733990147783252,
  "pr_auc": 0.6543839758125471
}