{
  "f1": 0.5,
  "roc_auc": 0.7578125,
  "pr_auc": 0.5976923076923077
}