{
  "f1": 0.26666666666666666,
  "roc_auc": 0.5833333333333334,
  "pr_auc": 0.2787655369007944
}