{
  "f1": 0.4444444444444444,
  "roc_auc": 0.5096774193548388,
  "pr_auc": 0.4812728428412522
}