{
  "f1": 0.35294117647058826,
  "roc_auc": 0.7419354838709677,
  "pr_auc": 0.41593073593073593
}