{
  "f1": 0.0,
  "roc_auc": 0.5147058823529412,
  "pr_auc": 0.09821428571428571
}