{
  "f1": 0.2857142857142857,
  "roc_auc": 0.6161616161616161,
  "pr_auc": 0.2595307917888563
}