{
  "f1": 0.36363636363636365,
  "roc_auc": 0.9225806451612903,
  "pr_auc": 0.6968253968253968
}