{
  "f1": 0.16666666666666666,
  "roc_auc": 0.7205882352941176,
  "pr_auc": 0.5476190476190477
}