{
  "f1": 0.2222222222222222,
  "roc_auc": 0.5859375,
  "pr_auc": 0.15238095238095237
}