{
  "f1": 0.15384615384615385,
  "roc_auc": 0.5859375,
  "pr_auc": 0.24128787878787877
}