{
  "f1": 0.42857142857142855,
  "roc_auc": 0.8451612903225806,
  "pr_auc": 0.5546031746031745
}