{
  "f1": 0.2857142857142857,
  "roc_auc": 0.6262626262626263,
  "pr_auc": 0.2111111111111111
}