{
  "f1": 0.16666666666666666,
  "roc_auc": 0.8529411764705883,
  "pr_auc": 0.34090909090909094
}