{
  "f1": 0.7272727272727273,
  "roc_auc": 0.9609375,
  "pr_auc": 0.6458333333333333
}