{
  "f1": 0.14285714285714285,
  "roc_auc": 0.75,
  "pr_auc": 0.22549019607843135
}