{
  "f1": 0.23529411764705882,
  "roc_auc": 0.6387096774193548,
  "pr_auc": 0.44710081585081585
}