{
  "f1": 0.35294117647058826,
  "roc_auc": 0.859375,
  "pr_auc": 0.42083333333333334
}