{
  "f1": 0.15384615384615385,
  "roc_auc": 0.4117647058823529,
  "pr_auc": 0.0803030303030303
}