{
  "f1": 0.3076923076923077,
  "roc_auc": 0.734375,
  "pr_auc": 0.4011494252873563
}