{
  "f1": 0.14285714285714285,
  "roc_auc": 0.9714285714285714,
  "pr_auc": 0.5
}