{
  "f1": 0.14285714285714285,
  "roc_auc": 0.707070707070707,
  "pr_auc": 0.4343434343434343
}