{
  "f1": 0.375,
  "roc_auc": 0.890625,
  "pr_auc": 0.4935897435897436
}