{
  "f1": 0.13333333333333333,
  "roc_auc": 0.6953125,
  "pr_auc": 0.3892857142857143
}