{
  "mean": 0.525206240955467,
  "std": 0.16127407078939704,
  "dist": [
    0.6666666666666666,
    0.4615384615384615,
    0.75,
    0.3333333333333333,
    0.3636363636363636,
    0.6153846153846154,
    0.5882352941176471,
    0.5,
    0.2,
    0.7142857142857143,
    0.3333333333333333,
    0.8235294117647058,
    0.5,
    0.625,
    0.3076923076923077,
    0.6363636363636364,
    0.6153846153846154,
    0.5333333333333333,
    0.5714285714285714,
    0.3076923076923077,
    0.5333333333333333,
    0.5454545454545454,
    0.4,
    0.631578947368421,
    0.5333333333333333,
    0.7692307692307693,
    0.631578947368421,
    0.2,
    0.5,
    0.5,
    0.625,
    0.5,
    0.4615384615384615,
    0.5714285714285714,
    0.5454545454545454,
    0.6,
    0.5714285714285714,
    0.4,
    0.25,
    0.7692307692307693,
    0.5714285714285714,
    0.5333333333333333,
    0.5882352941176471,
    0.6666666666666666,
    0.2222222222222222,
    0.5333333333333333,
    0.5882352941176471,
    0.5714285714285714,
    0.1666666666666666,
    0.8333333333333334
  ]
}