{
  "t_test": {
    "t_stat": 1.5112453255187643,
    "p_value": 0.13714874449934555
  },
  "wilcoxon": {
    "w_stat": 348.0,
    "p_value": 0.022264424011502644
  }
}