{
  "f1": 0.2,
  "roc_auc": 0.471938775510204,
  "pr_auc": 0.22477537380867132
}