{
  "f1": 0.2727272727272727,
  "roc_auc": 0.7142857142857143,
  "pr_auc": 0.32974101921470345
}