{
  "f1": 0.125,
  "roc_auc": 0.6652542372881355,
  "pr_auc": 0.20833333333333334
}