{
  "f1": 0.3076923076923077,
  "roc_auc": 0.9166666666666667,
  "pr_auc": 0.2972582972582972
}