{
  "f1": 0.4444444444444444,
  "roc_auc": 0.7037037037037037,
  "pr_auc": 0.4395348958109951
}