{
  "f1": 0.46153846153846156,
  "roc_auc": 0.7629310344827586,
  "pr_auc": 0.49702380952380953
}