{
  "f1": 0.25,
  "roc_auc": 0.8793103448275862,
  "pr_auc": 0.43273809523809526
}