{
  "f1": 0.48,
  "roc_auc": 0.8218029350104822,
  "pr_auc": 0.5027328027328027
}