{
  "f1": 0.35294117647058826,
  "roc_auc": 0.9378531073446328,
  "pr_auc": 0.38690476190476186
}