{
  "f1": 0.25,
  "roc_auc": 0.6423076923076922,
  "pr_auc": 0.3293379993277714
}