{
  "f1": 0.2857142857142857,
  "roc_auc": 0.6815476190476191,
  "pr_auc": 0.21512896825396824
}