{
  "f1": 0.4444444444444444,
  "roc_auc": 0.8493506493506493,
  "pr_auc": 0.685342041325814
}