{
  "f1": 0.16666666666666666,
  "roc_auc": 0.5646551724137931,
  "pr_auc": 0.14311315924219148
}