{
  "f1": 0.18181818181818182,
  "roc_auc": 0.5298245614035088,
  "pr_auc": 0.30227033660589064
}