{
  "f1": 0.3333333333333333,
  "roc_auc": 0.903954802259887,
  "pr_auc": 0.2574074074074074
}