{
  "f1": 0.3333333333333333,
  "roc_auc": 0.601190476190476,
  "pr_auc": 0.23299411162314387
}