{
  "f1": 0.4,
  "roc_auc": 0.7946428571428571,
  "pr_auc": 0.5698877068557919
}