{
  "f1": 0.23529411764705882,
  "roc_auc": 0.6398809523809523,
  "pr_auc": 0.19610626462631423
}