{
  "f1": 0.2857142857142857,
  "roc_auc": 0.8285714285714285,
  "pr_auc": 0.576845238095238
}