{
  "f1": 0.3333333333333333,
  "roc_auc": 0.8290816326530612,
  "pr_auc": 0.44673382173382176
}