{
  "f1": 0.5,
  "roc_auc": 0.8385964912280701,
  "pr_auc": 0.3379723502304147
}