{
  "f1": 0.4,
  "roc_auc": 0.6701754385964912,
  "pr_auc": 0.3460273466371027
}