{
  "f1": 0.125,
  "roc_auc": 0.6726190476190476,
  "pr_auc": 0.1560322393655727
}