{
  "f1": 0.2727272727272727,
  "roc_auc": 0.7066326530612245,
  "pr_auc": 0.31656963725929244
}