{
  "f1": 0.3157894736842105,
  "roc_auc": 0.6388888888888888,
  "pr_auc": 0.26679854544680126
}