{
  "f1": 0.3333333333333333,
  "roc_auc": 0.710344827586207,
  "pr_auc": 0.2101917130488559
}