{
  "f1": 0.26666666666666666,
  "roc_auc": 0.6350877192982456,
  "pr_auc": 0.3027969348659004
}