{
  "f1": 0.2,
  "roc_auc": 0.7857142857142857,
  "pr_auc": 0.26478578892371996
}