{
  "f1": 0.2727272727272727,
  "roc_auc": 0.5714285714285715,
  "pr_auc": 0.20532879818594102
}