{
  "f1": 0.2,
  "roc_auc": 0.5480225988700566,
  "pr_auc": 0.11507936507936509
}