{
  "f1": 0.36363636363636365,
  "roc_auc": 0.5922077922077922,
  "pr_auc": 0.586991109100314
}