{
  "f1": 0.32,
  "roc_auc": 0.6131907308377895,
  "pr_auc": 0.4381613197642399
}