{
  "f1": 0.2,
  "roc_auc": 0.6311688311688313,
  "pr_auc": 0.20781080883654124
}