{
  "f1": 0.38095238095238093,
  "roc_auc": 0.648076923076923,
  "pr_auc": 0.4236066452345153
}