{
  "f1": 0.47058823529411764,
  "roc_auc": 0.7886904761904763,
  "pr_auc": 0.7198477032670105
}