{
  "f1": 0.25,
  "roc_auc": 0.7261904761904763,
  "pr_auc": 0.2731280861351855
}