{
  "f1": 0.375,
  "roc_auc": 0.7428571428571428,
  "pr_auc": 0.3810359231411863
}