{
  "f1": 0.2727272727272727,
  "roc_auc": 0.6576923076923078,
  "pr_auc": 0.427379600704874
}