{
  "f1": 0.375,
  "roc_auc": 0.9051724137931034,
  "pr_auc": 0.3547619047619047
}