{
  "f1": 0.23529411764705882,
  "roc_auc": 0.6810344827586208,
  "pr_auc": 0.17708333333333331
}