{
  "f1": 0.2222222222222222,
  "roc_auc": 0.5819209039548022,
  "pr_auc": 0.12446236559139785
}