{
  "f1": 0.18181818181818182,
  "roc_auc": 0.6620689655172414,
  "pr_auc": 0.4061224489795918
}