{
  "f1": 0.23529411764705882,
  "roc_auc": 0.7629310344827586,
  "pr_auc": 0.2102272727272727
}