{
  "f1": 0.45454545454545453,
  "roc_auc": 0.8384615384615385,
  "pr_auc": 0.5697588881706528
}