{
  "t_test": {
    "t_stat": 0.8967870861793618,
    "p_value": 0.3742175305453054
  },
  "wilcoxon": {
    "w_stat": 301.0,
    "p_value": 0.31344129938945164
  }
}