{
  "f1": 0.5581395348837209,
  "roc_auc": 0.8576271186440679,
  "pr_auc": 0.6896432519519111
}