{
  "f1": 0.65,
  "roc_auc": 0.8879310344827586,
  "pr_auc": 0.7746083838446962
}