{
  "f1": 0.4186046511627907,
  "roc_auc": 0.6970338983050848,
  "pr_auc": 0.46784906648975666
}