{
  "f1": 0.41379310344827586,
  "roc_auc": 0.8249158249158248,
  "pr_auc": 0.5061459151317944
}