{
  "f1": 0.5263157894736842,
  "roc_auc": 0.815889029003783,
  "pr_auc": 0.5736788640575434
}