{
  "f1": 0.45,
  "roc_auc": 0.6892857142857144,
  "pr_auc": 0.4261458583893192
}