{
  "f1": 0.4878048780487805,
  "roc_auc": 0.7066276803118908,
  "pr_auc": 0.4395447556924015
}