{
  "f1": 0.5333333333333333,
  "roc_auc": 0.7196172248803827,
  "pr_auc": 0.5167701053630942
}