{
  "f1": 0.42105263157894735,
  "roc_auc": 0.8002645502645503,
  "pr_auc": 0.42801443070453116
}