{
  "f1": 0.4444444444444444,
  "roc_auc": 0.7944444444444445,
  "pr_auc": 0.4807692307692307
}