{
  "f1": 0.625,
  "roc_auc": 0.9483870967741935,
  "pr_auc": 0.8111111111111111
}