{
  "f1": 0.47058823529411764,
  "roc_auc": 0.8055555555555556,
  "pr_auc": 0.4705555555555555
}