{
  "f1": 0.631578947368421,
  "roc_auc": 0.9241071428571428,
  "pr_auc": 0.7599587912087913
}