{
  "f1": 0.42105263157894735,
  "roc_auc": 0.8387096774193548,
  "pr_auc": 0.6092857142857142
}