{
  "f1": 0.5882352941176471,
  "roc_auc": 0.911111111111111,
  "pr_auc": 0.6746031746031745
}