{
  "f1": 0.46153846153846156,
  "roc_auc": 0.7633333333333333,
  "pr_auc": 0.5116226093734724
}