{
  "f1": 0.5531914893617021,
  "roc_auc": 0.7645502645502645,
  "pr_auc": 0.6125293585103924
}