{
  "f1": 0.6285714285714286,
  "roc_auc": 0.9051522248243561,
  "pr_auc": 0.7629849739632347
}