{
  "f1": 0.45454545454545453,
  "roc_auc": 0.707097933513028,
  "pr_auc": 0.5431315966336577
}