{
  "f1": 0.4,
  "roc_auc": 0.6057416267942584,
  "pr_auc": 0.43975833591011526
}