{
  "f1": 0.5116279069767442,
  "roc_auc": 0.7738095238095238,
  "pr_auc": 0.572871037709711
}