{
  "f1": 0.4864864864864865,
  "roc_auc": 0.7188888888888889,
  "pr_auc": 0.3932392867035281
}