{
  "f1": 0.30303030303030304,
  "roc_auc": 0.6078125,
  "pr_auc": 0.31279119373030667
}