{
  "f1": 0.47619047619047616,
  "roc_auc": 0.7389770723104057,
  "pr_auc": 0.5174986191130622
}