{
  "f1": 0.2857142857142857,
  "roc_auc": 0.6910669975186104,
  "pr_auc": 0.37563754443866254
}