{
  "f1": 0.32432432432432434,
  "roc_auc": 0.6537698412698412,
  "pr_auc": 0.3870397073793431
}