{
  "f1": 0.5294117647058824,
  "roc_auc": 0.8225806451612904,
  "pr_auc": 0.6141225227763689
}