{
  "f1": 0.5909090909090909,
  "roc_auc": 0.7628032345013477,
  "pr_auc": 0.6979969395940326
}