{
  "f1": 0.35294117647058826,
  "roc_auc": 0.667447306791569,
  "pr_auc": 0.42385627051325303
}