{
  "f1": 0.43243243243243246,
  "roc_auc": 0.7061790668348046,
  "pr_auc": 0.35924167961841347
}