{
  "f1": 0.5581395348837209,
  "roc_auc": 0.7647058823529411,
  "pr_auc": 0.6171087442485157
}