{
  "f1": 0.4444444444444444,
  "roc_auc": 0.7069143446852425,
  "pr_auc": 0.3964285570711614
}