{
  "f1": 0.55,
  "roc_auc": 0.8273305084745762,
  "pr_auc": 0.5954343006101173
}