{
  "f1": 0.4864864864864865,
  "roc_auc": 0.720081135902637,
  "pr_auc": 0.5669793185361559
}