{
  "f1": 0.46511627906976744,
  "roc_auc": 0.7211111111111111,
  "pr_auc": 0.5319940432621592
}