{
  "f1": 0.4,
  "roc_auc": 0.7226190476190476,
  "pr_auc": 0.41489014631197996
}