{
  "f1": 0.3783783783783784,
  "roc_auc": 0.6903954802259887,
  "pr_auc": 0.36244086678379545
}