{
  "f1": 0.5555555555555556,
  "roc_auc": 0.7447033898305084,
  "pr_auc": 0.4620316220082129
}