{
  "f1": 0.4666666666666667,
  "roc_auc": 0.6949152542372881,
  "pr_auc": 0.5422206981312064
}