{
  "f1": 0.4878048780487805,
  "roc_auc": 0.7397660818713451,
  "pr_auc": 0.56686325904023
}