{
  "f1": 0.5365853658536586,
  "roc_auc": 0.6976076555023923,
  "pr_auc": 0.4897989745333517
}