{
  "f1": 0.45,
  "roc_auc": 0.7079107505070994,
  "pr_auc": 0.5474969093634167
}