{
  "f1": 0.4,
  "roc_auc": 0.6972704714640199,
  "pr_auc": 0.3263255112874347
}