{
  "f1": 0.3333333333333333,
  "roc_auc": 0.6706349206349206,
  "pr_auc": 0.27397122918677086
}