{
  "f1": 0.3684210526315789,
  "roc_auc": 0.6610169491525424,
  "pr_auc": 0.3901107472334672
}