{
  "f1": 0.23076923076923078,
  "roc_auc": 0.5861538461538461,
  "pr_auc": 0.21256943988005017
}