{
  "f1": 0.4117647058823529,
  "roc_auc": 0.7137452711223203,
  "pr_auc": 0.3543996280323253
}