{
  "f1": 0.45161290322580644,
  "roc_auc": 0.7611111111111111,
  "pr_auc": 0.4455312674423365
}