{
  "f1": 0.41025641025641024,
  "roc_auc": 0.6908665105386417,
  "pr_auc": 0.2888202655322688
}