{
  "f1": 0.47368421052631576,
  "roc_auc": 0.7552966101694915,
  "pr_auc": 0.6295458454416205
}