{
  "f1": 0.3157894736842105,
  "roc_auc": 0.6153846153846154,
  "pr_auc": 0.24866897056966997
}