{
  "f1": 0.47368421052631576,
  "roc_auc": 0.6926553672316385,
  "pr_auc": 0.42744080857093447
}