{
  "f1": 0.3157894736842105,
  "roc_auc": 0.7492307692307693,
  "pr_auc": 0.42902351771909386
}