{
  "f1": 0.43243243243243246,
  "roc_auc": 0.7251521298174443,
  "pr_auc": 0.5838842150385112
}