{
  "f1": 0.5,
  "roc_auc": 0.8295454545454546,
  "pr_auc": 0.5178404878041902
}