{
  "f1": 0.358974358974359,
  "roc_auc": 0.6313559322033898,
  "pr_auc": 0.3594636332282638
}