{
  "f1": 0.5238095238095238,
  "roc_auc": 0.6860670194003528,
  "pr_auc": 0.5138845663316574
}