{
  "f1": 0.5,
  "roc_auc": 0.7785310734463277,
  "pr_auc": 0.5162615141809385
}