{
  "f1": 0.5185185185185185,
  "roc_auc": 0.694047619047619,
  "pr_auc": 0.5273161561664931
}