{
  "f1": 0.45454545454545453,
  "roc_auc": 0.6931216931216931,
  "pr_auc": 0.5378881379391354
}