{
  "f1": 0.47368421052631576,
  "roc_auc": 0.7419354838709677,
  "pr_auc": 0.49227563564048127
}