{
  "f1": 0.5853658536585366,
  "roc_auc": 0.801857585139319,
  "pr_auc": 0.6748628761859743
}