{
  "f1": 0.3,
  "roc_auc": 0.6111111111111112,
  "pr_auc": 0.4130296526760524
}