{
  "f1": 0.5454545454545454,
  "roc_auc": 0.8774193548387097,
  "pr_auc": 0.4580952380952381
}