{
  "f1": 0.25,
  "roc_auc": 0.6764705882352942,
  "pr_auc": 0.5416666666666666
}