{
  "f1": 0.0,
  "roc_auc": 0.640625,
  "pr_auc": 0.1700924688057041
}