{
  "f1": 0.6,
  "roc_auc": 0.9354838709677419,
  "pr_auc": 0.7976190476190477
}