{
  "f1": 0.0,
  "roc_auc": 0.606060606060606,
  "pr_auc": 0.14216524216524218
}