{
  "f1": 0.5,
  "roc_auc": 0.890625,
  "pr_auc": 0.3946428571428572
}