{
  "f1": 0.3076923076923077,
  "roc_auc": 0.7979797979797979,
  "pr_auc": 0.2569444444444444
}