{
  "f1": 0.2857142857142857,
  "roc_auc": 0.9142857142857143,
  "pr_auc": 0.25
}