{
  "f1": 0.0,
  "roc_auc": 0.484375,
  "pr_auc": 0.1254330679640277
}