{
  "f1": 0.2857142857142857,
  "roc_auc": 0.765625,
  "pr_auc": 0.316025641025641
}