{
  "f1": 0.2857142857142857,
  "roc_auc": 0.6767676767676767,
  "pr_auc": 0.43240093240093236
}