{
  "f1": 0.15384615384615385,
  "roc_auc": 0.6911764705882353,
  "pr_auc": 0.175
}