{
  "f1": 0.3333333333333333,
  "roc_auc": 0.8970588235294117,
  "pr_auc": 0.29166666666666663
}