{
  "f1": 0.36363636363636365,
  "roc_auc": 0.859375,
  "pr_auc": 0.3458333333333333
}