{
  "f1": 0.42857142857142855,
  "roc_auc": 0.78125,
  "pr_auc": 0.719758064516129
}