{
  "f1": 0.25,
  "roc_auc": 0.707070707070707,
  "pr_auc": 0.4551282051282051
}