{
  "f1": 0.3333333333333333,
  "roc_auc": 0.7677419354838709,
  "pr_auc": 0.3326315789473684
}