{
  "f1": 0.5,
  "roc_auc": 0.8671875,
  "pr_auc": 0.6567982456140351
}