{
  "mean": 0.3120941507752653,
  "std": 0.18237422348063176,
  "dist": [
    0.0,
    0.6,
    0.4615384615384615,
    0.3636363636363636,
    0.3076923076923077,
    0.3333333333333333,
    0.2857142857142857,
    0.1818181818181818,
    0.5333333333333333,
    0.25,
    0.4444444444444444,
    0.2222222222222222,
    0.5,
    0.2857142857142857,
    0.1666666666666666,
    0.1666666666666666,
    0.4,
    0.0,
    0.3333333333333333,
    0.5,
    0.4,
    0.5333333333333333,
    0.2666666666666666,
    0.0,
    0.4,
    0.2,
    0.375,
    0.6666666666666666,
    0.1666666666666666,
    0.0,
    0.1666666666666666,
    0.4210526315789473,
    0.4444444444444444,
    0.4615384615384615,
    0.0,
    0.6153846153846154,
    0.3529411764705882,
    0.1428571428571428,
    0.0,
    0.5714285714285714,
    0.2666666666666666,
    0.5,
    0.3333333333333333,
    0.2222222222222222,
    0.375,
    0.0,
    0.2857142857142857,
    0.3636363636363636,
    0.1818181818181818,
    0.5555555555555556
  ]
}