{
  "t_test": {
    "t_stat": -5.926532294556561,
    "p_value": 3.036629167542088e-07
  },
  "wilcoxon": {
    "w_stat": 58.5,
    "p_value": 1.430468526521345e-06
  }
}