{
  "f1": 0.47058823529411764,
  "roc_auc": 0.7098214285714286,
  "pr_auc": 0.41501442793106025
}