{
  "f1": 0.5,
  "roc_auc": 0.6774193548387096,
  "pr_auc": 0.4347513227513228
}