{
  "f1": 0.5454545454545454,
  "roc_auc": 0.8325123152709359,
  "pr_auc": 0.45641165557131935
}