{
  "f1": 0.6666666666666666,
  "roc_auc": 0.8500000000000001,
  "pr_auc": 0.8368055555555556
}