{
  "f1": 0.16666666666666666,
  "roc_auc": 0.8383838383838383,
  "pr_auc": 0.4909090909090909
}