{
  "f1": 0.25,
  "roc_auc": 0.6444444444444445,
  "pr_auc": 0.31111111111111106
}