{
  "f1": 0.5,
  "roc_auc": 0.7389162561576355,
  "pr_auc": 0.38809523809523805
}