{
  "f1": 0.4,
  "roc_auc": 0.6944444444444444,
  "pr_auc": 0.3551421404682274
}