{
  "f1": 0.4,
  "roc_auc": 0.8046875,
  "pr_auc": 0.7844827586206897
}