{
  "f1": 0.625,
  "roc_auc": 0.9055555555555556,
  "pr_auc": 0.8208333333333333
}