{
  "f1": 0.5263157894736842,
  "roc_auc": 0.8444444444444444,
  "pr_auc": 0.4549603174603175
}