{
  "f1": 0.5882352941176471,
  "roc_auc": 0.9612903225806452,
  "pr_auc": 0.7961904761904761
}