{
  "f1": 0.42857142857142855,
  "roc_auc": 0.898989898989899,
  "pr_auc": 0.5535714285714286
}