{
  "f1": 0.46153846153846156,
  "roc_auc": 0.890625,
  "pr_auc": 0.7463235294117647
}