{
  "f1": 0.6808510638297872,
  "roc_auc": 0.8794258373205741,
  "pr_auc": 0.663478184165424
}