{
  "f1": 0.5555555555555556,
  "roc_auc": 0.7741935483870969,
  "pr_auc": 0.48177319756267123
}