{
  "f1": 0.5333333333333333,
  "roc_auc": 0.7865497076023391,
  "pr_auc": 0.6396280633532203
}