{
  "f1": 0.5365853658536586,
  "roc_auc": 0.76,
  "pr_auc": 0.48648110391428223
}