{
  "f1": 0.3783783783783784,
  "roc_auc": 0.71875,
  "pr_auc": 0.4733897845399163
}