{
  "f1": 0.3,
  "roc_auc": 0.6917989417989419,
  "pr_auc": 0.45755710767099717
}