{
  "f1": 0.5454545454545454,
  "roc_auc": 0.7982456140350876,
  "pr_auc": 0.554622993617467
}