{
  "f1": 0.4444444444444444,
  "roc_auc": 0.8174603174603174,
  "pr_auc": 0.4525977986896019
}