{
  "f1": 0.45,
  "roc_auc": 0.6463700234192038,
  "pr_auc": 0.38619522256076877
}