{
  "f1": 0.3783783783783784,
  "roc_auc": 0.7503607503607503,
  "pr_auc": 0.4883879095477842
}