{
  "f1": 0.3870967741935484,
  "roc_auc": 0.5907692307692307,
  "pr_auc": 0.21923207273207274
}