{
  "mean": 0.534026072995912,
  "std": 0.0905449591127848,
  "dist": [
    0.631578947368421,
    0.5,
    0.5,
    0.4705882352941176,
    0.5909090909090909,
    0.65,
    0.6,
    0.3157894736842105,
    0.5238095238095238,
    0.5909090909090909,
    0.5238095238095238,
    0.5581395348837209,
    0.7027027027027027,
    0.4210526315789473,
    0.5,
    0.5454545454545454,
    0.4242424242424242,
    0.5238095238095238,
    0.5652173913043478,
    0.6,
    0.4375,
    0.6808510638297872,
    0.5,
    0.6341463414634146,
    0.4,
    0.6956521739130435,
    0.5,
    0.5,
    0.55,
    0.4210526315789473,
    0.5909090909090909,
    0.4761904761904761,
    0.5789473684210527,
    0.5142857142857142,
    0.5333333333333333,
    0.4545454545454545,
    0.4375,
    0.6,
    0.6538461538461539,
    0.5,
    0.5806451612903226,
    0.5238095238095238,
    0.5853658536585366,
    0.5957446808510638,
    0.4186046511627907,
    0.6,
    0.4878048780487805,
    0.2962962962962963,
    0.5333333333333333,
    0.6829268292682927
  ]
}