{
  "t_test": {
    "t_stat": 5.366516707047722,
    "p_value": 2.176778738052036e-06
  },
  "wilcoxon": {
    "w_stat": 157.0,
    "p_value": 9.844045782058718e-06
  }
}