{
  "mean": 0.23890764790764787,
  "std": 0.15453272691460165,
  "dist": [
    0.4615384615384615,
    0.2857142857142857,
    0.0,
    0.2,
    0.1666666666666666,
    0.1538461538461538,
    0.3076923076923077,
    0.2222222222222222,
    0.3076923076923077,
    0.2222222222222222,
    0.1818181818181818,
    0.1666666666666666,
    0.2222222222222222,
    0.4615384615384615,
    0.1666666666666666,
    0.25,
    0.6666666666666666,
    0.0,
    0.1538461538461538,
    0.1428571428571428,
    0.3333333333333333,
    0.3076923076923077,
    0.1818181818181818,
    0.1818181818181818,
    0.2,
    0.5454545454545454,
    0.4,
    0.1818181818181818,
    0.0,
    0.1666666666666666,
    0.1538461538461538,
    0.4615384615384615,
    0.3636363636363636,
    0.1666666666666666,
    0.0,
    0.1428571428571428,
    0.2222222222222222,
    0.5454545454545454,
    0.0,
    0.3076923076923077,
    0.2857142857142857,
    0.4615384615384615,
    0.2666666666666666,
    0.1538461538461538,
    0.0,
    0.4,
    0.0,
    0.2857142857142857,
    0.3076923076923077,
    0.1818181818181818
  ]
}