{
  "t_test": {
    "t_stat": -3.892446576602632,
    "p_value": 0.0002999571885114416
  },
  "wilcoxon": {
    "w_stat": 168.5,
    "p_value": 0.0011694845663713076
  }
}