{
  "mean": 0.521074257897229,
  "std": 0.0942315104008568,
  "dist": [
    0.5555555555555556,
    0.5116279069767442,
    0.5142857142857142,
    0.4137931034482758,
    0.6153846153846154,
    0.5714285714285714,
    0.6111111111111112,
    0.4,
    0.4864864864864865,
    0.5641025641025641,
    0.5,
    0.5405405405405406,
    0.6285714285714286,
    0.4242424242424242,
    0.5365853658536586,
    0.5333333333333333,
    0.4137931034482758,
    0.5,
    0.5641025641025641,
    0.5909090909090909,
    0.4285714285714285,
    0.6956521739130435,
    0.5,
    0.5641025641025641,
    0.3636363636363636,
    0.6829268292682927,
    0.3888888888888889,
    0.5,
    0.6,
    0.4615384615384615,
    0.5853658536585366,
    0.4375,
    0.5142857142857142,
    0.5454545454545454,
    0.5365853658536586,
    0.45,
    0.3870967741935484,
    0.5454545454545454,
    0.6818181818181818,
    0.5294117647058824,
    0.5454545454545454,
    0.5405405405405406,
    0.5789473684210527,
    0.5789473684210527,
    0.3888888888888889,
    0.5454545454545454,
    0.4390243902439024,
    0.25,
    0.5555555555555556,
    0.7567567567567568
  ]
}