{
  "t_test": {
    "t_stat": 3.53409331328983,
    "p_value": 0.0009039130784416573
  },
  "wilcoxon": {
    "w_stat": 285.0,
    "p_value": 0.0011230364884825738
  }
}