{
  "f1": 0.5,
  "roc_auc": 0.7534722222222222,
  "pr_auc": 0.5999166476798056
}