{
  "f1": 0.5,
  "roc_auc": 0.9296875,
  "pr_auc": 0.6361111111111111
}