{
  "f1": 0.4444444444444444,
  "roc_auc": 0.7321428571428572,
  "pr_auc": 0.3910189876866078
}