{
  "f1": 0.42857142857142855,
  "roc_auc": 0.7388888888888889,
  "pr_auc": 0.48235294117647054
}