{
  "f1": 0.2857142857142857,
  "roc_auc": 0.9411764705882353,
  "pr_auc": 0.45
}