{
  "f1": 0.4444444444444444,
  "roc_auc": 0.8903225806451613,
  "pr_auc": 0.6931092436974791
}