{
  "f1": 0.625,
  "roc_auc": 0.8705357142857142,
  "pr_auc": 0.5579822954822954
}