{
  "f1": 0.625,
  "roc_auc": 0.9290322580645161,
  "pr_auc": 0.6453968253968254
}