{
  "f1": 0.6,
  "roc_auc": 0.8064516129032258,
  "pr_auc": 0.4806837606837606
}