{
  "f1": 0.5882352941176471,
  "roc_auc": 0.9111111111111112,
  "pr_auc": 0.7662037037037037
}