{
  "f1": 0.18181818181818182,
  "roc_auc": 0.7734375,
  "pr_auc": 0.268009768009768
}