{
  "f1": 0.36363636363636365,
  "roc_auc": 0.8451612903225807,
  "pr_auc": 0.4245378151260505
}