{
  "f1": 0.7142857142857143,
  "roc_auc": 0.9222222222222223,
  "pr_auc": 0.6848595848595848
}