{
  "f1": 0.7142857142857143,
  "roc_auc": 0.9310344827586208,
  "pr_auc": 0.8386904761904761
}