{
  "f1": 0.6666666666666666,
  "roc_auc": 0.9333333333333333,
  "pr_auc": 0.6246031746031747
}