{
  "f1": 0.6666666666666666,
  "roc_auc": 0.8325123152709359,
  "pr_auc": 0.7687074829931972
}