{
  "f1": 0.46153846153846156,
  "roc_auc": 0.7438423645320197,
  "pr_auc": 0.3947278911564625
}