{
  "f1": 0.47058823529411764,
  "roc_auc": 0.7544642857142857,
  "pr_auc": 0.4699315752159555
}