{
  "f1": 0.2,
  "roc_auc": 0.7474747474747474,
  "pr_auc": 0.23333333333333334
}