{
  "f1": 0.4,
  "roc_auc": 0.8388888888888888,
  "pr_auc": 0.43825757575757573
}