{
  "f1": 0.7777777777777778,
  "roc_auc": 0.9113300492610837,
  "pr_auc": 0.6036075036075035
}