{
  "f1": 0.2222222222222222,
  "roc_auc": 0.671875,
  "pr_auc": 0.29523809523809524
}