{
  "f1": 0.3333333333333333,
  "roc_auc": 0.8585858585858586,
  "pr_auc": 0.3769230769230769
}