{
  "f1": 0.3333333333333333,
  "roc_auc": 0.7419354838709677,
  "pr_auc": 0.5654761904761905
}