{
  "f1": 0.6,
  "roc_auc": 0.888888888888889,
  "pr_auc": 0.5028138528138528
}