{
  "f1": 0.14285714285714285,
  "roc_auc": 0.6969696969696969,
  "pr_auc": 0.1865079365079365
}