{
  "f1": 0.6153846153846154,
  "roc_auc": 0.875,
  "pr_auc": 0.3654761904761905
}