{
  "f1": 0.7058823529411765,
  "roc_auc": 0.9458128078817734,
  "pr_auc": 0.7647186147186147
}