{
  "f1": 0.5714285714285714,
  "roc_auc": 0.8838709677419354,
  "pr_auc": 0.6101190476190477
}