{
  "mean": 0.5032072110754598,
  "std": 0.09478817497350524,
  "dist": [
    0.5555555555555556,
    0.4090909090909091,
    0.4210526315789473,
    0.5,
    0.6666666666666666,
    0.5294117647058824,
    0.4324324324324324,
    0.4,
    0.5581395348837209,
    0.6,
    0.5405405405405406,
    0.4324324324324324,
    0.7428571428571429,
    0.3684210526315789,
    0.4761904761904761,
    0.5405405405405406,
    0.4444444444444444,
    0.5365853658536586,
    0.4736842105263157,
    0.5217391304347826,
    0.2962962962962963,
    0.6046511627906976,
    0.631578947368421,
    0.4888888888888889,
    0.4444444444444444,
    0.6341463414634146,
    0.4242424242424242,
    0.4615384615384615,
    0.5128205128205128,
    0.4864864864864865,
    0.5238095238095238,
    0.5142857142857142,
    0.5882352941176471,
    0.375,
    0.5217391304347826,
    0.5,
    0.375,
    0.5,
    0.5957446808510638,
    0.5294117647058824,
    0.5142857142857142,
    0.4615384615384615,
    0.4864864864864865,
    0.5853658536585366,
    0.4864864864864865,
    0.5238095238095238,
    0.3684210526315789,
    0.2758620689655172,
    0.6,
    0.7
  ]
}