{
  "t_test": {
    "t_stat": 1.5296078679328144,
    "p_value": 0.13254450651013677
  },
  "wilcoxon": {
    "w_stat": 501.0,
    "p_value": 0.19095974436218555
  }
}