{
  "mean": 0.31154807919978195,
  "std": 0.16871904088650425,
  "dist": [
    0.0,
    0.4285714285714285,
    0.4,
    0.3333333333333333,
    0.3529411764705882,
    0.3076923076923077,
    0.1818181818181818,
    0.1818181818181818,
    0.4545454545454545,
    0.4444444444444444,
    0.1666666666666666,
    0.4615384615384615,
    0.6153846153846154,
    0.25,
    0.1666666666666666,
    0.4,
    0.5,
    0.0,
    0.3333333333333333,
    0.2857142857142857,
    0.3076923076923077,
    0.5,
    0.2857142857142857,
    0.1818181818181818,
    0.3333333333333333,
    0.1666666666666666,
    0.4,
    0.6666666666666666,
    0.2666666666666666,
    0.0,
    0.1538461538461538,
    0.4210526315789473,
    0.2222222222222222,
    0.6666666666666666,
    0.0,
    0.5333333333333333,
    0.375,
    0.1428571428571428,
    0.1818181818181818,
    0.4,
    0.3529411764705882,
    0.3333333333333333,
    0.4285714285714285,
    0.1538461538461538,
    0.375,
    0.0,
    0.375,
    0.3333333333333333,
    0.2,
    0.5555555555555556
  ]
}