{
  "t_test": {
    "t_stat": 1.6577219440550064,
    "p_value": 0.10376313697935842
  },
  "wilcoxon": {
    "w_stat": 246.0,
    "p_value": 0.1114280892184358
  }
}