{
  "mean": 0.2939213199940754,
  "std": 0.16017622903191076,
  "dist": [
    0.0,
    0.375,
    0.375,
    0.3636363636363636,
    0.3333333333333333,
    0.2857142857142857,
    0.25,
    0.1428571428571428,
    0.4444444444444444,
    0.4444444444444444,
    0.3076923076923077,
    0.3076923076923077,
    0.4705882352941176,
    0.25,
    0.1666666666666666,
    0.1538461538461538,
    0.4545454545454545,
    0.0,
    0.3636363636363636,
    0.4285714285714285,
    0.2352941176470588,
    0.5555555555555556,
    0.3076923076923077,
    0.0,
    0.2857142857142857,
    0.1428571428571428,
    0.4285714285714285,
    0.625,
    0.2666666666666666,
    0.0,
    0.1538461538461538,
    0.3809523809523809,
    0.3333333333333333,
    0.5714285714285714,
    0.0,
    0.4210526315789473,
    0.4,
    0.1428571428571428,
    0.1538461538461538,
    0.4,
    0.3333333333333333,
    0.4444444444444444,
    0.2666666666666666,
    0.2,
    0.3157894736842105,
    0.0,
    0.4,
    0.3333333333333333,
    0.1538461538461538,
    0.5263157894736842
  ]
}