{
  "mean": 0.2635502524760702,
  "std": 0.14367312692430387,
  "dist": [
    0.5454545454545454,
    0.1666666666666666,
    0.25,
    0.1538461538461538,
    0.2,
    0.1333333333333333,
    0.1111111111111111,
    0.4347826086956521,
    0.2352941176470588,
    0.3636363636363636,
    0.1818181818181818,
    0.0,
    0.3529411764705882,
    0.2857142857142857,
    0.5,
    0.2352941176470588,
    0.0,
    0.2,
    0.5454545454545454,
    0.3529411764705882,
    0.2727272727272727,
    0.4347826086956521,
    0.125,
    0.1428571428571428,
    0.3,
    0.2105263157894736,
    0.1428571428571428,
    0.3809523809523809,
    0.3478260869565217,
    0.2222222222222222,
    0.4444444444444444,
    0.2,
    0.3333333333333333,
    0.1176470588235294,
    0.25,
    0.0,
    0.1333333333333333,
    0.3571428571428571,
    0.5333333333333333,
    0.3,
    0.4,
    0.3157894736842105,
    0.32,
    0.1176470588235294,
    0.1428571428571428,
    0.3076923076923077,
    0.2352941176470588,
    0.0,
    0.4705882352941176,
    0.3703703703703703
  ]
}