{
  "t_test": {
    "t_stat": -3.259041724392,
    "p_value": 0.002035225287422675
  },
  "wilcoxon": {
    "w_stat": 206.5,
    "p_value": 0.0021875151812526484
  }
}