{
  "f1": 0.4,
  "roc_auc": 0.71875,
  "pr_auc": 0.5907527624536226
}