{
  "f1": 0.4,
  "roc_auc": 0.8903225806451613,
  "pr_auc": 0.519047619047619
}