{
  "f1": 0.6,
  "roc_auc": 0.8472906403940887,
  "pr_auc": 0.501449938949939
}