{
  "f1": 0.5333333333333333,
  "roc_auc": 0.8222222222222222,
  "pr_auc": 0.46447393186523617
}