{
  "f1": 0.7058823529411765,
  "roc_auc": 0.916256157635468,
  "pr_auc": 0.7264128728414443
}