{
  "f1": 0.5,
  "roc_auc": 0.9032258064516129,
  "pr_auc": 0.6131313131313132
}