{
  "f1": 0.5882352941176471,
  "roc_auc": 0.7946428571428571,
  "pr_auc": 0.6788956374085684
}