{
  "f1": 0.5882352941176471,
  "roc_auc": 0.8303571428571428,
  "pr_auc": 0.5317819435466494
}