{
  "f1": 0.42857142857142855,
  "roc_auc": 0.8,
  "pr_auc": 0.5865079365079364
}