{
  "f1": 0.42105263157894735,
  "roc_auc": 0.7611111111111111,
  "pr_auc": 0.4174603174603174
}