{
  "f1": 0.4,
  "roc_auc": 0.6611111111111111,
  "pr_auc": 0.3088098807738988
}