{
  "f1": 0.6153846153846154,
  "roc_auc": 0.8388888888888889,
  "pr_auc": 0.7646520146520146
}