{
  "f1": 0.631578947368421,
  "roc_auc": 0.8555555555555555,
  "pr_auc": 0.42798127798127805
}