{
  "f1": 0.5263157894736842,
  "roc_auc": 0.7611111111111112,
  "pr_auc": 0.42577658303464755
}