{
  "f1": 0.6666666666666666,
  "roc_auc": 0.8944444444444445,
  "pr_auc": 0.5259259259259259
}