{
  "f1": 0.4444444444444444,
  "roc_auc": 0.8203125,
  "pr_auc": 0.5071428571428571
}