{
  "f1": 0.6666666666666666,
  "roc_auc": 0.8055555555555556,
  "pr_auc": 0.5409722222222222
}