{
  "f1": 0.5454545454545454,
  "roc_auc": 0.7265625,
  "pr_auc": 0.3644009216589862
}