{
  "f1": 0.42857142857142855,
  "roc_auc": 0.7666666666666667,
  "pr_auc": 0.5577485380116959
}