{
  "f1": 0.3333333333333333,
  "roc_auc": 0.7055555555555555,
  "pr_auc": 0.32579365079365075
}