{
  "f1": 0.2,
  "roc_auc": 0.7109375,
  "pr_auc": 0.28873737373737374
}