{
  "f1": 0.5,
  "roc_auc": 0.8166666666666667,
  "pr_auc": 0.6216265216265215
}