{
  "f1": 0.5714285714285714,
  "roc_auc": 0.70935960591133,
  "pr_auc": 0.6746753246753245
}