{
  "f1": 0.5714285714285714,
  "roc_auc": 0.9290322580645162,
  "pr_auc": 0.7142857142857142
}