{
  "f1": 0.25,
  "roc_auc": 0.6903225806451613,
  "pr_auc": 0.4565606806986117
}