{
  "f1": 0.36363636363636365,
  "roc_auc": 0.6875,
  "pr_auc": 0.22513227513227513
}