{
  "f1": 0.47058823529411764,
  "roc_auc": 0.7870967741935484,
  "pr_auc": 0.3411688311688312
}