{
  "f1": 0.5714285714285714,
  "roc_auc": 0.8580645161290321,
  "pr_auc": 0.5059649122807017
}