{
  "f1": 0.47058823529411764,
  "roc_auc": 0.7142857142857143,
  "pr_auc": 0.4456031599584823
}