{
  "f1": 0.5,
  "roc_auc": 0.7666666666666667,
  "pr_auc": 0.4800846104725415
}