{
  "f1": 0.5,
  "roc_auc": 0.6945812807881774,
  "pr_auc": 0.41894915120721565
}