{
  "f1": 0.42105263157894735,
  "roc_auc": 0.7008928571428571,
  "pr_auc": 0.4019326333074065
}