{
  "f1": 0.4,
  "roc_auc": 0.6944444444444444,
  "pr_auc": 0.563301282051282
}