{
  "mean": 0.5087473440853958,
  "std": 0.09210103770344517,
  "dist": [
    0.5641025641025641,
    0.3902439024390244,
    0.5294117647058824,
    0.4,
    0.6666666666666666,
    0.5294117647058824,
    0.5263157894736842,
    0.4444444444444444,
    0.4878048780487805,
    0.5581395348837209,
    0.4864864864864865,
    0.4571428571428571,
    0.6666666666666666,
    0.4,
    0.5581395348837209,
    0.5333333333333333,
    0.4666666666666667,
    0.5365853658536586,
    0.4210526315789473,
    0.5909090909090909,
    0.3703703703703703,
    0.6666666666666666,
    0.4864864864864865,
    0.4864864864864865,
    0.4705882352941176,
    0.6046511627906976,
    0.4571428571428571,
    0.4878048780487805,
    0.6206896551724138,
    0.4,
    0.5641025641025641,
    0.4864864864864865,
    0.5714285714285714,
    0.3870967741935484,
    0.5365853658536586,
    0.358974358974359,
    0.4375,
    0.5945945945945946,
    0.7,
    0.4571428571428571,
    0.4516129032258064,
    0.4615384615384615,
    0.5789473684210527,
    0.5365853658536586,
    0.5294117647058824,
    0.5581395348837209,
    0.3333333333333333,
    0.3478260869565217,
    0.5789473684210527,
    0.7027027027027027
  ]
}