{
  "t_test": {
    "t_stat": 1.8931659883142034,
    "p_value": 0.06424918640651925
  },
  "wilcoxon": {
    "w_stat": 382.0,
    "p_value": 0.05411025716067273
  }
}