{
  "mean": 0.4769197527167913,
  "std": 0.09682779719263589,
  "dist": [
    0.4736842105263157,
    0.5306122448979592,
    0.4651162790697674,
    0.4210526315789473,
    0.5,
    0.5128205128205128,
    0.5,
    0.391304347826087,
    0.5,
    0.5128205128205128,
    0.4761904761904761,
    0.5,
    0.6285714285714286,
    0.3111111111111111,
    0.5217391304347826,
    0.4615384615384615,
    0.303030303030303,
    0.5641025641025641,
    0.4680851063829787,
    0.5555555555555556,
    0.3529411764705882,
    0.6666666666666666,
    0.3414634146341463,
    0.5909090909090909,
    0.4,
    0.625,
    0.4,
    0.425531914893617,
    0.6486486486486487,
    0.3,
    0.64,
    0.3684210526315789,
    0.4878048780487805,
    0.4390243902439024,
    0.4285714285714285,
    0.4285714285714285,
    0.3888888888888889,
    0.5365853658536586,
    0.5882352941176471,
    0.4285714285714285,
    0.4615384615384615,
    0.5789473684210527,
    0.4444444444444444,
    0.425531914893617,
    0.5116279069767442,
    0.4897959183673469,
    0.4,
    0.2666666666666666,
    0.5652173913043478,
    0.6190476190476191
  ]
}