{
  "t_test": {
    "t_stat": -2.643539497664481,
    "p_value": 0.010988209124995187
  },
  "wilcoxon": {
    "w_stat": 364.5,
    "p_value": 0.013627154429164134
  }
}