{
  "f1": 0.5217391304347826,
  "roc_auc": 0.8055555555555556,
  "pr_auc": 0.7110013788893099
}