{
  "f1": 0.4444444444444444,
  "roc_auc": 0.9225806451612903,
  "pr_auc": 0.8588235294117648
}