{
  "f1": 0.26666666666666666,
  "roc_auc": 0.6777777777777778,
  "pr_auc": 0.3623447114826425
}