{
  "f1": 0.38095238095238093,
  "roc_auc": 0.8388888888888889,
  "pr_auc": 0.6849845201238389
}