{
  "f1": 0.6666666666666666,
  "roc_auc": 0.9419354838709677,
  "pr_auc": 0.7392857142857143
}