{
  "f1": 0.4,
  "roc_auc": 0.8555555555555556,
  "pr_auc": 0.5180555555555556
}