{
  "f1": 0.5454545454545454,
  "roc_auc": 0.8046875,
  "pr_auc": 0.4018115942028985
}