{
  "f1": 0.6666666666666666,
  "roc_auc": 0.8348214285714286,
  "pr_auc": 0.7566453194180898
}