{
  "f1": 0.5454545454545454,
  "roc_auc": 0.8580645161290323,
  "pr_auc": 0.5241558441558442
}