{
  "f1": 0.47058823529411764,
  "roc_auc": 0.9609375,
  "pr_auc": 0.8125
}