{
  "f1": 0.7777777777777778,
  "roc_auc": 0.9901477832512315,
  "pr_auc": 0.9617346938775508
}