{
  "f1": 0.631578947368421,
  "roc_auc": 0.8817733990147782,
  "pr_auc": 0.5678371348539416
}