{
  "f1": 0.6153846153846154,
  "roc_auc": 0.9609375,
  "pr_auc": 0.7333333333333333
}