{
  "f1": 0.5,
  "roc_auc": 0.8515625,
  "pr_auc": 0.417156862745098
}