{
  "f1": 0.5882352941176471,
  "roc_auc": 0.8777777777777779,
  "pr_auc": 0.5119047619047619
}