{
  "f1": 0.47058823529411764,
  "roc_auc": 0.8222222222222222,
  "pr_auc": 0.46117858749437696
}