{
  "f1": 0.2857142857142857,
  "roc_auc": 0.811111111111111,
  "pr_auc": 0.48887403446226974
}