{
  "f1": 0.5,
  "roc_auc": 0.7410714285714285,
  "pr_auc": 0.44891377005347594
}