{
  "f1": 0.6666666666666666,
  "roc_auc": 0.8999999999999999,
  "pr_auc": 0.7208605664488017
}