{
  "f1": 0.4,
  "roc_auc": 0.7870967741935484,
  "pr_auc": 0.3538095238095238
}