{
  "f1": 0.42857142857142855,
  "roc_auc": 0.8828125,
  "pr_auc": 0.5873397435897436
}