{
  "f1": 0.7692307692307693,
  "roc_auc": 0.85,
  "pr_auc": 0.8636363636363635
}