{
  "f1": 0.42857142857142855,
  "roc_auc": 0.8222222222222223,
  "pr_auc": 0.4680555555555555
}