{
  "f1": 0.7272727272727273,
  "roc_auc": 0.8669950738916257,
  "pr_auc": 0.7948979591836733
}