{
  "f1": 0.5263157894736842,
  "roc_auc": 0.7946428571428572,
  "pr_auc": 0.5224537037037036
}