{
  "f1": 0.6153846153846154,
  "roc_auc": 0.9290322580645162,
  "pr_auc": 0.8266666666666667
}