{
  "f1": 0.75,
  "roc_auc": 0.9330357142857142,
  "pr_auc": 0.799404761904762
}