{
  "f1": 0.6666666666666666,
  "roc_auc": 0.9225806451612903,
  "pr_auc": 0.6
}