{
  "f1": 0.6666666666666666,
  "roc_auc": 0.7881773399014779,
  "pr_auc": 0.6755102040816325
}