{
  "f1": 0.4,
  "roc_auc": 0.6796875,
  "pr_auc": 0.26988636363636365
}