{
  "mean": 0.30728385975909195,
  "std": 0.17536218660681002,
  "dist": [
    0.5,
    0.3157894736842105,
    0.1538461538461538,
    0.25,
    0.2666666666666666,
    0.2857142857142857,
    0.1538461538461538,
    0.5555555555555556,
    0.3076923076923077,
    0.2352941176470588,
    0.25,
    0.0,
    0.4285714285714285,
    0.4285714285714285,
    0.4,
    0.1538461538461538,
    0.0,
    0.1176470588235294,
    0.75,
    0.5,
    0.2222222222222222,
    0.4761904761904761,
    0.1818181818181818,
    0.2,
    0.4,
    0.2666666666666666,
    0.1333333333333333,
    0.6153846153846154,
    0.375,
    0.25,
    0.375,
    0.1818181818181818,
    0.4444444444444444,
    0.125,
    0.4285714285714285,
    0.0,
    0.2666666666666666,
    0.3333333333333333,
    0.6153846153846154,
    0.2666666666666666,
    0.5555555555555556,
    0.4,
    0.3333333333333333,
    0.1538461538461538,
    0.0,
    0.2,
    0.5714285714285714,
    0.1052631578947368,
    0.4705882352941176,
    0.3636363636363636
  ]
}