{
  "t_test": {
    "t_stat": 1.000701298620679,
    "p_value": 0.32188757014772473
  },
  "wilcoxon": {
    "w_stat": 472.5,
    "p_value": 0.3329040134853394
  }
}