{
  "mean": 0.29082686165880406,
  "std": 0.10950542191058137,
  "dist": [
    0.4347826086956521,
    0.3571428571428571,
    0.2222222222222222,
    0.125,
    0.2608695652173913,
    0.2857142857142857,
    0.2105263157894736,
    0.3076923076923077,
    0.2222222222222222,
    0.4166666666666667,
    0.1666666666666666,
    0.1904761904761904,
    0.3333333333333333,
    0.3529411764705882,
    0.4285714285714285,
    0.3157894736842105,
    0.0833333333333333,
    0.2608695652173913,
    0.4761904761904761,
    0.3809523809523809,
    0.25,
    0.4615384615384615,
    0.2,
    0.2352941176470588,
    0.2857142857142857,
    0.1904761904761904,
    0.2105263157894736,
    0.4545454545454545,
    0.2727272727272727,
    0.3333333333333333,
    0.4347826086956521,
    0.1904761904761904,
    0.32,
    0.2,
    0.3157894736842105,
    0.0,
    0.2857142857142857,
    0.4285714285714285,
    0.4444444444444444,
    0.2608695652173913,
    0.48,
    0.3,
    0.3333333333333333,
    0.0952380952380952,
    0.2222222222222222,
    0.3529411764705882,
    0.2727272727272727,
    0.1818181818181818,
    0.4,
    0.2962962962962963
  ]
}