{
  "f1": 0.3333333333333333,
  "roc_auc": 0.7198275862068965,
  "pr_auc": 0.1572420634920635
}