{
  "f1": 0.23529411764705882,
  "roc_auc": 0.7692307692307692,
  "pr_auc": 0.33957949138983623
}