{
  "f1": 0.23529411764705882,
  "roc_auc": 0.7532467532467533,
  "pr_auc": 0.2562120419263276
}