{
  "f1": 0.0,
  "roc_auc": 0.6637931034482759,
  "pr_auc": 0.12246347402597402
}