{
  "f1": 0.46153846153846156,
  "roc_auc": 0.7220779220779221,
  "pr_auc": 0.3702226345083488
}