{
  "f1": 0.3076923076923077,
  "roc_auc": 0.7678571428571428,
  "pr_auc": 0.2512554734537493
}