{
  "f1": 0.125,
  "roc_auc": 0.5846153846153845,
  "pr_auc": 0.21119823679145716
}