{
  "f1": 0.2222222222222222,
  "roc_auc": 0.7966101694915253,
  "pr_auc": 0.4162393162393162
}