{
  "f1": 0.2,
  "roc_auc": 0.8500000000000001,
  "pr_auc": 0.19761904761904764
}