{
  "f1": 0.0,
  "roc_auc": 0.6385964912280702,
  "pr_auc": 0.1433230926779314
}