{
  "f1": 0.2222222222222222,
  "roc_auc": 0.7307692307692308,
  "pr_auc": 0.38224811426709615
}