{
  "f1": 0.26666666666666666,
  "roc_auc": 0.7448979591836734,
  "pr_auc": 0.2701222068559167
}