{
  "f1": 0.0,
  "roc_auc": 0.5357142857142857,
  "pr_auc": 0.15112563548775043
}