{
  "f1": 0.3333333333333333,
  "roc_auc": 0.7321428571428572,
  "pr_auc": 0.4391220089257556
}