{
  "f1": 0.18181818181818182,
  "roc_auc": 0.6000000000000001,
  "pr_auc": 0.3173726056078997
}