{
  "f1": 0.3076923076923077,
  "roc_auc": 0.5896103896103896,
  "pr_auc": 0.41381768504719324
}