{
  "f1": 0.18181818181818182,
  "roc_auc": 0.5614035087719298,
  "pr_auc": 0.18923217133743447
}