{
  "f1": 0.36363636363636365,
  "roc_auc": 0.7551724137931034,
  "pr_auc": 0.4911541889483066
}