{
  "f1": 0.2857142857142857,
  "roc_auc": 0.6785714285714286,
  "pr_auc": 0.2646809488914752
}