{
  "f1": 0.4,
  "roc_auc": 0.6853448275862069,
  "pr_auc": 0.21707482993197275
}