{
  "f1": 0.0,
  "roc_auc": 0.5988700564971752,
  "pr_auc": 0.09254901960784313
}