{
  "f1": 0.2,
  "roc_auc": 0.7172619047619048,
  "pr_auc": 0.318010752688172
}