{
  "f1": 0.21052631578947367,
  "roc_auc": 0.5721925133689839,
  "pr_auc": 0.3055645257026844
}