{
  "f1": 0.375,
  "roc_auc": 0.6834381551362683,
  "pr_auc": 0.46075911688814913
}