{
  "f1": 0.47058823529411764,
  "roc_auc": 0.836734693877551,
  "pr_auc": 0.5684922244759973
}