{
  "f1": 0.5454545454545454,
  "roc_auc": 0.7298245614035088,
  "pr_auc": 0.45639344262295084
}