{
  "f1": 0.15384615384615385,
  "roc_auc": 0.6045197740112994,
  "pr_auc": 0.18306010928961747
}