{
  "f1": 0.11764705882352941,
  "roc_auc": 0.5948051948051948,
  "pr_auc": 0.15858321907655432
}