{
  "f1": 0.36363636363636365,
  "roc_auc": 0.8248587570621468,
  "pr_auc": 0.2976190476190476
}