{
  "f1": 0.0,
  "roc_auc": 0.3672316384180791,
  "pr_auc": 0.05020703933747411
}