{
  "f1": 0.25,
  "roc_auc": 0.6767241379310345,
  "pr_auc": 0.24946236559139784
}