{
  "f1": 0.16666666666666666,
  "roc_auc": 0.7175141242937852,
  "pr_auc": 0.11458333333333331
}