{
  "f1": 0.0,
  "roc_auc": 0.5267857142857143,
  "pr_auc": 0.12042750915701736
}