{
  "f1": 0.46153846153846156,
  "roc_auc": 0.8095238095238094,
  "pr_auc": 0.2737789987789988
}