{
  "f1": 0.3076923076923077,
  "roc_auc": 0.6793103448275862,
  "pr_auc": 0.1564023695602643
}