{
  "f1": 0.23529411764705882,
  "roc_auc": 0.6326530612244897,
  "pr_auc": 0.18465956558061822
}