{
  "f1": 0.1111111111111111,
  "roc_auc": 0.5865384615384616,
  "pr_auc": 0.20274907718446772
}