{
  "f1": 0.36363636363636365,
  "roc_auc": 0.8050847457627119,
  "pr_auc": 0.4166374166374166
}