{
  "f1": 0.2857142857142857,
  "roc_auc": 0.7948051948051948,
  "pr_auc": 0.47109250398724084
}