{
  "f1": 0.5714285714285714,
  "roc_auc": 0.8620689655172413,
  "pr_auc": 0.633578431372549
}