{
  "f1": 0.2,
  "roc_auc": 0.4944444444444444,
  "pr_auc": 0.09225589225589226
}