{
  "f1": 0.4,
  "roc_auc": 0.7757201646090536,
  "pr_auc": 0.3782722651350103
}