{
  "f1": 0.18181818181818182,
  "roc_auc": 0.685344827586207,
  "pr_auc": 0.14654377880184333
}