{
  "f1": 0.3076923076923077,
  "roc_auc": 0.8601190476190477,
  "pr_auc": 0.34627050790843894
}