{
  "f1": 0.0,
  "roc_auc": 0.6666666666666667,
  "pr_auc": 0.14760605507731944
}