{
  "f1": 0.36363636363636365,
  "roc_auc": 0.875,
  "pr_auc": 0.28318250377073906
}