{
  "f1": 0.18181818181818182,
  "roc_auc": 0.7013888888888888,
  "pr_auc": 0.26185128596893303
}