{
  "f1": 0.26666666666666666,
  "roc_auc": 0.6309523809523809,
  "pr_auc": 0.1684621219266805
}