{
  "f1": 0.3333333333333333,
  "roc_auc": 0.7246753246753247,
  "pr_auc": 0.25385143956572526
}