{
  "f1": 0.3076923076923077,
  "roc_auc": 0.807909604519774,
  "pr_auc": 0.26904761904761904
}