{
  "f1": 0.6222222222222222,
  "roc_auc": 0.8174603174603174,
  "pr_auc": 0.6644516180432916
}