{
  "f1": 0.52,
  "roc_auc": 0.722488038277512,
  "pr_auc": 0.5048077526355075
}