{
  "f1": 0.35294117647058826,
  "roc_auc": 0.7500000000000001,
  "pr_auc": 0.5148674153870031
}