{
  "f1": 0.5777777777777777,
  "roc_auc": 0.8596491228070176,
  "pr_auc": 0.6720330857373857
}