{
  "f1": 0.6153846153846154,
  "roc_auc": 0.766397124887691,
  "pr_auc": 0.596771757069072
}