{
  "f1": 0.5238095238095238,
  "roc_auc": 0.7819472616632859,
  "pr_auc": 0.6584665966544525
}