{
  "f1": 0.6486486486486487,
  "roc_auc": 0.8745762711864408,
  "pr_auc": 0.7601316422369053
}