{
  "f1": 0.5106382978723404,
  "roc_auc": 0.746588693957115,
  "pr_auc": 0.5435547736527
}