{
  "f1": 0.34285714285714286,
  "roc_auc": 0.6838624338624338,
  "pr_auc": 0.2930988998470128
}