{
  "f1": 0.5116279069767442,
  "roc_auc": 0.7812177502579979,
  "pr_auc": 0.6476438488609818
}