{
  "f1": 0.14285714285714285,
  "roc_auc": 0.671875,
  "pr_auc": 0.20153186274509804
}