{
  "f1": 0.0,
  "roc_auc": 0.7979797979797979,
  "pr_auc": 0.2216931216931217
}