{
  "f1": 0.18181818181818182,
  "roc_auc": 0.6464646464646464,
  "pr_auc": 0.43333333333333335
}