{
  "f1": 0.15384615384615385,
  "roc_auc": 0.6640625,
  "pr_auc": 0.22806267806267805
}