{
  "f1": 0.16666666666666666,
  "roc_auc": 0.8382352941176471,
  "pr_auc": 0.5769230769230769
}