{
  "f1": 0.15384615384615385,
  "roc_auc": 0.703125,
  "pr_auc": 0.39126984126984127
}