{
  "f1": 0.6666666666666666,
  "roc_auc": 0.9765625,
  "pr_auc": 0.8041666666666667
}