{
  "mean": 0.45910781668891526,
  "std": 0.11309116434089182,
  "dist": [
    0.3902439024390244,
    0.5263157894736842,
    0.5581395348837209,
    0.3571428571428571,
    0.4848484848484848,
    0.4444444444444444,
    0.4444444444444444,
    0.3333333333333333,
    0.4864864864864865,
    0.5909090909090909,
    0.2068965517241379,
    0.5454545454545454,
    0.5,
    0.5185185185185185,
    0.5106382978723404,
    0.375,
    0.3571428571428571,
    0.5263157894736842,
    0.4390243902439024,
    0.5909090909090909,
    0.2962962962962963,
    0.5909090909090909,
    0.45,
    0.4242424242424242,
    0.5128205128205128,
    0.4390243902439024,
    0.4571428571428571,
    0.4,
    0.6341463414634146,
    0.3888888888888889,
    0.5660377358490566,
    0.4117647058823529,
    0.2777777777777778,
    0.3846153846153846,
    0.6470588235294118,
    0.4285714285714285,
    0.4242424242424242,
    0.4571428571428571,
    0.7441860465116279,
    0.2,
    0.375,
    0.3428571428571428,
    0.3888888888888889,
    0.6190476190476191,
    0.5789473684210527,
    0.4615384615384615,
    0.4848484848484848,
    0.2941176470588235,
    0.6153846153846154,
    0.4736842105263157
  ]
}