{
  "t_test": {
    "t_stat": -6.54921067849046,
    "p_value": 3.3136280149466894e-08
  },
  "wilcoxon": {
    "w_stat": 89.0,
    "p_value": 8.105655465913306e-07
  }
}