{
  "mean": 0.6008036408036408,
  "std": 0.22372255851745873,
  "dist": [
    0.2857142857142857,
    0.8,
    0.75,
    0.75,
    0.5,
    0.8,
    0.8571428571428571,
    0.5714285714285714,
    0.25,
    0.5,
    0.6666666666666666,
    0.6666666666666666,
    1.0,
    0.2857142857142857,
    0.4,
    0.8,
    0.6666666666666666,
    0.6666666666666666,
    0.5454545454545454,
    0.0,
    0.2857142857142857,
    0.6666666666666666,
    0.7272727272727273,
    0.8,
    0.5,
    0.6666666666666666,
    0.6666666666666666,
    0.4,
    0.6666666666666666,
    0.5714285714285714,
    0.4,
    0.5,
    0.4444444444444444,
    1.0,
    0.8,
    0.6666666666666666,
    0.2857142857142857,
    0.5714285714285714,
    0.3333333333333333,
    1.0,
    0.6666666666666666,
    0.4615384615384615,
    1.0,
    0.5,
    0.8,
    0.5714285714285714,
    0.5,
    0.25,
    0.9090909090909092,
    0.6666666666666666
  ]
}