{
  "t_test": {
    "t_stat": 5.118979978704818,
    "p_value": 5.137486273631002e-06
  },
  "wilcoxon": {
    "w_stat": 36.0,
    "p_value": 1.2425086933330818e-05
  }
}