{
  "mean": 0.5010571648853382,
  "std": 0.14107628414459392,
  "dist": [
    0.631578947368421,
    0.3529411764705882,
    0.625,
    0.3333333333333333,
    0.6,
    0.6153846153846154,
    0.631578947368421,
    0.4285714285714285,
    0.1818181818181818,
    0.5882352941176471,
    0.3333333333333333,
    0.6,
    0.5333333333333333,
    0.6666666666666666,
    0.3333333333333333,
    0.5833333333333334,
    0.5714285714285714,
    0.5,
    0.5,
    0.3333333333333333,
    0.4444444444444444,
    0.6666666666666666,
    0.4444444444444444,
    0.6,
    0.4,
    0.5882352941176471,
    0.631578947368421,
    0.25,
    0.5882352941176471,
    0.3076923076923077,
    0.6666666666666666,
    0.5263157894736842,
    0.2666666666666666,
    0.5333333333333333,
    0.6,
    0.5,
    0.5,
    0.4285714285714285,
    0.4,
    0.7142857142857143,
    0.6666666666666666,
    0.4,
    0.4761904761904761,
    0.7142857142857143,
    0.2222222222222222,
    0.5,
    0.4705882352941176,
    0.5,
    0.3333333333333333,
    0.7692307692307693
  ]
}