{
  "t_test": {
    "t_stat": 0.3531702348397622,
    "p_value": 0.7254757093673376
  },
  "wilcoxon": {
    "w_stat": 464.0,
    "p_value": 0.40321278929661686
  }
}