{
  "mean": 0.49716734675713015,
  "std": 0.14125352606737232,
  "dist": [
    0.6666666666666666,
    0.4,
    0.5882352941176471,
    0.2857142857142857,
    0.5,
    0.5333333333333333,
    0.6,
    0.5,
    0.1666666666666666,
    0.625,
    0.2857142857142857,
    0.631578947368421,
    0.4705882352941176,
    0.6666666666666666,
    0.3636363636363636,
    0.6153846153846154,
    0.5333333333333333,
    0.4705882352941176,
    0.4,
    0.3636363636363636,
    0.4210526315789473,
    0.7272727272727273,
    0.4285714285714285,
    0.5714285714285714,
    0.4285714285714285,
    0.625,
    0.5454545454545454,
    0.4615384615384615,
    0.625,
    0.1666666666666666,
    0.7058823529411765,
    0.4444444444444444,
    0.25,
    0.625,
    0.5,
    0.4545454545454545,
    0.5882352941176471,
    0.3333333333333333,
    0.5454545454545454,
    0.7272727272727273,
    0.625,
    0.4705882352941176,
    0.4761904761904761,
    0.6666666666666666,
    0.2,
    0.5,
    0.4705882352941176,
    0.4210526315789473,
    0.5714285714285714,
    0.6153846153846154
  ]
}