{
  "f1": 0.3076923076923077,
  "roc_auc": 0.541871921182266,
  "pr_auc": 0.4551681783824641
}