{
  "f1": 0.6,
  "roc_auc": 0.7777777777777778,
  "pr_auc": 0.4991384063964709
}