{
  "f1": 0.3333333333333333,
  "roc_auc": 0.5546875,
  "pr_auc": 0.16618663594470046
}