{
  "f1": 0.42857142857142855,
  "roc_auc": 0.7870967741935484,
  "pr_auc": 0.33042735042735044
}