{
  "f1": 0.2857142857142857,
  "roc_auc": 0.5,
  "pr_auc": 0.1705357142857143
}