{
  "f1": 0.5555555555555556,
  "roc_auc": 0.8277777777777777,
  "pr_auc": 0.6425925925925926
}