{
  "f1": 0.0,
  "roc_auc": 0.2626262626262626,
  "pr_auc": 0.07296296296296297
}