{
  "f1": 0.0,
  "roc_auc": 0.4242424242424242,
  "pr_auc": 0.0937950937950938
}