{
  "f1": 0.2,
  "roc_auc": 0.838235294117647,
  "pr_auc": 0.3333333333333333
}