{
  "f1": 0.18181818181818182,
  "roc_auc": 0.7058823529411764,
  "pr_auc": 0.12698412698412698
}