{
  "f1": 0.8,
  "roc_auc": 0.984375,
  "pr_auc": 0.9166666666666666
}