{
  "f1": 0.16666666666666666,
  "roc_auc": 0.9714285714285714,
  "pr_auc": 0.5
}