{
  "f1": 0.5,
  "roc_auc": 0.8580645161290323,
  "pr_auc": 0.6130952380952381
}