{
  "f1": 0.2222222222222222,
  "roc_auc": 0.7058823529411765,
  "pr_auc": 0.13392857142857142
}