{
  "f1": 0.4,
  "roc_auc": 0.7677419354838709,
  "pr_auc": 0.5008467023172904
}