{
  "f1": 0.2,
  "roc_auc": 0.7265625,
  "pr_auc": 0.24246031746031743
}