{
  "f1": 0.2857142857142857,
  "roc_auc": 0.8382352941176471,
  "pr_auc": 0.2111111111111111
}