{
  "f1": 0.36363636363636365,
  "roc_auc": 0.8046875,
  "pr_auc": 0.2784382284382284
}