{
  "f1": 0.42857142857142855,
  "roc_auc": 0.8203125,
  "pr_auc": 0.48888888888888893
}