{
  "f1": 0.2857142857142857,
  "roc_auc": 0.707070707070707,
  "pr_auc": 0.19017094017094016
}