{
  "f1": 0.6666666666666666,
  "roc_auc": 0.8838709677419356,
  "pr_auc": 0.5142857142857142
}