{
  "f1": 0.3333333333333333,
  "roc_auc": 0.7676767676767676,
  "pr_auc": 0.28888888888888886
}