{
  "f1": 0.3076923076923077,
  "roc_auc": 0.640625,
  "pr_auc": 0.17886574919823
}