{
  "f1": 0.5,
  "roc_auc": 0.7734375,
  "pr_auc": 0.36041666666666666
}