{
  "f1": 0.46153846153846156,
  "roc_auc": 0.875,
  "pr_auc": 0.47023809523809523
}