{
  "f1": 0.36363636363636365,
  "roc_auc": 0.7741935483870969,
  "pr_auc": 0.2904761904761905
}