{
  "f1": 0.3333333333333333,
  "roc_auc": 0.7734375,
  "pr_auc": 0.4333133971291866
}