{
  "f1": 0.26666666666666666,
  "roc_auc": 0.640625,
  "pr_auc": 0.1718954248366013
}