{
  "f1": 0.2222222222222222,
  "roc_auc": 0.6470588235294117,
  "pr_auc": 0.14545454545454545
}