{
  "f1": 0.5555555555555556,
  "roc_auc": 0.8526785714285714,
  "pr_auc": 0.6828468508615567
}