{
  "f1": 0.375,
  "roc_auc": 0.8129032258064517,
  "pr_auc": 0.36153846153846153
}