{
  "f1": 0.631578947368421,
  "roc_auc": 0.90625,
  "pr_auc": 0.7880482456140351
}