{
  "f1": 0.42857142857142855,
  "roc_auc": 0.6944444444444444,
  "pr_auc": 0.34743284493284493
}