{
  "f1": 0.4782608695652174,
  "roc_auc": 0.7788888888888889,
  "pr_auc": 0.6523539757429742
}