{
  "f1": 0.5853658536585366,
  "roc_auc": 0.8870967741935484,
  "pr_auc": 0.715875070442378
}