{
  "f1": 0.3888888888888889,
  "roc_auc": 0.76,
  "pr_auc": 0.4692308150007458
}