{
  "f1": 0.5306122448979592,
  "roc_auc": 0.712962962962963,
  "pr_auc": 0.6338221186875875
}