{
  "f1": 0.42857142857142855,
  "roc_auc": 0.6468253968253969,
  "pr_auc": 0.440701421498523
}