{
  "f1": 0.5263157894736842,
  "roc_auc": 0.7777777777777778,
  "pr_auc": 0.4705029092090496
}