{
  "f1": 0.43902439024390244,
  "roc_auc": 0.7166666666666667,
  "pr_auc": 0.5163293623271583
}