{
  "f1": 0.3333333333333333,
  "roc_auc": 0.6408898305084746,
  "pr_auc": 0.3888968501376636
}