{
  "f1": 0.35,
  "roc_auc": 0.6663135593220338,
  "pr_auc": 0.45577041020103004
}