{
  "f1": 0.5238095238095238,
  "roc_auc": 0.833686440677966,
  "pr_auc": 0.7116041423832292
}