{
  "f1": 0.6222222222222222,
  "roc_auc": 0.8238993710691824,
  "pr_auc": 0.7660519795028702
}