{
  "f1": 0.6222222222222222,
  "roc_auc": 0.7910052910052909,
  "pr_auc": 0.6431669607688086
}