{
  "f1": 0.5128205128205128,
  "roc_auc": 0.7880952380952382,
  "pr_auc": 0.4911442520376258
}