{
  "f1": 0.5945945945945946,
  "roc_auc": 0.7866666666666666,
  "pr_auc": 0.5771666247982037
}