{
  "f1": 0.55,
  "roc_auc": 0.7593220338983051,
  "pr_auc": 0.5058031155639852
}