{
  "f1": 0.6,
  "roc_auc": 0.9192037470725994,
  "pr_auc": 0.7594740069994381
}