{
  "f1": 0.5,
  "roc_auc": 0.652129817444219,
  "pr_auc": 0.4317278720393334
}