{
  "f1": 0.55,
  "roc_auc": 0.7552966101694915,
  "pr_auc": 0.5522291638100462
}