{
  "f1": 0.4117647058823529,
  "roc_auc": 0.6944444444444445,
  "pr_auc": 0.3592501607612327
}