{
  "f1": 0.6666666666666666,
  "roc_auc": 0.8521825396825397,
  "pr_auc": 0.7471824244699392
}