{
  "f1": 0.6956521739130435,
  "roc_auc": 0.8751123090745732,
  "pr_auc": 0.7652293641519985
}