{
  "f1": 0.23076923076923078,
  "roc_auc": 0.4969230769230769,
  "pr_auc": 0.28003212939761934
}