{
  "f1": 0.5,
  "roc_auc": 0.6949152542372882,
  "pr_auc": 0.3451115477212946
}