{
  "f1": 0.41025641025641024,
  "roc_auc": 0.6563275434243176,
  "pr_auc": 0.42438104870370574
}