{
  "f1": 0.5116279069767442,
  "roc_auc": 0.682261208576998,
  "pr_auc": 0.5090627964473711
}