{
  "f1": 0.5,
  "roc_auc": 0.6811145510835913,
  "pr_auc": 0.5399840932597116
}