{
  "f1": 0.6666666666666666,
  "roc_auc": 0.8148148148148149,
  "pr_auc": 0.7694496004619296
}