{
  "f1": 0.43478260869565216,
  "roc_auc": 0.6302966101694916,
  "pr_auc": 0.35365502196117155
}