{
  "f1": 0.46153846153846156,
  "roc_auc": 0.6644444444444444,
  "pr_auc": 0.34907949170761393
}