{
  "f1": 0.4878048780487805,
  "roc_auc": 0.7377049180327869,
  "pr_auc": 0.3585607806562707
}