{
  "f1": 0.6060606060606061,
  "roc_auc": 0.8203389830508475,
  "pr_auc": 0.6622842939120829
}