{
  "f1": 0.4878048780487805,
  "roc_auc": 0.7232142857142857,
  "pr_auc": 0.49140548937451023
}