{
  "f1": 0.5531914893617021,
  "roc_auc": 0.7911111111111111,
  "pr_auc": 0.5993268334320234
}