{
  "f1": 0.5531914893617021,
  "roc_auc": 0.808316430020284,
  "pr_auc": 0.7039269508054827
}