{
  "f1": 0.55,
  "roc_auc": 0.7902542372881356,
  "pr_auc": 0.47226111396867604
}