{
  "f1": 0.5581395348837209,
  "roc_auc": 0.7505070993914807,
  "pr_auc": 0.5717747855335095
}