{
  "f1": 0.5142857142857142,
  "roc_auc": 0.8494318181818181,
  "pr_auc": 0.647827844198812
}