{
  "f1": 0.5263157894736842,
  "roc_auc": 0.7555555555555555,
  "pr_auc": 0.5411013421452305
}