{
  "f1": 0.5454545454545454,
  "roc_auc": 0.7988700564971751,
  "pr_auc": 0.649188719776955
}