{
  "f1": 0.5531914893617021,
  "roc_auc": 0.7925696594427244,
  "pr_auc": 0.673106156441071
}