{
  "f1": 0.36363636363636365,
  "roc_auc": 0.6876923076923076,
  "pr_auc": 0.4273701816796446
}