{
  "f1": 0.6190476190476191,
  "roc_auc": 0.8204365079365079,
  "pr_auc": 0.6490121042999202
}