{
  "f1": 0.3783783783783784,
  "roc_auc": 0.6960297766749379,
  "pr_auc": 0.4567756252786982
}