{
  "f1": 0.46153846153846156,
  "roc_auc": 0.7957124842370744,
  "pr_auc": 0.551549011557215
}