{
  "f1": 0.6122448979591837,
  "roc_auc": 0.7484276729559749,
  "pr_auc": 0.5877017120077297
}