{
  "f1": 0.43902439024390244,
  "roc_auc": 0.6650124069478908,
  "pr_auc": 0.3473283867190706
}