{
  "f1": 0.6122448979591837,
  "roc_auc": 0.7716049382716049,
  "pr_auc": 0.609543327715542
}