{
  "f1": 0.5454545454545454,
  "roc_auc": 0.6842592592592593,
  "pr_auc": 0.6212065478083307
}