{
  "f1": 0.5238095238095238,
  "roc_auc": 0.837468982630273,
  "pr_auc": 0.6028247341215192
}