{
  "f1": 0.41025641025641024,
  "roc_auc": 0.6773809523809524,
  "pr_auc": 0.4466872499733291
}