{
  "f1": 0.45,
  "roc_auc": 0.705955334987593,
  "pr_auc": 0.3504746990740485
}