{
  "f1": 0.3902439024390244,
  "roc_auc": 0.6406779661016949,
  "pr_auc": 0.4135398009926272
}