{
  "f1": 0.5490196078431373,
  "roc_auc": 0.7787524366471735,
  "pr_auc": 0.6244056680150392
}