{
  "f1": 0.47368421052631576,
  "roc_auc": 0.7326607818411097,
  "pr_auc": 0.4347164583956579
}