{
  "f1": 0.6363636363636364,
  "roc_auc": 0.8761609907120743,
  "pr_auc": 0.718292687554005
}