{
  "f1": 0.3783783783783784,
  "roc_auc": 0.746875,
  "pr_auc": 0.4859584745409239
}