{
  "f1": 0.6521739130434783,
  "roc_auc": 0.7610229276895943,
  "pr_auc": 0.5392738067462807
}