{
  "f1": 0.41025641025641024,
  "roc_auc": 0.702576112412178,
  "pr_auc": 0.4898404571618856
}