{
  "f1": 0.5909090909090909,
  "roc_auc": 0.7148325358851675,
  "pr_auc": 0.48196880790553853
}