{
  "mean": 0.5102361640679939,
  "std": 0.08639850982602953,
  "dist": [
    0.5,
    0.5416666666666666,
    0.5294117647058824,
    0.375,
    0.5909090909090909,
    0.5405405405405406,
    0.5238095238095238,
    0.4242424242424242,
    0.5238095238095238,
    0.5454545454545454,
    0.4888888888888889,
    0.5555555555555556,
    0.6486486486486487,
    0.4571428571428571,
    0.4444444444444444,
    0.5625,
    0.3636363636363636,
    0.5116279069767442,
    0.4761904761904761,
    0.625,
    0.3870967741935484,
    0.6521739130434783,
    0.4761904761904761,
    0.5454545454545454,
    0.4571428571428571,
    0.6956521739130435,
    0.4736842105263157,
    0.4186046511627907,
    0.5625,
    0.4102564102564102,
    0.5581395348837209,
    0.4,
    0.5789473684210527,
    0.4705882352941176,
    0.5581395348837209,
    0.4186046511627907,
    0.4117647058823529,
    0.55,
    0.6511627906976745,
    0.5263157894736842,
    0.5294117647058824,
    0.4878048780487805,
    0.5365853658536586,
    0.5714285714285714,
    0.45,
    0.6086956521739131,
    0.3555555555555555,
    0.32,
    0.5714285714285714,
    0.65
  ]
}