{
  "t_test": {
    "t_stat": -1.3007469209532794,
    "p_value": 0.19942924765277667
  },
  "wilcoxon": {
    "w_stat": 392.0,
    "p_value": 0.22934800503594666
  }
}