{
  "f1": 0.3157894736842105,
  "roc_auc": 0.8448275862068966,
  "pr_auc": 0.2181818181818182
}