{
  "f1": 0.23529411764705882,
  "roc_auc": 0.6785714285714286,
  "pr_auc": 0.15725208433541768
}