{
  "f1": 0.2857142857142857,
  "roc_auc": 0.6896551724137931,
  "pr_auc": 0.4116830065359477
}