{
  "f1": 0.36363636363636365,
  "roc_auc": 0.814655172413793,
  "pr_auc": 0.36939102564102566
}