{
  "f1": 0.11764705882352941,
  "roc_auc": 0.4413265306122449,
  "pr_auc": 0.12323951978683435
}