{
  "f1": 0.35294117647058826,
  "roc_auc": 0.760204081632653,
  "pr_auc": 0.3915687372183485
}