{
  "f1": 0.4,
  "roc_auc": 0.7974025974025973,
  "pr_auc": 0.3286406194873014
}