{
  "f1": 0.4444444444444444,
  "roc_auc": 0.7736625514403291,
  "pr_auc": 0.39209354239780203
}