{
  "f1": 0.26666666666666666,
  "roc_auc": 0.5649122807017545,
  "pr_auc": 0.23596097300187116
}