{
  "f1": 0.2,
  "roc_auc": 0.5892857142857142,
  "pr_auc": 0.21669994728842382
}