{
  "f1": 0.13333333333333333,
  "roc_auc": 0.543859649122807,
  "pr_auc": 0.14393497183819765
}