{
  "f1": 0.36363636363636365,
  "roc_auc": 0.6269230769230769,
  "pr_auc": 0.28596340056283204
}