{
  "f1": 0.36363636363636365,
  "roc_auc": 0.7627551020408163,
  "pr_auc": 0.5520764119601329
}