{
  "f1": 0.4,
  "roc_auc": 0.6961038961038961,
  "pr_auc": 0.3590039789500705
}