{
  "f1": 0.42105263157894735,
  "roc_auc": 0.6876310272536689,
  "pr_auc": 0.5165608442528331
}