{
  "f1": 0.35294117647058826,
  "roc_auc": 0.6482758620689656,
  "pr_auc": 0.21158730158730155
}