{
  "f1": 0.25,
  "roc_auc": 0.7754237288135593,
  "pr_auc": 0.40520833333333334
}