{
  "f1": 0.3333333333333333,
  "roc_auc": 0.6755952380952381,
  "pr_auc": 0.2082687338501292
}