{
  "f1": 0.2222222222222222,
  "roc_auc": 0.7288135593220338,
  "pr_auc": 0.1388888888888889
}