{
  "f1": 0.2,
  "roc_auc": 0.5948051948051949,
  "pr_auc": 0.14972068543497113
}