{
  "f1": 0.17391304347826086,
  "roc_auc": 0.5793226381461676,
  "pr_auc": 0.2616644429888085
}