{
  "f1": 0.35294117647058826,
  "roc_auc": 0.75,
  "pr_auc": 0.47860576923076925
}