{
  "f1": 0.16666666666666666,
  "roc_auc": 0.456140350877193,
  "pr_auc": 0.10106195124343945
}