{
  "f1": 0.25,
  "roc_auc": 0.6724137931034483,
  "pr_auc": 0.18911637931034483
}