{
  "f1": 0.3,
  "roc_auc": 0.8051948051948052,
  "pr_auc": 0.4336734693877551
}