{
  "f1": 0.2857142857142857,
  "roc_auc": 0.6636904761904762,
  "pr_auc": 0.2539133539133539
}