{
  "f1": 0.2222222222222222,
  "roc_auc": 0.48571428571428577,
  "pr_auc": 0.3330685975333998
}