{
  "f1": 0.3157894736842105,
  "roc_auc": 0.7738095238095238,
  "pr_auc": 0.26608588779641407
}