{
  "f1": 0.35294117647058826,
  "roc_auc": 0.6689814814814815,
  "pr_auc": 0.2826724802419509
}