{
  "f1": 0.4,
  "roc_auc": 0.9055555555555556,
  "pr_auc": 0.3242424242424242
}