{
  "f1": 0.125,
  "roc_auc": 0.27683615819209034,
  "pr_auc": 0.05314557937508757
}