{
  "f1": 0.23529411764705882,
  "roc_auc": 0.6551724137931034,
  "pr_auc": 0.16924423413545692
}