{
  "f1": 0.18181818181818182,
  "roc_auc": 0.5788461538461538,
  "pr_auc": 0.1970272729198484
}