{
  "f1": 0.21052631578947367,
  "roc_auc": 0.6934523809523809,
  "pr_auc": 0.28590293668954997
}