{
  "f1": 0.2857142857142857,
  "roc_auc": 0.7457627118644068,
  "pr_auc": 0.32272727272727275
}