{
  "f1": 0.375,
  "roc_auc": 0.9152542372881356,
  "pr_auc": 0.35470085470085466
}