{
  "f1": 0.25,
  "roc_auc": 0.7931034482758621,
  "pr_auc": 0.33333333333333337
}