{
  "f1": 0.42105263157894735,
  "roc_auc": 0.7692307692307693,
  "pr_auc": 0.464815714085405
}