{
  "f1": 0.2,
  "roc_auc": 0.7231638418079096,
  "pr_auc": 0.1406015037593985
}