{
  "f1": 0.18181818181818182,
  "roc_auc": 0.6497175141242938,
  "pr_auc": 0.3826164874551971
}