{
  "f1": 0.35294117647058826,
  "roc_auc": 0.7827380952380952,
  "pr_auc": 0.49680190058479523
}