{
  "f1": 0.24,
  "roc_auc": 0.5480769230769231,
  "pr_auc": 0.2719460756046122
}