{
  "f1": 0.2222222222222222,
  "roc_auc": 0.5327380952380952,
  "pr_auc": 0.13551493712646412
}