{
  "f1": 0.3076923076923077,
  "roc_auc": 0.5689655172413792,
  "pr_auc": 0.12619949494949495
}