{
  "f1": 0.2857142857142857,
  "roc_auc": 0.5988700564971751,
  "pr_auc": 0.13282828282828282
}