{
  "f1": 0.2,
  "roc_auc": 0.7688311688311689,
  "pr_auc": 0.4012900655757799
}