{
  "f1": 0.25,
  "roc_auc": 0.6071428571428571,
  "pr_auc": 0.25083367458367456
}