{
  "f1": 0.631578947368421,
  "roc_auc": 0.9,
  "pr_auc": 0.5446127946127947
}