{
  "f1": 0.4,
  "roc_auc": 0.8451612903225807,
  "pr_auc": 0.5573717948717949
}