{
  "f1": 0.42857142857142855,
  "roc_auc": 0.6064516129032258,
  "pr_auc": 0.46441176470588236
}