{
  "f1": 0.5,
  "roc_auc": 0.6277777777777778,
  "pr_auc": 0.39649356869184454
}