{
  "f1": 0.26666666666666666,
  "roc_auc": 0.7171717171717172,
  "pr_auc": 0.16951566951566954
}