{
  "f1": 0.375,
  "roc_auc": 0.8387096774193549,
  "pr_auc": 0.5929670329670329
}