{
  "f1": 0.46153846153846156,
  "roc_auc": 0.734375,
  "pr_auc": 0.3416666666666666
}