{
  "f1": 0.5882352941176471,
  "roc_auc": 0.7093596059113302,
  "pr_auc": 0.4850461923899994
}