{
  "f1": 0.5263157894736842,
  "roc_auc": 0.8777777777777779,
  "pr_auc": 0.6706649831649831
}