{
  "f1": 0.5,
  "roc_auc": 0.8277777777777777,
  "pr_auc": 0.4828754578754578
}