{
  "f1": 0.7142857142857143,
  "roc_auc": 0.8444444444444446,
  "pr_auc": 0.7497605363984674
}