{
  "f1": 0.3076923076923077,
  "roc_auc": 0.6875,
  "pr_auc": 0.38060897435897434
}