{
  "f1": 0.5263157894736842,
  "roc_auc": 0.8944444444444445,
  "pr_auc": 0.7433862433862434
}