{
  "f1": 0.5263157894736842,
  "roc_auc": 0.6785714285714286,
  "pr_auc": 0.38905122655122654
}