{
  "f1": 0.7142857142857143,
  "roc_auc": 0.9333333333333333,
  "pr_auc": 0.6405122655122656
}