{
  "f1": 0.5263157894736842,
  "roc_auc": 0.8333333333333334,
  "pr_auc": 0.4340909090909091
}