{
  "f1": 0.7,
  "roc_auc": 0.9753694581280788,
  "pr_auc": 0.9214285714285713
}