{
  "f1": 0.46153846153846156,
  "roc_auc": 0.8484848484848484,
  "pr_auc": 0.34074074074074073
}