{
  "f1": 0.625,
  "roc_auc": 0.8722222222222222,
  "pr_auc": 0.5449346405228758
}