{
  "f1": 0.4,
  "roc_auc": 0.7890625,
  "pr_auc": 0.5221428571428571
}