{
  "f1": 0.3076923076923077,
  "roc_auc": 0.797979797979798,
  "pr_auc": 0.3526315789473684
}