{
  "f1": 0.47619047619047616,
  "roc_auc": 0.8277777777777777,
  "pr_auc": 0.6485470085470085
}