{
  "f1": 0.5714285714285714,
  "roc_auc": 0.8029556650246306,
  "pr_auc": 0.6979166666666667
}