{
  "f1": 0.625,
  "roc_auc": 0.768472906403941,
  "pr_auc": 0.6213385354141656
}