{
  "f1": 0.46153846153846156,
  "roc_auc": 0.8709677419354839,
  "pr_auc": 0.5496503496503498
}