{
  "f1": 0.35294117647058826,
  "roc_auc": 0.8203125,
  "pr_auc": 0.3806818181818182
}