{
  "f1": 0.5,
  "roc_auc": 0.7589285714285715,
  "pr_auc": 0.665327380952381
}