{
  "f1": 0.5714285714285714,
  "roc_auc": 0.7678571428571428,
  "pr_auc": 0.5186298076923077
}