{
  "f1": 0.5555555555555556,
  "roc_auc": 0.8620689655172414,
  "pr_auc": 0.5338762428048143
}