{
  "f1": 0.15384615384615385,
  "roc_auc": 0.6774193548387097,
  "pr_auc": 0.2527153891859774
}