{
  "f1": 0.5882352941176471,
  "roc_auc": 0.7777777777777778,
  "pr_auc": 0.5868516191096835
}