{
  "f1": 0.5555555555555556,
  "roc_auc": 0.967741935483871,
  "pr_auc": 0.8711111111111112
}