{
  "f1": 0.36363636363636365,
  "roc_auc": 0.65625,
  "pr_auc": 0.23506493506493506
}