{
  "f1": 0.64,
  "roc_auc": 0.732638888888889,
  "pr_auc": 0.6334242103785448
}