{
  "f1": 0.4444444444444444,
  "roc_auc": 0.7611111111111111,
  "pr_auc": 0.5588744588744589
}