{
  "f1": 0.8,
  "roc_auc": 0.9508928571428572,
  "pr_auc": 0.8491883116883117
}