{
  "mean": 0.5171114477362476,
  "std": 0.08960657421263801,
  "dist": [
    0.5641025641025641,
    0.5306122448979592,
    0.4615384615384615,
    0.4210526315789473,
    0.6190476190476191,
    0.5641025641025641,
    0.55,
    0.3720930232558139,
    0.5365853658536586,
    0.5909090909090909,
    0.5116279069767442,
    0.5,
    0.6666666666666666,
    0.4324324324324324,
    0.5,
    0.5,
    0.4444444444444444,
    0.5238095238095238,
    0.4761904761904761,
    0.6274509803921569,
    0.3870967741935484,
    0.6530612244897959,
    0.4888888888888889,
    0.5714285714285714,
    0.45,
    0.6530612244897959,
    0.4390243902439024,
    0.5454545454545454,
    0.5294117647058824,
    0.4102564102564102,
    0.6222222222222222,
    0.4390243902439024,
    0.4888888888888889,
    0.5294117647058824,
    0.5238095238095238,
    0.4186046511627907,
    0.3684210526315789,
    0.6190476190476191,
    0.6521739130434783,
    0.5263157894736842,
    0.45,
    0.5238095238095238,
    0.5365853658536586,
    0.6190476190476191,
    0.4761904761904761,
    0.56,
    0.391304347826087,
    0.2857142857142857,
    0.6046511627906976,
    0.7
  ]
}