{
  "t_test": {
    "t_stat": -0.35720887636272447,
    "p_value": 0.7224693485776519
  },
  "wilcoxon": {
    "w_stat": 445.5,
    "p_value": 0.73983848353831
  }
}