{
  "mean": 0.323021423021423,
  "std": 0.2003447424241442,
  "dist": [
    0.0,
    0.4444444444444444,
    0.6,
    0.4,
    0.3333333333333333,
    0.2,
    0.3076923076923077,
    0.25,
    0.5714285714285714,
    0.2857142857142857,
    0.4444444444444444,
    0.25,
    0.5333333333333333,
    0.4,
    0.0,
    0.2857142857142857,
    0.5,
    0.0,
    0.2,
    0.5,
    0.2222222222222222,
    0.5,
    0.3076923076923077,
    0.0,
    0.6666666666666666,
    0.1666666666666666,
    0.3333333333333333,
    0.7142857142857143,
    0.1818181818181818,
    0.0,
    0.1666666666666666,
    0.5,
    0.5714285714285714,
    0.4,
    0.0,
    0.5714285714285714,
    0.3333333333333333,
    0.1666666666666666,
    0.0,
    0.5,
    0.2,
    0.5714285714285714,
    0.3076923076923077,
    0.2,
    0.5,
    0.0,
    0.3636363636363636,
    0.5,
    0.2,
    0.5
  ]
}