{
  "t_test": {
    "t_stat": -2.859941124970521,
    "p_value": 0.0062098265127262945
  },
  "wilcoxon": {
    "w_stat": 232.0,
    "p_value": 0.010102086795933694
  }
}