{
  "f1": 0.55,
  "roc_auc": 0.7981744421906694,
  "pr_auc": 0.622165502381222
}