{
  "f1": 0.3333333333333333,
  "roc_auc": 0.7092307692307692,
  "pr_auc": 0.3736104928210191
}