{
  "f1": 0.5777777777777777,
  "roc_auc": 0.8040254237288136,
  "pr_auc": 0.6422417211826265
}