{
  "f1": 0.5789473684210527,
  "roc_auc": 0.8288888888888889,
  "pr_auc": 0.5576104838899758
}