{
  "f1": 0.391304347826087,
  "roc_auc": 0.7060889929742389,
  "pr_auc": 0.4673676088027644
}