{
  "f1": 0.5217391304347826,
  "roc_auc": 0.8548387096774193,
  "pr_auc": 0.5868573582532393
}