{
  "f1": 0.38095238095238093,
  "roc_auc": 0.7270471464019851,
  "pr_auc": 0.4559664299065313
}