{
  "f1": 0.55,
  "roc_auc": 0.8353174603174602,
  "pr_auc": 0.6517347056427366
}