{
  "f1": 0.5777777777777777,
  "roc_auc": 0.8248587570621468,
  "pr_auc": 0.6327762435541451
}