{
  "f1": 0.43243243243243246,
  "roc_auc": 0.68,
  "pr_auc": 0.40637656698372765
}