{
  "f1": 0.4897959183673469,
  "roc_auc": 0.6972222222222222,
  "pr_auc": 0.6059015732078642
}