{
  "f1": 0.45454545454545453,
  "roc_auc": 0.7389830508474576,
  "pr_auc": 0.47492127773807613
}