{
  "f1": 0.5116279069767442,
  "roc_auc": 0.8155555555555556,
  "pr_auc": 0.6496662634576077
}