{
  "f1": 0.6153846153846154,
  "roc_auc": 0.7647058823529412,
  "pr_auc": 0.745054945054945
}