{
  "mean": 0.46588336968516,
  "std": 0.11621916287293436,
  "dist": [
    0.5882352941176471,
    0.4285714285714285,
    0.5333333333333333,
    0.2857142857142857,
    0.5714285714285714,
    0.5333333333333333,
    0.5882352941176471,
    0.5,
    0.25,
    0.3636363636363636,
    0.3636363636363636,
    0.5555555555555556,
    0.5,
    0.5714285714285714,
    0.3333333333333333,
    0.4347826086956521,
    0.4615384615384615,
    0.5882352941176471,
    0.5,
    0.3333333333333333,
    0.3076923076923077,
    0.3636363636363636,
    0.4444444444444444,
    0.5882352941176471,
    0.5882352941176471,
    0.4,
    0.5882352941176471,
    0.3636363636363636,
    0.5714285714285714,
    0.4,
    0.6153846153846154,
    0.375,
    0.4285714285714285,
    0.5714285714285714,
    0.4,
    0.5882352941176471,
    0.5,
    0.3333333333333333,
    0.6,
    0.3333333333333333,
    0.5,
    0.5,
    0.6,
    0.4285714285714285,
    0.2222222222222222,
    0.7272727272727273,
    0.5555555555555556,
    0.3076923076923077,
    0.5,
    0.3076923076923077
  ]
}