{
  "t_test": {
    "t_stat": 3.3718036932263584,
    "p_value": 0.0014649507335618662
  },
  "wilcoxon": {
    "w_stat": 278.0,
    "p_value": 0.0024730096428296046
  }
}