{
  "mean": 0.5369033189033189,
  "std": 0.20183147415693883,
  "dist": [
    0.4444444444444444,
    0.5,
    0.6,
    0.7272727272727273,
    0.4444444444444444,
    0.8333333333333334,
    0.8888888888888888,
    0.5,
    0.0,
    0.2857142857142857,
    0.6666666666666666,
    0.5714285714285714,
    0.6666666666666666,
    0.2222222222222222,
    0.6666666666666666,
    0.7272727272727273,
    0.6666666666666666,
    0.5714285714285714,
    0.5454545454545454,
    0.0,
    0.6,
    0.5454545454545454,
    0.6666666666666666,
    0.6666666666666666,
    0.0,
    0.7142857142857143,
    0.6666666666666666,
    0.2857142857142857,
    0.5,
    0.5714285714285714,
    0.3333333333333333,
    0.4444444444444444,
    0.7272727272727273,
    0.5714285714285714,
    0.6,
    0.4444444444444444,
    0.25,
    0.75,
    0.5,
    0.8,
    0.5,
    0.4285714285714285,
    0.6666666666666666,
    0.6,
    0.8,
    0.5714285714285714,
    0.4,
    0.5454545454545454,
    0.6666666666666666,
    0.5
  ]
}