rep,fold,f1,roc_auc,pr_auc
1,1,0.4444444444444444,0.5648148148148148,0.5171476671476671
1,2,0.5,0.9761904761904762,0.8333333333333333
1,3,0.6,0.9666666666666667,0.8666666666666667
1,4,0.7272727272727273,0.9210526315789473,0.6220238095238095
1,5,0.4444444444444444,0.8157894736842105,0.47632575757575757
2,1,0.8333333333333334,0.9789473684210527,0.9428571428571428
