{
  "t_test": {
    "t_stat": 4.089924812197097,
    "p_value": 0.0001601760847195171
  },
  "wilcoxon": {
    "w_stat": 0.0,
    "p_value": 0.0006533107814151376
  }
}