{
  "f1": 0.23529411764705882,
  "roc_auc": 0.4872159090909091,
  "pr_auc": 0.1627292307276544
}