{
  "f1": 0.5714285714285714,
  "roc_auc": 0.7196172248803828,
  "pr_auc": 0.4946907323447608
}