{
  "f1": 0.6666666666666666,
  "roc_auc": 0.8782327586206896,
  "pr_auc": 0.6983790933805896
}