{
  "f1": 0.3333333333333333,
  "roc_auc": 0.6288888888888888,
  "pr_auc": 0.3493568858941266
}