{
  "f1": 0.5714285714285714,
  "roc_auc": 0.8327683615819209,
  "pr_auc": 0.6460821449792038
}