{
  "f1": 0.4,
  "roc_auc": 0.7350427350427351,
  "pr_auc": 0.5002383014678097
}