{
  "f1": 0.4,
  "roc_auc": 0.71712158808933,
  "pr_auc": 0.5134353311974879
}