{
  "f1": 0.47368421052631576,
  "roc_auc": 0.7171610169491526,
  "pr_auc": 0.41609042161261917
}