{
  "mean": 0.4649652094615941,
  "std": 0.09583942041955569,
  "dist": [
    0.375,
    0.5581395348837209,
    0.5,
    0.4137931034482758,
    0.48,
    0.4571428571428571,
    0.4571428571428571,
    0.2962962962962963,
    0.5,
    0.6111111111111112,
    0.2666666666666666,
    0.4736842105263157,
    0.5161290322580645,
    0.5185185185185185,
    0.5641025641025641,
    0.4347826086956521,
    0.4666666666666667,
    0.5,
    0.3783783783783784,
    0.5641025641025641,
    0.3846153846153846,
    0.55,
    0.5,
    0.5,
    0.4102564102564102,
    0.5,
    0.4516129032258064,
    0.3571428571428571,
    0.5714285714285714,
    0.4516129032258064,
    0.5777777777777777,
    0.375,
    0.2962962962962963,
    0.4285714285714285,
    0.6060606060606061,
    0.3870967741935484,
    0.4827586206896552,
    0.4827586206896552,
    0.6666666666666666,
    0.2580645161290322,
    0.3225806451612903,
    0.3888888888888889,
    0.4666666666666667,
    0.6666666666666666,
    0.5142857142857142,
    0.4705882352941176,
    0.5714285714285714,
    0.3333333333333333,
    0.5,
    0.4444444444444444
  ]
}