{
  "t_test": {
    "t_stat": 2.4513398862416818,
    "p_value": 0.01784577898338825
  },
  "wilcoxon": {
    "w_stat": 315.5,
    "p_value": 0.022601544938872065
  }
}