{
  "f1": 0.5365853658536586,
  "roc_auc": 0.7944915254237288,
  "pr_auc": 0.6409500261121501
}