{
  "f1": 0.5945945945945946,
  "roc_auc": 0.7667342799188641,
  "pr_auc": 0.5792627175442604
}