{
  "f1": 0.5957446808510638,
  "roc_auc": 0.8023360287511231,
  "pr_auc": 0.716375667256254
}