{
  "f1": 0.5142857142857142,
  "roc_auc": 0.8323863636363636,
  "pr_auc": 0.5937337315996792
}