{
  "f1": 0.5652173913043478,
  "roc_auc": 0.8700564971751412,
  "pr_auc": 0.7371367021103632
}