{
  "f1": 0.36363636363636365,
  "roc_auc": 0.7142857142857143,
  "pr_auc": 0.39250125433346056
}