{
  "f1": 0.4864864864864865,
  "roc_auc": 0.7807909604519774,
  "pr_auc": 0.5903227211029161
}