{
  "f1": 0.55,
  "roc_auc": 0.7584745762711864,
  "pr_auc": 0.5586290956297808
}