{
  "f1": 0.5,
  "roc_auc": 0.6842105263157895,
  "pr_auc": 0.49924171319250166
}