{
  "f1": 0.5405405405405406,
  "roc_auc": 0.7425847457627119,
  "pr_auc": 0.474392510272802
}