{
  "f1": 0.5641025641025641,
  "roc_auc": 0.8056206088992974,
  "pr_auc": 0.4318262569147201
}