{
  "f1": 0.55,
  "roc_auc": 0.8238213399503722,
  "pr_auc": 0.602302774880485
}