{
  "f1": 0.4864864864864865,
  "roc_auc": 0.7096774193548387,
  "pr_auc": 0.4194860612287575
}