{
  "f1": 0.4,
  "roc_auc": 0.7440100882723835,
  "pr_auc": 0.5444686799188643
}