{
  "f1": 0.43478260869565216,
  "roc_auc": 0.6722222222222222,
  "pr_auc": 0.5664526670167693
}