{
  "f1": 0.7111111111111111,
  "roc_auc": 0.8703703703703703,
  "pr_auc": 0.7803030660173518
}