{
  "f1": 0.4878048780487805,
  "roc_auc": 0.7626774847870182,
  "pr_auc": 0.6122344827933176
}