{
  "f1": 0.43902439024390244,
  "roc_auc": 0.7633333333333334,
  "pr_auc": 0.5981679597092975
}