{
  "f1": 0.4444444444444444,
  "roc_auc": 0.7681498829039812,
  "pr_auc": 0.5841798339313866
}