{
  "f1": 0.36363636363636365,
  "roc_auc": 0.759375,
  "pr_auc": 0.5311616743471582
}