{
  "f1": 0.625,
  "roc_auc": 0.8209876543209876,
  "pr_auc": 0.7325028847190704
}