{
  "f1": 0.5555555555555556,
  "roc_auc": 0.8155555555555556,
  "pr_auc": 0.5603889301518172
}