{
  "f1": 0.5142857142857142,
  "roc_auc": 0.7038539553752535,
  "pr_auc": 0.5245165004892722
}