{
  "f1": 0.5581395348837209,
  "roc_auc": 0.82765737874097,
  "pr_auc": 0.694315598366584
}