{
  "f1": 0.4,
  "roc_auc": 0.6192090395480225,
  "pr_auc": 0.38785976208553585
}