{
  "f1": 0.45,
  "roc_auc": 0.6983050847457626,
  "pr_auc": 0.46274859186597955
}