{
  "f1": 0.4444444444444444,
  "roc_auc": 0.6583333333333333,
  "pr_auc": 0.4538620218718902
}