{
  "f1": 0.2962962962962963,
  "roc_auc": 0.6015384615384616,
  "pr_auc": 0.30747590983968187
}