{
  "f1": 0.5454545454545454,
  "roc_auc": 0.7645502645502645,
  "pr_auc": 0.5427551119229408
}