{
  "f1": 0.5365853658536586,
  "roc_auc": 0.7261904761904762,
  "pr_auc": 0.49838675765138374
}