{
  "f1": 0.4,
  "roc_auc": 0.6922222222222222,
  "pr_auc": 0.4432085622673074
}