{
  "f1": 0.5454545454545454,
  "roc_auc": 0.7647058823529411,
  "pr_auc": 0.6736789862315211
}