{
  "f1": 0.5238095238095238,
  "roc_auc": 0.7944444444444444,
  "pr_auc": 0.6381338309162953
}