{
  "f1": 0.4878048780487805,
  "roc_auc": 0.7014354066985646,
  "pr_auc": 0.5880916383109052
}