{
  "f1": 0.43902439024390244,
  "roc_auc": 0.749379652605459,
  "pr_auc": 0.46621295833282517
}