{
  "f1": 0.5,
  "roc_auc": 0.7667087011349306,
  "pr_auc": 0.48617561663204
}