{
  "f1": 0.37209302325581395,
  "roc_auc": 0.6165254237288135,
  "pr_auc": 0.36776533495930047
}