{
  "f1": 0.47619047619047616,
  "roc_auc": 0.7404661016949152,
  "pr_auc": 0.4566468543196411
}