{
  "f1": 0.47368421052631576,
  "roc_auc": 0.7754342431761787,
  "pr_auc": 0.5338317200322777
}