{
  "f1": 0.6153846153846154,
  "roc_auc": 0.7473684210526315,
  "pr_auc": 0.5402594666068888
}