{
  "f1": 0.5306122448979592,
  "roc_auc": 0.7354497354497354,
  "pr_auc": 0.5358322176907244
}