{
  "f1": 0.6857142857142857,
  "roc_auc": 0.9285714285714286,
  "pr_auc": 0.8177049182570293
}