{
  "f1": 0.5957446808510638,
  "roc_auc": 0.7962962962962963,
  "pr_auc": 0.5415626347278394
}