{
  "f1": 0.65,
  "roc_auc": 0.8075396825396827,
  "pr_auc": 0.6995116368074258
}