{
  "f1": 0.3684210526315789,
  "roc_auc": 0.6898263027295286,
  "pr_auc": 0.4267956900204893
}