{
  "f1": 0.5882352941176471,
  "roc_auc": 0.7690925426774484,
  "pr_auc": 0.6173545861043364
}