{
  "f1": 0.5217391304347826,
  "roc_auc": 0.7450980392156863,
  "pr_auc": 0.6244079142807721
}