{
  "f1": 0.5454545454545454,
  "roc_auc": 0.7926587301587301,
  "pr_auc": 0.6441832499470719
}