{
  "f1": 0.47058823529411764,
  "roc_auc": 0.7130952380952381,
  "pr_auc": 0.455039378191468
}