{
  "f1": 0.16666666666666666,
  "roc_auc": 0.6060606060606061,
  "pr_auc": 0.4107142857142857
}