{
  "f1": 0.16666666666666666,
  "roc_auc": 0.6161616161616161,
  "pr_auc": 0.20114942528735633
}