{
  "f1": 0.2857142857142857,
  "roc_auc": 0.7741935483870968,
  "pr_auc": 0.5606211180124223
}