{
  "f1": 0.15384615384615385,
  "roc_auc": 0.7058823529411764,
  "pr_auc": 0.2976190476190476
}