{
  "f1": 0.16666666666666666,
  "roc_auc": 0.8529411764705882,
  "pr_auc": 0.5833333333333334
}