{
  "f1": 0.18181818181818182,
  "roc_auc": 0.6868686868686869,
  "pr_auc": 0.21944444444444444
}