{
  "f1": 0.5454545454545454,
  "roc_auc": 0.8709677419354838,
  "pr_auc": 0.550250626566416
}