{
  "f1": 0.14285714285714285,
  "roc_auc": 0.7575757575757576,
  "pr_auc": 0.2846153846153846
}