{
  "f1": 0.2,
  "roc_auc": 0.8088235294117647,
  "pr_auc": 0.5666666666666667
}