{
  "f1": 0.15384615384615385,
  "roc_auc": 0.8088235294117647,
  "pr_auc": 0.24358974358974358
}