{
  "f1": 0.3076923076923077,
  "roc_auc": 0.7890625,
  "pr_auc": 0.5303030303030303
}