{
  "f1": 0.3076923076923077,
  "roc_auc": 0.75,
  "pr_auc": 0.47435897435897434
}