{
  "f1": 0.0,
  "roc_auc": 0.5147058823529411,
  "pr_auc": 0.08846153846153847
}