{
  "f1": 0.26666666666666666,
  "roc_auc": 0.6064516129032258,
  "pr_auc": 0.49939668174962293
}