{
  "f1": 0.14285714285714285,
  "roc_auc": 0.6171875,
  "pr_auc": 0.24642857142857144
}