{
  "f1": 0.0,
  "roc_auc": 0.546875,
  "pr_auc": 0.1418841575091575
}