{
  "f1": 0.0,
  "roc_auc": 0.696969696969697,
  "pr_auc": 0.15974765974765975
}