{
  "f1": 0.46153846153846156,
  "roc_auc": 0.9140625,
  "pr_auc": 0.7589285714285714
}