{
  "f1": 0.2222222222222222,
  "roc_auc": 0.7979797979797979,
  "pr_auc": 0.4841269841269841
}