{
  "f1": 0.46153846153846156,
  "roc_auc": 0.8984375,
  "pr_auc": 0.550595238095238
}