{
  "f1": 0.0,
  "roc_auc": 0.3823529411764706,
  "pr_auc": 0.06666666666666667
}