{
  "f1": 0.3333333333333333,
  "roc_auc": 0.896774193548387,
  "pr_auc": 0.6547979797979798
}