{
  "f1": 0.15384615384615385,
  "roc_auc": 0.6640625,
  "pr_auc": 0.26248751248751245
}