{
  "f1": 0.15384615384615385,
  "roc_auc": 0.7734375,
  "pr_auc": 0.4245754245754246
}