{
  "mean": 0.2601285707756295,
  "std": 0.1417861993744712,
  "dist": [
    0.375,
    0.2857142857142857,
    0.0,
    0.3333333333333333,
    0.1818181818181818,
    0.125,
    0.3333333333333333,
    0.3636363636363636,
    0.3333333333333333,
    0.2222222222222222,
    0.2,
    0.2857142857142857,
    0.25,
    0.4,
    0.1538461538461538,
    0.25,
    0.6153846153846154,
    0.0,
    0.2,
    0.2352941176470588,
    0.5454545454545454,
    0.3076923076923077,
    0.1818181818181818,
    0.1666666666666666,
    0.1538461538461538,
    0.4615384615384615,
    0.25,
    0.1538461538461538,
    0.1428571428571428,
    0.3333333333333333,
    0.2857142857142857,
    0.4285714285714285,
    0.2222222222222222,
    0.1538461538461538,
    0.2,
    0.2666666666666666,
    0.1818181818181818,
    0.3636363636363636,
    0.0,
    0.4615384615384615,
    0.25,
    0.25,
    0.4285714285714285,
    0.1818181818181818,
    0.1818181818181818,
    0.4,
    0.0,
    0.6,
    0.1428571428571428,
    0.1666666666666666
  ]
}