{
  "t_test": {
    "t_stat": -0.20527933637161247,
    "p_value": 0.838204308128227
  },
  "wilcoxon": {
    "w_stat": 355.5,
    "p_value": 0.8277876513766393
  }
}