{
  "mean": 0.4969357864357864,
  "std": 0.1494660757317265,
  "dist": [
    0.625,
    0.6153846153846154,
    0.4285714285714285,
    0.3636363636363636,
    0.5,
    0.5454545454545454,
    0.625,
    0.625,
    0.0,
    0.4615384615384615,
    0.3636363636363636,
    0.7058823529411765,
    0.5,
    0.5714285714285714,
    0.25,
    0.5454545454545454,
    0.5454545454545454,
    0.5714285714285714,
    0.5,
    0.2857142857142857,
    0.4285714285714285,
    0.5,
    0.4,
    0.625,
    0.5714285714285714,
    0.5,
    0.375,
    0.4,
    0.8571428571428571,
    0.4,
    0.6153846153846154,
    0.5714285714285714,
    0.3076923076923077,
    0.5,
    0.6,
    0.5555555555555556,
    0.5714285714285714,
    0.6,
    0.5454545454545454,
    0.2222222222222222,
    0.6,
    0.4,
    0.5882352941176471,
    0.5,
    0.5,
    0.6666666666666666,
    0.7058823529411765,
    0.1666666666666666,
    0.4444444444444444,
    0.5
  ]
}