{
  "t_test": {
    "t_stat": 3.430606882262671,
    "p_value": 0.0012314048058002518
  },
  "wilcoxon": {
    "w_stat": 225.5,
    "p_value": 0.002801790765973955
  }
}