{
  "mean": 0.42046832149618524,
  "std": 0.1655153419782261,
  "dist": [
    0.5882352941176471,
    0.3076923076923077,
    0.5,
    0.1538461538461538,
    0.6,
    0.5454545454545454,
    0.5882352941176471,
    0.2857142857142857,
    0.0,
    0.5714285714285714,
    0.4,
    0.5882352941176471,
    0.6153846153846154,
    0.3076923076923077,
    0.1666666666666666,
    0.4,
    0.5454545454545454,
    0.4,
    0.5,
    0.3636363636363636,
    0.5714285714285714,
    0.5,
    0.4,
    0.5263157894736842,
    0.1428571428571428,
    0.4615384615384615,
    0.4705882352941176,
    0.1818181818181818,
    0.5882352941176471,
    0.2857142857142857,
    0.5454545454545454,
    0.5,
    0.2666666666666666,
    0.4615384615384615,
    0.4,
    0.3809523809523809,
    0.6153846153846154,
    0.3636363636363636,
    0.2222222222222222,
    0.5454545454545454,
    0.5714285714285714,
    0.3333333333333333,
    0.5,
    0.6153846153846154,
    0.0,
    0.5714285714285714,
    0.5,
    0.1666666666666666,
    0.3076923076923077,
    0.6
  ]
}