{
  "f1": 0.18181818181818182,
  "roc_auc": 0.6617647058823529,
  "pr_auc": 0.21014492753623187
}