{
  "f1": 0.14285714285714285,
  "roc_auc": 0.6029411764705882,
  "pr_auc": 0.125
}