{
  "f1": 0.16666666666666666,
  "roc_auc": 0.78125,
  "pr_auc": 0.25747863247863245
}