{
  "f1": 0.25,
  "roc_auc": 0.7373737373737373,
  "pr_auc": 0.2657004830917874
}