{
  "f1": 0.23529411764705882,
  "roc_auc": 0.71875,
  "pr_auc": 0.2768115942028985
}