{
  "f1": 0.4,
  "roc_auc": 0.9161290322580645,
  "pr_auc": 0.5444444444444444
}