{
  "f1": 0.2222222222222222,
  "roc_auc": 0.8585858585858586,
  "pr_auc": 0.30634920634920637
}