{
  "f1": 0.0,
  "roc_auc": 0.4558823529411765,
  "pr_auc": 0.08781362007168458
}