{
  "f1": 0.15384615384615385,
  "roc_auc": 0.6464646464646464,
  "pr_auc": 0.20875420875420875
}