{
  "f1": 0.26666666666666666,
  "roc_auc": 0.6953125,
  "pr_auc": 0.3208333333333333
}