{
  "f1": 0.0,
  "roc_auc": 0.588235294117647,
  "pr_auc": 0.12333333333333332
}