{
  "f1": 0.2857142857142857,
  "roc_auc": 0.7474747474747474,
  "pr_auc": 0.44657097288676234
}