{
  "f1": 0.36363636363636365,
  "roc_auc": 0.6796875,
  "pr_auc": 0.4598214285714286
}