{
  "f1": 0.18181818181818182,
  "roc_auc": 0.6796875,
  "pr_auc": 0.22453703703703703
}