{
  "f1": 0.2222222222222222,
  "roc_auc": 0.6565656565656566,
  "pr_auc": 0.20220841959972394
}