{
  "f1": 0.16666666666666666,
  "roc_auc": 0.7794117647058824,
  "pr_auc": 0.23333333333333334
}