{
  "f1": 0.1111111111111111,
  "roc_auc": 0.5703125,
  "pr_auc": 0.1575892857142857
}