{
  "f1": 0.3076923076923077,
  "roc_auc": 0.6516129032258065,
  "pr_auc": 0.2957142857142857
}