{
  "f1": 0.4,
  "roc_auc": 0.8984375,
  "pr_auc": 0.638095238095238
}