{
  "f1": 0.4,
  "roc_auc": 0.9494949494949495,
  "pr_auc": 0.6666666666666667
}