{
  "f1": 0.5714285714285714,
  "roc_auc": 0.9365079365079365,
  "pr_auc": 0.7222222222222223
}