{
  "f1": 0.2857142857142857,
  "roc_auc": 0.631578947368421,
  "pr_auc": 0.3339544513457557
}