{
  "f1": 0.75,
  "roc_auc": 0.9342105263157895,
  "pr_auc": 0.6458333333333333
}