{
  "f1": 0.6666666666666666,
  "roc_auc": 0.7941176470588235,
  "pr_auc": 0.79004329004329
}