{
  "f1": 0.2222222222222222,
  "roc_auc": 0.738095238095238,
  "pr_auc": 0.25757575757575757
}