{
  "f1": 0.2222222222222222,
  "roc_auc": 0.43333333333333335,
  "pr_auc": 0.3988439011968424
}