{
  "f1": 0.5,
  "roc_auc": 0.6190476190476191,
  "pr_auc": 0.32125603864734303
}