{
  "f1": 0.7058823529411765,
  "roc_auc": 0.8177339901477831,
  "pr_auc": 0.7232993197278912
}