{
  "f1": 0.2857142857142857,
  "roc_auc": 0.6709677419354838,
  "pr_auc": 0.2194031458737341
}