{
  "f1": 0.5333333333333333,
  "roc_auc": 0.9225806451612902,
  "pr_auc": 0.6585281385281385
}