{
  "f1": 0.0,
  "roc_auc": 0.43870967741935485,
  "pr_auc": 0.1429090909090909
}