{
  "f1": 0.16666666666666666,
  "roc_auc": 0.6258064516129033,
  "pr_auc": 0.22729055258467024
}