{
  "f1": 0.2857142857142857,
  "roc_auc": 0.7734375,
  "pr_auc": 0.6081818181818182
}