{
  "f1": 0.4,
  "roc_auc": 0.8026315789473684,
  "pr_auc": 0.7430555555555556
}