{
  "f1": 0.0,
  "roc_auc": 0.6904761904761905,
  "pr_auc": 0.20833333333333331
}