{
  "f1": 0.75,
  "roc_auc": 0.8947368421052632,
  "pr_auc": 0.8333333333333333
}