{
  "f1": 0.4,
  "roc_auc": 0.7301587301587301,
  "pr_auc": 0.5069444444444444
}