{
  "f1": 0.6666666666666666,
  "roc_auc": 0.7777777777777777,
  "pr_auc": 0.6180555555555556
}