{
  "f1": 0.6666666666666666,
  "roc_auc": 0.5921052631578947,
  "pr_auc": 0.5917366946778712
}