{
  "f1": 0.3111111111111111,
  "roc_auc": 0.6834804539722572,
  "pr_auc": 0.4841503207194697
}