{
  "f1": 0.35294117647058826,
  "roc_auc": 0.6938461538461538,
  "pr_auc": 0.38232572982572977
}