{
  "f1": 0.5116279069767442,
  "roc_auc": 0.7694915254237288,
  "pr_auc": 0.5557985977026432
}