{
  "f1": 0.47619047619047616,
  "roc_auc": 0.7482435597189696,
  "pr_auc": 0.31398706965933854
}