{
  "f1": 0.4,
  "roc_auc": 0.7208436724565758,
  "pr_auc": 0.46426435488454865
}