{
  "f1": 0.42857142857142855,
  "roc_auc": 0.7048503611971104,
  "pr_auc": 0.5425796125757935
}