{
  "f1": 0.5,
  "roc_auc": 0.695906432748538,
  "pr_auc": 0.46344298237140447
}