{
  "f1": 0.5,
  "roc_auc": 0.784180790960452,
  "pr_auc": 0.5994144182817841
}