{
  "f1": 0.64,
  "roc_auc": 0.8165784832451499,
  "pr_auc": 0.6214474971265267
}