{
  "f1": 0.46153846153846156,
  "roc_auc": 0.8409090909090908,
  "pr_auc": 0.5923411847525869
}