{
  "f1": 0.6486486486486487,
  "roc_auc": 0.864406779661017,
  "pr_auc": 0.7048193155313898
}