{
  "f1": 0.625,
  "roc_auc": 0.8377425044091711,
  "pr_auc": 0.7491375189222751
}