{
  "f1": 0.6190476190476191,
  "roc_auc": 0.7956349206349207,
  "pr_auc": 0.6605752359220801
}