{
  "f1": 0.4878048780487805,
  "roc_auc": 0.7990074441687346,
  "pr_auc": 0.576528643262603
}