{
  "f1": 0.3684210526315789,
  "roc_auc": 0.7002341920374707,
  "pr_auc": 0.4343314559292003
}