{
  "f1": 0.425531914893617,
  "roc_auc": 0.7366666666666667,
  "pr_auc": 0.5278600500276135
}