{
  "f1": 0.30303030303030304,
  "roc_auc": 0.716931216931217,
  "pr_auc": 0.3616644815339927
}