{
  "f1": 0.5882352941176471,
  "roc_auc": 0.8319856244384546,
  "pr_auc": 0.6605944261435617
}