{
  "f1": 0.43902439024390244,
  "roc_auc": 0.7345238095238095,
  "pr_auc": 0.5255094632026064
}