{
  "f1": 0.46511627906976744,
  "roc_auc": 0.7200811359026369,
  "pr_auc": 0.45763201508780416
}