{
  "f1": 0.5306122448979592,
  "roc_auc": 0.7328042328042328,
  "pr_auc": 0.5781949524974817
}