{
  "f1": 0.5,
  "roc_auc": 0.7881355932203389,
  "pr_auc": 0.5790308477856853
}