{
  "f1": 0.5128205128205128,
  "roc_auc": 0.8188888888888889,
  "pr_auc": 0.6083201241987747
}