{
  "f1": 0.46808510638297873,
  "roc_auc": 0.7196172248803828,
  "pr_auc": 0.604666757288645
}