{
  "f1": 0.425531914893617,
  "roc_auc": 0.6679425837320574,
  "pr_auc": 0.45927790708971034
}