{
  "f1": 0.5555555555555556,
  "roc_auc": 0.7394429469901169,
  "pr_auc": 0.5911960324520775
}