{
  "f1": 0.5652173913043478,
  "roc_auc": 0.8390092879256966,
  "pr_auc": 0.6676291908513863
}