{
  "f1": 0.5789473684210527,
  "roc_auc": 0.797160243407708,
  "pr_auc": 0.6179230399581442
}