{
  "f1": 0.42857142857142855,
  "roc_auc": 0.7591424968474149,
  "pr_auc": 0.5294906154140774
}