{
  "f1": 0.5909090909090909,
  "roc_auc": 0.8115079365079365,
  "pr_auc": 0.5449582684191773
}