{
  "f1": 0.5128205128205128,
  "roc_auc": 0.7574819401444789,
  "pr_auc": 0.6453229575376294
}