{
  "f1": 0.391304347826087,
  "roc_auc": 0.7245657568238214,
  "pr_auc": 0.5136966882846701
}