{
  "f1": 0.5217391304347826,
  "roc_auc": 0.725,
  "pr_auc": 0.6798484613702871
}