{
  "f1": 0.42105263157894735,
  "roc_auc": 0.8546875,
  "pr_auc": 0.6293243243243243
}