{
  "f1": 0.3888888888888889,
  "roc_auc": 0.691111111111111,
  "pr_auc": 0.479754122103626
}