{
  "f1": 0.6666666666666666,
  "roc_auc": 0.839506172839506,
  "pr_auc": 0.7829206752149986
}