{
  "f1": 0.34146341463414637,
  "roc_auc": 0.7002118644067796,
  "pr_auc": 0.4379321175524157
}