{
  "f1": 0.5641025641025641,
  "roc_auc": 0.7786016949152542,
  "pr_auc": 0.5194621262682704
}