{
  "f1": 0.3,
  "roc_auc": 0.5988700564971752,
  "pr_auc": 0.37439268006826726
}