{
  "f1": 0.6285714285714286,
  "roc_auc": 0.9367681498829039,
  "pr_auc": 0.8316198915463621
}