{
  "f1": 0.4,
  "roc_auc": 0.6811440677966102,
  "pr_auc": 0.4952250097387736
}