{
  "f1": 0.47368421052631576,
  "roc_auc": 0.7277542372881356,
  "pr_auc": 0.49546337552479414
}