{
  "f1": 0.4,
  "roc_auc": 0.6797619047619048,
  "pr_auc": 0.4554347200562262
}