{
  "f1": 0.4897959183673469,
  "roc_auc": 0.767056530214425,
  "pr_auc": 0.511973956117403
}