{
  "f1": 0.26666666666666666,
  "roc_auc": 0.5953846153846154,
  "pr_auc": 0.3076003343921301
}