{
  "f1": 0.5365853658536586,
  "roc_auc": 0.7616632860040567,
  "pr_auc": 0.6356930000920873
}