{
  "f1": 0.46153846153846156,
  "roc_auc": 0.7791563275434242,
  "pr_auc": 0.631737173083327
}