{
  "mean": 0.34106714853773673,
  "std": 0.1928453767407225,
  "dist": [
    0.0,
    0.5454545454545454,
    0.5454545454545454,
    0.5714285714285714,
    0.3076923076923077,
    0.3333333333333333,
    0.2857142857142857,
    0.2857142857142857,
    0.5714285714285714,
    0.25,
    0.4,
    0.2,
    0.5,
    0.4444444444444444,
    0.2,
    0.1428571428571428,
    0.5333333333333333,
    0.0,
    0.4,
    0.5,
    0.4,
    0.5333333333333333,
    0.3076923076923077,
    0.0,
    0.4444444444444444,
    0.1666666666666666,
    0.5,
    0.7142857142857143,
    0.1818181818181818,
    0.0,
    0.2,
    0.5,
    0.4,
    0.5454545454545454,
    0.0,
    0.5714285714285714,
    0.3529411764705882,
    0.2222222222222222,
    0.0,
    0.5714285714285714,
    0.3076923076923077,
    0.5,
    0.3333333333333333,
    0.2222222222222222,
    0.4615384615384615,
    0.0,
    0.4,
    0.4444444444444444,
    0.2,
    0.5555555555555556
  ]
}