{
  "t_test": {
    "t_stat": 5.329117060522543,
    "p_value": 2.4797257403998617e-06
  },
  "wilcoxon": {
    "w_stat": 124.0,
    "p_value": 1.4927735159957209e-05
  }
}