{
  "f1": 0.3333333333333333,
  "roc_auc": 0.8095238095238094,
  "pr_auc": 0.24474531739977964
}