{
  "f1": 0.25,
  "roc_auc": 0.5357142857142856,
  "pr_auc": 0.29280413675342376
}