{
  "f1": 0.23529411764705882,
  "roc_auc": 0.6275510204081632,
  "pr_auc": 0.2147627226574595
}