{
  "f1": 0.2,
  "roc_auc": 0.807909604519774,
  "pr_auc": 0.4296536796536796
}