{
  "f1": 0.47619047619047616,
  "roc_auc": 0.8050314465408805,
  "pr_auc": 0.5154563089317612
}