{
  "f1": 0.46153846153846156,
  "roc_auc": 0.8333333333333334,
  "pr_auc": 0.649920255183413
}