{
  "f1": 0.3076923076923077,
  "roc_auc": 0.7543103448275862,
  "pr_auc": 0.2108225108225108
}