{
  "f1": 0.42857142857142855,
  "roc_auc": 0.8813559322033898,
  "pr_auc": 0.21313131313131314
}