{
  "f1": 0.26666666666666666,
  "roc_auc": 0.7052631578947368,
  "pr_auc": 0.4084347532116295
}