{
  "f1": 0.1111111111111111,
  "roc_auc": 0.4971751412429379,
  "pr_auc": 0.07538829151732378
}