{
  "f1": 0.5263157894736842,
  "roc_auc": 0.7962962962962962,
  "pr_auc": 0.5330026455026455
}