{
  "f1": 0.45454545454545453,
  "roc_auc": 0.8596153846153846,
  "pr_auc": 0.48831138097872384
}