{
  "f1": 0.48484848484848486,
  "roc_auc": 0.7120743034055728,
  "pr_auc": 0.5409103052348337
}