{
  "f1": 0.4666666666666667,
  "roc_auc": 0.7457627118644068,
  "pr_auc": 0.4677106422501159
}