{
  "f1": 0.38461538461538464,
  "roc_auc": 0.6586021505376345,
  "pr_auc": 0.4232650909647838
}