{
  "f1": 0.48,
  "roc_auc": 0.7794612794612794,
  "pr_auc": 0.5130793157958644
}