{
  "f1": 0.2608695652173913,
  "roc_auc": 0.5411931818181819,
  "pr_auc": 0.24586104755580052
}