{
  "f1": 0.5161290322580645,
  "roc_auc": 0.7915632754342432,
  "pr_auc": 0.5041144041144041
}