{
  "f1": 0.4375,
  "roc_auc": 0.6451990632318501,
  "pr_auc": 0.42982449820196283
}