{
  "f1": 0.6666666666666666,
  "roc_auc": 0.8632768361581921,
  "pr_auc": 0.7732716689320462
}