{
  "f1": 0.45161290322580644,
  "roc_auc": 0.6017369727047146,
  "pr_auc": 0.37570988688009965
}