{
  "t_test": {
    "t_stat": -5.4859523718531555,
    "p_value": 1.4340907633829002e-06
  },
  "wilcoxon": {
    "w_stat": 78.5,
    "p_value": 8.352600027601777e-06
  }
}