{
  "mean": 0.29912151488002875,
  "std": 0.15826863245773393,
  "dist": [
    0.4705882352941176,
    0.4444444444444444,
    0.0,
    0.1818181818181818,
    0.1666666666666666,
    0.1052631578947368,
    0.3076923076923077,
    0.2,
    0.4615384615384615,
    0.6,
    0.4,
    0.1428571428571428,
    0.3636363636363636,
    0.4615384615384615,
    0.1666666666666666,
    0.2222222222222222,
    0.6153846153846154,
    0.3333333333333333,
    0.1428571428571428,
    0.2352941176470588,
    0.4615384615384615,
    0.3076923076923077,
    0.2666666666666666,
    0.3333333333333333,
    0.1666666666666666,
    0.4285714285714285,
    0.4444444444444444,
    0.2857142857142857,
    0.25,
    0.1666666666666666,
    0.3076923076923077,
    0.4615384615384615,
    0.4,
    0.3076923076923077,
    0.0,
    0.1538461538461538,
    0.2,
    0.6666666666666666,
    0.1538461538461538,
    0.2857142857142857,
    0.2,
    0.4,
    0.3529411764705882,
    0.3076923076923077,
    0.2,
    0.4705882352941176,
    0.0,
    0.25,
    0.5714285714285714,
    0.1333333333333333
  ]
}