{
  "f1": 0.2,
  "roc_auc": 0.5656565656565656,
  "pr_auc": 0.18480955600631058
}