{
  "f1": 0.5263157894736842,
  "roc_auc": 0.7857142857142857,
  "pr_auc": 0.6862824675324675
}