{
  "f1": 0.3076923076923077,
  "roc_auc": 0.4955357142857143,
  "pr_auc": 0.2737787356321839
}