{
  "f1": 0.4,
  "roc_auc": 0.5611111111111111,
  "pr_auc": 0.2883196289268395
}