{
  "f1": 0.5454545454545454,
  "roc_auc": 0.6322580645161291,
  "pr_auc": 0.6053639846743295
}