{
  "f1": 0.38095238095238093,
  "roc_auc": 0.7589285714285714,
  "pr_auc": 0.38532477947072974
}