{
  "f1": 0.3,
  "roc_auc": 0.8793103448275862,
  "pr_auc": 0.3309782608695652
}