{
  "f1": 0.16666666666666666,
  "roc_auc": 0.6071428571428572,
  "pr_auc": 0.20247022868844905
}