{
  "f1": 0.3333333333333333,
  "roc_auc": 0.6538461538461539,
  "pr_auc": 0.3072167487684729
}