{
  "f1": 0.19047619047619047,
  "roc_auc": 0.6610169491525424,
  "pr_auc": 0.22641762452107278
}