{
  "f1": 0.08,
  "roc_auc": 0.5087719298245614,
  "pr_auc": 0.27418013148563436
}