{
  "f1": 0.35294117647058826,
  "roc_auc": 0.683673469387755,
  "pr_auc": 0.2672144788849594
}