{
  "f1": 0.2222222222222222,
  "roc_auc": 0.6827586206896552,
  "pr_auc": 0.2535294117647059
}