{
  "f1": 0.27586206896551724,
  "roc_auc": 0.5793226381461676,
  "pr_auc": 0.3091737671419735
}