{
  "f1": 0.0,
  "roc_auc": 0.5055555555555555,
  "pr_auc": 0.06405228758169934
}