{
  "f1": 0.25,
  "roc_auc": 0.887005649717514,
  "pr_auc": 0.4365079365079365
}