{
  "f1": 0.2857142857142857,
  "roc_auc": 0.7629310344827586,
  "pr_auc": 0.23608193277310924
}