{
  "f1": 0.21052631578947367,
  "roc_auc": 0.5025510204081632,
  "pr_auc": 0.2554164499298561
}