{
  "f1": 0.3333333333333333,
  "roc_auc": 0.6461538461538462,
  "pr_auc": 0.304044107379022
}