{
  "f1": 0.3333333333333333,
  "roc_auc": 0.7974025974025974,
  "pr_auc": 0.2676371247799819
}