{
  "f1": 0.34782608695652173,
  "roc_auc": 0.7948051948051948,
  "pr_auc": 0.3649743798812122
}