{
  "f1": 0.19047619047619047,
  "roc_auc": 0.5744047619047619,
  "pr_auc": 0.1314066184703921
}