{
  "f1": 0.08695652173913043,
  "roc_auc": 0.6339285714285714,
  "pr_auc": 0.2011002886002886
}