{
  "f1": 0.32,
  "roc_auc": 0.7758620689655173,
  "pr_auc": 0.24036630036630038
}