{
  "f1": 0.23529411764705882,
  "roc_auc": 0.9,
  "pr_auc": 0.48333333333333334
}