{
  "f1": 0.30303030303030304,
  "roc_auc": 0.6467532467532467,
  "pr_auc": 0.33225548283829665
}