{
  "f1": 0.10526315789473684,
  "roc_auc": 0.6214689265536724,
  "pr_auc": 0.07874999999999999
}