{
  "f1": 0.24,
  "roc_auc": 0.6643518518518519,
  "pr_auc": 0.1920990192275022
}