{
  "f1": 0.34782608695652173,
  "roc_auc": 0.5612244897959183,
  "pr_auc": 0.16200069771498343
}