{
  "f1": 0.08,
  "roc_auc": 0.45263157894736844,
  "pr_auc": 0.09037974608324642
}