{
  "f1": 0.34782608695652173,
  "roc_auc": 0.6442307692307692,
  "pr_auc": 0.27076169301712777
}