{
  "f1": 0.21052631578947367,
  "roc_auc": 0.7470238095238095,
  "pr_auc": 0.2587752525252525
}