{
  "f1": 0.32,
  "roc_auc": 0.7098765432098766,
  "pr_auc": 0.4324386724386724
}