{
  "f1": 0.25,
  "roc_auc": 0.5859649122807018,
  "pr_auc": 0.2586835698865463
}