{
  "f1": 0.2608695652173913,
  "roc_auc": 0.7157894736842105,
  "pr_auc": 0.3380036488847775
}