{
  "f1": 0.08695652173913043,
  "roc_auc": 0.5043103448275862,
  "pr_auc": 0.09283357771260997
}