{
  "f1": 0.38095238095238093,
  "roc_auc": 0.7738095238095237,
  "pr_auc": 0.4354608761585505
}