{
  "f1": 0.35294117647058826,
  "roc_auc": 0.8244047619047619,
  "pr_auc": 0.4769764957264957
}