{
  "f1": 0.09090909090909091,
  "roc_auc": 0.6853448275862069,
  "pr_auc": 0.20892448512585812
}