{
  "f1": 0.2727272727272727,
  "roc_auc": 0.8232758620689655,
  "pr_auc": 0.3287037037037037
}