{
  "f1": 0.10526315789473684,
  "roc_auc": 0.2598870056497175,
  "pr_auc": 0.04826180061964644
}