{
  "f1": 0.4444444444444444,
  "roc_auc": 0.9353448275862069,
  "pr_auc": 0.4714285714285714
}