{
  "f1": 0.3333333333333333,
  "roc_auc": 0.9322033898305085,
  "pr_auc": 0.626984126984127
}