{
  "f1": 0.41379310344827586,
  "roc_auc": 0.7044025157232705,
  "pr_auc": 0.49476421961990724
}