{
  "f1": 0.3333333333333333,
  "roc_auc": 0.7272727272727273,
  "pr_auc": 0.45526543950913695
}