{
  "f1": 0.3448275862068966,
  "roc_auc": 0.7959183673469388,
  "pr_auc": 0.49833904236181276
}