{
  "f1": 0.0,
  "roc_auc": 0.5254237288135594,
  "pr_auc": 0.06405228758169934
}