{
  "f1": 0.2962962962962963,
  "roc_auc": 0.5692307692307692,
  "pr_auc": 0.23184634460177217
}