{
  "f1": 0.2,
  "roc_auc": 0.5932203389830508,
  "pr_auc": 0.12777777777777777
}