{
  "f1": 0.2727272727272727,
  "roc_auc": 0.6493506493506493,
  "pr_auc": 0.42781128650031086
}