{
  "f1": 0.32,
  "roc_auc": 0.5892857142857143,
  "pr_auc": 0.18353058134354416
}