{
  "f1": 0.11764705882352941,
  "roc_auc": 0.5344827586206896,
  "pr_auc": 0.12777777777777777
}