{
  "f1": 0.09523809523809523,
  "roc_auc": 0.5744047619047619,
  "pr_auc": 0.12249676793794441
}