{
  "f1": 0.1111111111111111,
  "roc_auc": 0.5819209039548022,
  "pr_auc": 0.37675070028011204
}