{
  "mean": 0.26573513981718316,
  "std": 0.13289854801992165,
  "dist": [
    0.3,
    0.3333333333333333,
    0.1818181818181818,
    0.2,
    0.2666666666666666,
    0.2,
    0.3529411764705882,
    0.2,
    0.4,
    0.1666666666666666,
    0.1666666666666666,
    0.1052631578947368,
    0.3076923076923077,
    0.4615384615384615,
    0.3529411764705882,
    0.1333333333333333,
    0.5,
    0.1666666666666666,
    0.4,
    0.125,
    0.5333333333333333,
    0.4,
    0.1333333333333333,
    0.1428571428571428,
    0.1333333333333333,
    0.5,
    0.3076923076923077,
    0.2222222222222222,
    0.1333333333333333,
    0.1666666666666666,
    0.3529411764705882,
    0.5333333333333333,
    0.2666666666666666,
    0.1333333333333333,
    0.0,
    0.2666666666666666,
    0.1428571428571428,
    0.5714285714285714,
    0.1538461538461538,
    0.2222222222222222,
    0.3636363636363636,
    0.3529411764705882,
    0.2352941176470588,
    0.25,
    0.1538461538461538,
    0.4444444444444444,
    0.2,
    0.1333333333333333,
    0.2666666666666666,
    0.25
  ]
}