{
  "t_test": {
    "t_stat": -0.08165566493787695,
    "p_value": 0.9352531684974373
  },
  "wilcoxon": {
    "w_stat": 618.0,
    "p_value": 0.8557483168795788
  }
}