{
  "f1": 0.0,
  "roc_auc": 0.6645161290322581,
  "pr_auc": 0.23497835497835495
}