{
  "f1": 0.0,
  "roc_auc": 0.5735294117647058,
  "pr_auc": 0.09545454545454546
}