{
  "f1": 0.6,
  "roc_auc": 0.8046875,
  "pr_auc": 0.3787878787878788
}