{
  "f1": 0.0,
  "roc_auc": 0.6767676767676768,
  "pr_auc": 0.15301365301365302
}