{
  "f1": 0.25,
  "roc_auc": 0.8064516129032259,
  "pr_auc": 0.3571428571428571
}