{
  "f1": 0.5,
  "roc_auc": 0.7161290322580645,
  "pr_auc": 0.27999999999999997
}