{
  "f1": 0.4444444444444444,
  "roc_auc": 0.8046875,
  "pr_auc": 0.37763157894736843
}