{
  "f1": 0.2857142857142857,
  "roc_auc": 0.6953125,
  "pr_auc": 0.20870240870240872
}