{
  "f1": 0.15384615384615385,
  "roc_auc": 0.5078125,
  "pr_auc": 0.1347008547008547
}