{
  "f1": 0.4444444444444444,
  "roc_auc": 0.8686868686868686,
  "pr_auc": 0.3055555555555555
}