{
  "f1": 0.0,
  "roc_auc": 0.6464646464646464,
  "pr_auc": 0.1574074074074074
}