{
  "f1": 0.2,
  "roc_auc": 0.6640625,
  "pr_auc": 0.19451992753623187
}