{
  "f1": 0.0,
  "roc_auc": 0.6060606060606061,
  "pr_auc": 0.14022578728461083
}