{
  "f1": 0.0,
  "roc_auc": 0.5151515151515151,
  "pr_auc": 0.11341269841269841
}