{
  "f1": 0.3333333333333333,
  "roc_auc": 0.9296875,
  "pr_auc": 0.6666666666666666
}