{
  "f1": 0.0,
  "roc_auc": 0.703125,
  "pr_auc": 0.1991013071895425
}