{
  "f1": 0.16666666666666666,
  "roc_auc": 0.5078125,
  "pr_auc": 0.1398901098901099
}