{
  "f1": 0.4,
  "roc_auc": 0.7578125,
  "pr_auc": 0.2824675324675324
}