{
  "f1": 0.0,
  "roc_auc": 0.5882352941176471,
  "pr_auc": 0.09761904761904762
}