{
  "f1": 0.25,
  "roc_auc": 0.7171717171717171,
  "pr_auc": 0.23063973063973064
}