{
  "f1": 0.2,
  "roc_auc": 0.7373737373737373,
  "pr_auc": 0.18845315904139434
}