{
  "f1": 0.0,
  "roc_auc": 0.6161616161616161,
  "pr_auc": 0.14267676767676768
}