{
  "f1": 0.3333333333333333,
  "roc_auc": 0.8857142857142857,
  "pr_auc": 0.2
}