{
  "mean": 0.4613608896226342,
  "std": 0.13366715745338448,
  "dist": [
    0.6086956521739131,
    0.4444444444444444,
    0.5882352941176471,
    0.1428571428571428,
    0.5,
    0.4705882352941176,
    0.5,
    0.5882352941176471,
    0.1818181818181818,
    0.5263157894736842,
    0.3076923076923077,
    0.7368421052631579,
    0.4705882352941176,
    0.4705882352941176,
    0.3333333333333333,
    0.5384615384615384,
    0.5,
    0.5263157894736842,
    0.3333333333333333,
    0.3636363636363636,
    0.4,
    0.5,
    0.4285714285714285,
    0.5714285714285714,
    0.4705882352941176,
    0.5,
    0.5833333333333334,
    0.3636363636363636,
    0.5555555555555556,
    0.2666666666666666,
    0.5882352941176471,
    0.4,
    0.5,
    0.4444444444444444,
    0.4615384615384615,
    0.4761904761904761,
    0.6,
    0.3333333333333333,
    0.3333333333333333,
    0.6153846153846154,
    0.625,
    0.4705882352941176,
    0.5217391304347826,
    0.5,
    0.0,
    0.4444444444444444,
    0.5,
    0.3333333333333333,
    0.5333333333333333,
    0.6153846153846154
  ]
}