{
  "t_test": {
    "t_stat": -2.77594203110876,
    "p_value": 0.007773022488455525
  },
  "wilcoxon": {
    "w_stat": 205.5,
    "p_value": 0.00598181883656292
  }
}