{
  "f1": 0.0,
  "roc_auc": 0.5043103448275863,
  "pr_auc": 0.0870633772634737
}