{
  "f1": 0.5714285714285714,
  "roc_auc": 0.7796610169491526,
  "pr_auc": 0.41388888888888886
}