{
  "f1": 0.23529411764705882,
  "roc_auc": 0.6961038961038961,
  "pr_auc": 0.25219016237253317
}