{
  "f1": 0.42857142857142855,
  "roc_auc": 0.8275862068965517,
  "pr_auc": 0.5084586466165413
}