{
  "f1": 0.25,
  "roc_auc": 0.5922619047619048,
  "pr_auc": 0.16252138875089694
}