{
  "f1": 0.13333333333333333,
  "roc_auc": 0.4596491228070176,
  "pr_auc": 0.2663011058596797
}