{
  "f1": 0.375,
  "roc_auc": 0.6760204081632654,
  "pr_auc": 0.3372371019715187
}