{
  "f1": 0.26666666666666666,
  "roc_auc": 0.6428571428571429,
  "pr_auc": 0.24032115833191098
}