{
  "f1": 0.375,
  "roc_auc": 0.6649350649350649,
  "pr_auc": 0.35945466570466567
}