{
  "f1": 0.4,
  "roc_auc": 0.7589285714285714,
  "pr_auc": 0.28205453550281134
}