{
  "f1": 0.26666666666666666,
  "roc_auc": 0.6275862068965518,
  "pr_auc": 0.2417894162575014
}