{
  "f1": 0.42857142857142855,
  "roc_auc": 0.7298245614035088,
  "pr_auc": 0.28891405342624854
}