{
  "f1": 0.4444444444444444,
  "roc_auc": 0.6233766233766233,
  "pr_auc": 0.3424911544349483
}