{
  "f1": 0.3076923076923077,
  "roc_auc": 0.5649122807017544,
  "pr_auc": 0.3134055808115596
}