{
  "f1": 0.3157894736842105,
  "roc_auc": 0.5846153846153846,
  "pr_auc": 0.24840723891075112
}