{
  "f1": 0.42857142857142855,
  "roc_auc": 0.96045197740113,
  "pr_auc": 0.6666666666666666
}