{
  "f1": 0.15384615384615385,
  "roc_auc": 0.48771929824561405,
  "pr_auc": 0.11606415873548279
}