{
  "f1": 0.5555555555555556,
  "roc_auc": 0.8112244897959183,
  "pr_auc": 0.6064993564993565
}