{
  "f1": 0.36363636363636365,
  "roc_auc": 0.5668449197860963,
  "pr_auc": 0.3466390846368398
}