{
  "f1": 0.26666666666666666,
  "roc_auc": 0.6939655172413793,
  "pr_auc": 0.42081881533101045
}