{
  "f1": 0.0,
  "roc_auc": 0.12994350282485873,
  "pr_auc": 0.03606700301570741
}