{
  "f1": 0.11764705882352941,
  "roc_auc": 0.5601851851851852,
  "pr_auc": 0.1687708469157281
}