{
  "f1": 0.3333333333333333,
  "roc_auc": 0.6576923076923077,
  "pr_auc": 0.3678947069764723
}