{
  "f1": 0.15384615384615385,
  "roc_auc": 0.6610169491525424,
  "pr_auc": 0.21638722427642484
}