{
  "f1": 0.10526315789473684,
  "roc_auc": 0.5089285714285714,
  "pr_auc": 0.10911712602480123
}