{
  "f1": 0.6153846153846154,
  "roc_auc": 0.8422619047619048,
  "pr_auc": 0.6202380952380951
}