{
  "f1": 0.25,
  "roc_auc": 0.5084745762711864,
  "pr_auc": 0.3697089947089947
}