{
  "f1": 0.5,
  "roc_auc": 0.7263374485596708,
  "pr_auc": 0.5107071079939296
}