{
  "f1": 0.125,
  "roc_auc": 0.5595238095238095,
  "pr_auc": 0.15512099195131904
}