{
  "f1": 0.15384615384615385,
  "roc_auc": 0.4396551724137931,
  "pr_auc": 0.09221741410962497
}