{
  "f1": 0.2857142857142857,
  "roc_auc": 0.6275862068965518,
  "pr_auc": 0.30752264869911927
}