{
  "f1": 0.26666666666666666,
  "roc_auc": 0.6724137931034483,
  "pr_auc": 0.1811936936936937
}