{
  "f1": 0.18181818181818182,
  "roc_auc": 0.6637931034482758,
  "pr_auc": 0.163537851037851
}