{
  "f1": 0.18181818181818182,
  "roc_auc": 0.5773809523809523,
  "pr_auc": 0.1614913707418451
}