{
  "f1": 0.2,
  "roc_auc": 0.8944444444444444,
  "pr_auc": 0.3121693121693122
}