{
  "f1": 0.6153846153846154,
  "roc_auc": 0.7678571428571428,
  "pr_auc": 0.5802315608919382
}