{
  "f1": 0.47619047619047616,
  "roc_auc": 0.6876310272536688,
  "pr_auc": 0.5109702317776266
}