{
  "f1": 0.15384615384615385,
  "roc_auc": 0.5706214689265536,
  "pr_auc": 0.1272401433691756
}