{
  "f1": 0.4,
  "roc_auc": 0.7887931034482759,
  "pr_auc": 0.33055555555555555
}