{
  "f1": 0.0,
  "roc_auc": 0.2833333333333333,
  "pr_auc": 0.04314814814814815
}