{
  "f1": 0.4,
  "roc_auc": 0.7173076923076923,
  "pr_auc": 0.4847033200273987
}