{
  "f1": 0.5555555555555556,
  "roc_auc": 0.7870129870129869,
  "pr_auc": 0.5666392993979201
}