{
  "f1": 0.75,
  "roc_auc": 0.8493506493506493,
  "pr_auc": 0.6431818181818181
}