{
  "f1": 0.47058823529411764,
  "roc_auc": 0.7738095238095238,
  "pr_auc": 0.5344153065590806
}