{
  "f1": 0.25,
  "roc_auc": 0.4362244897959183,
  "pr_auc": 0.20142562929655422
}