{
  "f1": 0.0,
  "roc_auc": 0.4971751412429378,
  "pr_auc": 0.06120290330816647
}