{
  "f1": 0.5882352941176471,
  "roc_auc": 0.7684729064039408,
  "pr_auc": 0.5572710622710622
}