{
  "f1": 0.4,
  "roc_auc": 0.8235294117647058,
  "pr_auc": 0.19642857142857142
}