{
  "f1": 0.3333333333333333,
  "roc_auc": 0.6354679802955665,
  "pr_auc": 0.3725187510901796
}