{
  "f1": 0.36363636363636365,
  "roc_auc": 0.4516129032258065,
  "pr_auc": 0.22425287356321838
}