{
  "f1": 0.18181818181818182,
  "roc_auc": 0.5656565656565656,
  "pr_auc": 0.23703703703703705
}