{
  "f1": 0.47058823529411764,
  "roc_auc": 0.7,
  "pr_auc": 0.3561999303378614
}