{
  "f1": 0.6666666666666666,
  "roc_auc": 0.9806451612903226,
  "pr_auc": 0.8766666666666667
}