{
  "f1": 0.46153846153846156,
  "roc_auc": 0.7008928571428572,
  "pr_auc": 0.5746117424242424
}