{
  "f1": 0.18181818181818182,
  "roc_auc": 0.7647058823529411,
  "pr_auc": 0.22916666666666666
}