{
  "f1": 0.2,
  "roc_auc": 0.7647058823529411,
  "pr_auc": 0.3088235294117647
}