{
  "f1": 0.3333333333333333,
  "roc_auc": 0.8676470588235293,
  "pr_auc": 0.35
}