{
  "f1": 0.26666666666666666,
  "roc_auc": 0.7474747474747474,
  "pr_auc": 0.23054070112893643
}