{
  "f1": 0.36363636363636365,
  "roc_auc": 0.78125,
  "pr_auc": 0.32484917043740574
}