{
  "f1": 0.625,
  "roc_auc": 0.9032258064516129,
  "pr_auc": 0.5542424242424242
}