{
  "f1": 0.36363636363636365,
  "roc_auc": 0.8823529411764707,
  "pr_auc": 0.3611111111111111
}