{
  "mean": 0.4535732484689589,
  "std": 0.12086755315148646,
  "dist": [
    0.4117647058823529,
    0.5,
    0.4864864864864865,
    0.3703703703703703,
    0.5384615384615384,
    0.4848484848484848,
    0.3529411764705882,
    0.3571428571428571,
    0.4571428571428571,
    0.6470588235294118,
    0.16,
    0.4571428571428571,
    0.5142857142857142,
    0.5185185185185185,
    0.5714285714285714,
    0.5,
    0.3571428571428571,
    0.5641025641025641,
    0.3529411764705882,
    0.5128205128205128,
    0.2962962962962963,
    0.6666666666666666,
    0.5,
    0.3448275862068966,
    0.4324324324324324,
    0.4736842105263157,
    0.4242424242424242,
    0.32,
    0.6111111111111112,
    0.4375,
    0.6222222222222222,
    0.4137931034482758,
    0.1875,
    0.4,
    0.6060606060606061,
    0.4117647058823529,
    0.4666666666666667,
    0.4137931034482758,
    0.6976744186046512,
    0.2142857142857142,
    0.375,
    0.3529411764705882,
    0.4117647058823529,
    0.625,
    0.5625,
    0.4705882352941176,
    0.4705882352941176,
    0.2857142857142857,
    0.625,
    0.4444444444444444
  ]
}