{
  "t_test": {
    "t_stat": -8.124963717374017,
    "p_value": 1.2313560183270857e-10
  },
  "wilcoxon": {
    "w_stat": 31.0,
    "p_value": 1.6972450015692247e-08
  }
}