{
  "mean": 0.5038060975963332,
  "std": 0.10454969958736607,
  "dist": [
    0.4444444444444444,
    0.5641025641025641,
    0.5128205128205128,
    0.4545454545454545,
    0.5925925925925926,
    0.5,
    0.4375,
    0.3703703703703703,
    0.5454545454545454,
    0.6666666666666666,
    0.2608695652173913,
    0.5405405405405406,
    0.5142857142857142,
    0.5185185185185185,
    0.6341463414634146,
    0.48,
    0.3571428571428571,
    0.6486486486486487,
    0.4848484848484848,
    0.55,
    0.3333333333333333,
    0.6842105263157895,
    0.5294117647058824,
    0.4666666666666667,
    0.4864864864864865,
    0.4615384615384615,
    0.5,
    0.4347826086956521,
    0.6,
    0.5517241379310345,
    0.6511627906976745,
    0.4444444444444444,
    0.375,
    0.3846153846153846,
    0.6285714285714286,
    0.4571428571428571,
    0.5185185185185185,
    0.4666666666666667,
    0.7441860465116279,
    0.2857142857142857,
    0.4827586206896552,
    0.4242424242424242,
    0.4516129032258064,
    0.6666666666666666,
    0.5294117647058824,
    0.5142857142857142,
    0.5161290322580645,
    0.3703703703703703,
    0.6666666666666666,
    0.4864864864864865
  ]
}