{
  "mean": 0.3723582365347072,
  "std": 0.16578597246029017,
  "dist": [
    0.125,
    0.4285714285714285,
    0.5333333333333333,
    0.4,
    0.4705882352941176,
    0.4,
    0.2857142857142857,
    0.1538461538461538,
    0.5454545454545454,
    0.5,
    0.2666666666666666,
    0.5,
    0.5333333333333333,
    0.2666666666666666,
    0.4,
    0.3636363636363636,
    0.6363636363636364,
    0.0,
    0.3076923076923077,
    0.375,
    0.5333333333333333,
    0.5882352941176471,
    0.2666666666666666,
    0.1538461538461538,
    0.3333333333333333,
    0.375,
    0.4,
    0.625,
    0.375,
    0.0,
    0.1428571428571428,
    0.5454545454545454,
    0.4,
    0.6666666666666666,
    0.0,
    0.5555555555555556,
    0.4,
    0.2666666666666666,
    0.2,
    0.4444444444444444,
    0.4705882352941176,
    0.5,
    0.375,
    0.2857142857142857,
    0.3529411764705882,
    0.1428571428571428,
    0.5,
    0.3636363636363636,
    0.3076923076923077,
    0.5555555555555556
  ]
}