{
  "t_test": {
    "t_stat": 6.813725093659933,
    "p_value": 1.2893507797534719e-08
  },
  "wilcoxon": {
    "w_stat": 65.0,
    "p_value": 3.258258651304855e-07
  }
}