{
  "f1": 0.4,
  "roc_auc": 0.8984375,
  "pr_auc": 0.6071428571428571
}