{
  "f1": 0.15384615384615385,
  "roc_auc": 0.606060606060606,
  "pr_auc": 0.41428571428571426
}