{
  "f1": 0.4444444444444444,
  "roc_auc": 0.9393939393939394,
  "pr_auc": 0.6805555555555556
}