{
  "f1": 0.5294117647058824,
  "roc_auc": 0.8395480225988701,
  "pr_auc": 0.7249586954204894
}