{
  "f1": 0.35294117647058826,
  "roc_auc": 0.7276923076923077,
  "pr_auc": 0.41860753506282433
}