{
  "f1": 0.46153846153846156,
  "roc_auc": 0.7415254237288136,
  "pr_auc": 0.4479522979840793
}