{
  "f1": 0.6111111111111112,
  "roc_auc": 0.9297423887587822,
  "pr_auc": 0.7997314021382345
}