{
  "f1": 0.43243243243243246,
  "roc_auc": 0.7022332506203472,
  "pr_auc": 0.5246029090082982
}