{
  "f1": 0.5,
  "roc_auc": 0.7648305084745762,
  "pr_auc": 0.44748201331094384
}