{
  "f1": 0.5142857142857142,
  "roc_auc": 0.6987829614604463,
  "pr_auc": 0.5264307472301287
}