{
  "f1": 0.24,
  "roc_auc": 0.5538461538461539,
  "pr_auc": 0.28568923189715806
}