{
  "f1": 0.48484848484848486,
  "roc_auc": 0.8250620347394542,
  "pr_auc": 0.6216731119741152
}