{
  "f1": 0.4,
  "roc_auc": 0.6788888888888889,
  "pr_auc": 0.40516143693497286
}