{
  "mean": 0.47077225840067066,
  "std": 0.1035251158955925,
  "dist": [
    0.3333333333333333,
    0.6046511627906976,
    0.5263157894736842,
    0.3703703703703703,
    0.5185185185185185,
    0.4848484848484848,
    0.4242424242424242,
    0.3225806451612903,
    0.5,
    0.6190476190476191,
    0.2580645161290322,
    0.55,
    0.4,
    0.5833333333333334,
    0.5853658536585366,
    0.3333333333333333,
    0.4444444444444444,
    0.5641025641025641,
    0.45,
    0.5365853658536586,
    0.3571428571428571,
    0.6,
    0.4242424242424242,
    0.4705882352941176,
    0.5,
    0.4390243902439024,
    0.4666666666666667,
    0.4,
    0.6153846153846154,
    0.4444444444444444,
    0.5957446808510638,
    0.4137931034482758,
    0.303030303030303,
    0.4615384615384615,
    0.5555555555555556,
    0.3529411764705882,
    0.5,
    0.4666666666666667,
    0.6808510638297872,
    0.3125,
    0.3636363636363636,
    0.4,
    0.4137931034482758,
    0.6666666666666666,
    0.5263157894736842,
    0.3888888888888889,
    0.5294117647058824,
    0.3703703703703703,
    0.6451612903225806,
    0.4651162790697674
  ]
}