{
  "t_test": {
    "t_stat": 2.039952820468222,
    "p_value": 0.04676457284864841
  },
  "wilcoxon": {
    "w_stat": 368.5,
    "p_value": 0.06022015164724357
  }
}