{
  "f1": 0.5581395348837209,
  "roc_auc": 0.7742504409171076,
  "pr_auc": 0.5788937963052541
}