{
  "f1": 0.45,
  "roc_auc": 0.7076271186440677,
  "pr_auc": 0.3767187463486805
}