{
  "f1": 0.2962962962962963,
  "roc_auc": 0.6446153846153846,
  "pr_auc": 0.25947883703697655
}