{
  "f1": 0.47368421052631576,
  "roc_auc": 0.7254237288135593,
  "pr_auc": 0.48887433267493235
}