{
  "f1": 0.55,
  "roc_auc": 0.7595338983050848,
  "pr_auc": 0.4297334676117154
}