{
  "f1": 0.5238095238095238,
  "roc_auc": 0.7822014051522248,
  "pr_auc": 0.3798258760598741
}