{
  "f1": 0.42424242424242425,
  "roc_auc": 0.7307692307692308,
  "pr_auc": 0.4661022266264202
}