{
  "f1": 0.46153846153846156,
  "roc_auc": 0.7517564402810305,
  "pr_auc": 0.49222957381913834
}