{
  "f1": 0.4375,
  "roc_auc": 0.7301587301587302,
  "pr_auc": 0.37673761423761426
}