{
  "f1": 0.5909090909090909,
  "roc_auc": 0.8824858757062147,
  "pr_auc": 0.6984885603392116
}