{
  "f1": 0.5106382978723404,
  "roc_auc": 0.7314814814814815,
  "pr_auc": 0.6087090600205826
}