{
  "f1": 0.6190476190476191,
  "roc_auc": 0.8421052631578947,
  "pr_auc": 0.7471822806767143
}