{
  "f1": 0.5116279069767442,
  "roc_auc": 0.7254901960784313,
  "pr_auc": 0.5097542871521292
}