{
  "f1": 0.5806451612903226,
  "roc_auc": 0.83954802259887,
  "pr_auc": 0.6938301242695013
}