{
  "f1": 0.6808510638297872,
  "roc_auc": 0.8562610229276896,
  "pr_auc": 0.7766566986001493
}