{
  "f1": 0.6363636363636364,
  "roc_auc": 0.84366576819407,
  "pr_auc": 0.7788646516712459
}