{
  "f1": 0.46808510638297873,
  "roc_auc": 0.7231040564373898,
  "pr_auc": 0.573643640677699
}