{
  "f1": 0.3684210526315789,
  "roc_auc": 0.6986128625472888,
  "pr_auc": 0.3720932618840585
}