{
  "f1": 0.375,
  "roc_auc": 0.7292307692307692,
  "pr_auc": 0.34003640230326027
}