{
  "f1": 0.6086956521739131,
  "roc_auc": 0.7646001796945192,
  "pr_auc": 0.6033460349198385
}