{
  "f1": 0.5333333333333333,
  "roc_auc": 0.7602339181286549,
  "pr_auc": 0.5437223335998757
}