{
  "f1": 0.4878048780487805,
  "roc_auc": 0.6636904761904762,
  "pr_auc": 0.47411657079468084
}