{
  "f1": 0.5333333333333333,
  "roc_auc": 0.7925696594427245,
  "pr_auc": 0.6724979128423685
}