{
  "f1": 0.3111111111111111,
  "roc_auc": 0.6588983050847458,
  "pr_auc": 0.34780785114836776
}