{
  "f1": 0.6046511627906976,
  "roc_auc": 0.7636363636363637,
  "pr_auc": 0.5104659053171137
}