{
  "f1": 0.6086956521739131,
  "roc_auc": 0.7971781305114638,
  "pr_auc": 0.6802991176841244
}