{
  "f1": 0.5365853658536586,
  "roc_auc": 0.8453389830508474,
  "pr_auc": 0.6430344742063492
}