{
  "f1": 0.4,
  "roc_auc": 0.7644444444444445,
  "pr_auc": 0.39884919694241733
}