{
  "f1": 0.6666666666666666,
  "roc_auc": 0.9121779859484778,
  "pr_auc": 0.8264400988538919
}