{
  "f1": 0.55,
  "roc_auc": 0.7210953346855984,
  "pr_auc": 0.5454760125404665
}