{
  "f1": 0.34285714285714286,
  "roc_auc": 0.7046875,
  "pr_auc": 0.44637253870387306
}