{
  "f1": 0.3902439024390244,
  "roc_auc": 0.6947890818858561,
  "pr_auc": 0.324168349706625
}