{
  "f1": 0.3902439024390244,
  "roc_auc": 0.7023809523809523,
  "pr_auc": 0.5049242211055726
}