{
  "f1": 0.4186046511627907,
  "roc_auc": 0.7311004784688995,
  "pr_auc": 0.5569025468956217
}