{
  "f1": 0.3888888888888889,
  "roc_auc": 0.7307692307692308,
  "pr_auc": 0.3864917006226014
}