{
  "f1": 0.4864864864864865,
  "roc_auc": 0.8352272727272727,
  "pr_auc": 0.6732228274254491
}