{
  "f1": 0.47619047619047616,
  "roc_auc": 0.7870182555780934,
  "pr_auc": 0.6554581556549406
}