{
  "f1": 0.46153846153846156,
  "roc_auc": 0.7518610421836228,
  "pr_auc": 0.3709654740614493
}