{
  "f1": 0.5,
  "roc_auc": 0.7717528373266077,
  "pr_auc": 0.5403844644137183
}