{
  "f1": 0.4117647058823529,
  "roc_auc": 0.7214285714285714,
  "pr_auc": 0.4477867266264304
}