{
  "f1": 0.55,
  "roc_auc": 0.7609126984126984,
  "pr_auc": 0.5169707652258299
}