{
  "f1": 0.5294117647058824,
  "roc_auc": 0.7322515212981744,
  "pr_auc": 0.49244518622640154
}