{
  "f1": 0.3684210526315789,
  "roc_auc": 0.631638418079096,
  "pr_auc": 0.3666067832076443
}