{
  "f1": 0.43243243243243246,
  "roc_auc": 0.6715399610136452,
  "pr_auc": 0.46316040358409094
}