{
  "f1": 0.5238095238095238,
  "roc_auc": 0.7849576271186441,
  "pr_auc": 0.5255680087546752
}