{
  "f1": 0.6829268292682927,
  "roc_auc": 0.8363095238095238,
  "pr_auc": 0.7405112411390605
}