{
  "f1": 0.5365853658536586,
  "roc_auc": 0.8573200992555831,
  "pr_auc": 0.6256886205899364
}