{
  "mean": 0.296513026876804,
  "std": 0.11007001162483639,
  "dist": [
    0.4444444444444444,
    0.2727272727272727,
    0.3333333333333333,
    0.1666666666666666,
    0.2352941176470588,
    0.3333333333333333,
    0.1818181818181818,
    0.2857142857142857,
    0.4,
    0.2727272727272727,
    0.2727272727272727,
    0.0,
    0.5,
    0.2666666666666666,
    0.4545454545454545,
    0.125,
    0.2222222222222222,
    0.3157894736842105,
    0.4444444444444444,
    0.375,
    0.2,
    0.48,
    0.25,
    0.2,
    0.25,
    0.1818181818181818,
    0.5,
    0.4,
    0.2,
    0.3333333333333333,
    0.3333333333333333,
    0.2857142857142857,
    0.3636363636363636,
    0.2352941176470588,
    0.25,
    0.1666666666666666,
    0.2352941176470588,
    0.3809523809523809,
    0.4705882352941176,
    0.2,
    0.2727272727272727,
    0.4615384615384615,
    0.25,
    0.375,
    0.1666666666666666,
    0.3076923076923077,
    0.3529411764705882,
    0.125,
    0.375,
    0.32
  ]
}