{
  "t_test": {
    "t_stat": -0.41443258391326204,
    "p_value": 0.6803660680938843
  },
  "wilcoxon": {
    "w_stat": 421.5,
    "p_value": 0.3909932060631236
  }
}