{
  "f1": 0.23529411764705882,
  "roc_auc": 0.63125,
  "pr_auc": 0.21089299085669322
}