{
  "f1": 0.47368421052631576,
  "roc_auc": 0.708686440677966,
  "pr_auc": 0.43474744874201393
}