{
  "f1": 0.5238095238095238,
  "roc_auc": 0.7358851674641148,
  "pr_auc": 0.5307625344958645
}