{
  "f1": 0.23529411764705882,
  "roc_auc": 0.4928977272727273,
  "pr_auc": 0.16811715554696838
}