{
  "f1": 0.6666666666666666,
  "roc_auc": 0.8868534482758621,
  "pr_auc": 0.7160408789547769
}