{
  "f1": 0.7111111111111111,
  "roc_auc": 0.8870813397129187,
  "pr_auc": 0.630010419092968
}