{
  "f1": 0.43902439024390244,
  "roc_auc": 0.6726190476190476,
  "pr_auc": 0.5138701992122033
}