{
  "f1": 0.4444444444444444,
  "roc_auc": 0.705955334987593,
  "pr_auc": 0.47574202574202573
}