{
  "f1": 0.42424242424242425,
  "roc_auc": 0.7142857142857143,
  "pr_auc": 0.49530166889959815
}