{
  "f1": 0.5555555555555556,
  "roc_auc": 0.8297604035308954,
  "pr_auc": 0.5388741355533287
}