{
  "f1": 0.5581395348837209,
  "roc_auc": 0.755023923444976,
  "pr_auc": 0.6202186812297614
}