{
  "f1": 0.4878048780487805,
  "roc_auc": 0.7,
  "pr_auc": 0.4230480217410623
}