{
  "f1": 0.3448275862068966,
  "roc_auc": 0.5599999999999999,
  "pr_auc": 0.20689369565880444
}