{
  "f1": 0.5641025641025641,
  "roc_auc": 0.8225806451612904,
  "pr_auc": 0.49235246235246233
}