{
  "f1": 0.5405405405405406,
  "roc_auc": 0.6904761904761906,
  "pr_auc": 0.51263384127462
}