{
  "f1": 0.6086956521739131,
  "roc_auc": 0.7283950617283951,
  "pr_auc": 0.5973910045902302
}