{
  "f1": 0.47368421052631576,
  "roc_auc": 0.6924664602683178,
  "pr_auc": 0.43021675000038506
}