{
  "f1": 0.3870967741935484,
  "roc_auc": 0.7264957264957264,
  "pr_auc": 0.46019834993360526
}