{
  "f1": 0.46153846153846156,
  "roc_auc": 0.7592592592592592,
  "pr_auc": 0.4719067424949778
}