{
  "f1": 0.4864864864864865,
  "roc_auc": 0.7694915254237288,
  "pr_auc": 0.5806519647823994
}