{
  "f1": 0.4,
  "roc_auc": 0.6017369727047146,
  "pr_auc": 0.366992220015942
}