{
  "f1": 0.45,
  "roc_auc": 0.7059523809523809,
  "pr_auc": 0.557901154719476
}