{
  "f1": 0.41025641025641024,
  "roc_auc": 0.7459016393442623,
  "pr_auc": 0.46294022469980656
}