{
  "f1": 0.358974358974359,
  "roc_auc": 0.667989417989418,
  "pr_auc": 0.24920711049982885
}