{
  "f1": 0.4444444444444444,
  "roc_auc": 0.6868279569892473,
  "pr_auc": 0.4121676004319739
}