{
  "f1": 0.5454545454545454,
  "roc_auc": 0.659957627118644,
  "pr_auc": 0.5066432431701318
}