{
  "f1": 0.41025641025641024,
  "roc_auc": 0.6545667447306791,
  "pr_auc": 0.3430335155873623
}