{
  "f1": 0.5641025641025641,
  "roc_auc": 0.8418079096045198,
  "pr_auc": 0.6016883304553083
}