{
  "f1": 0.5,
  "roc_auc": 0.7706214689265537,
  "pr_auc": 0.5184366484363557
}