{
  "f1": 0.3448275862068966,
  "roc_auc": 0.7369402985074627,
  "pr_auc": 0.3031404633378318
}