{
  "f1": 0.5853658536585366,
  "roc_auc": 0.8395480225988701,
  "pr_auc": 0.6610784721629088
}