{
  "f1": 0.5,
  "roc_auc": 0.83125,
  "pr_auc": 0.5709327463042633
}