{
  "f1": 0.3870967741935484,
  "roc_auc": 0.7295285359801489,
  "pr_auc": 0.3437187540333083
}