{
  "f1": 0.6341463414634146,
  "roc_auc": 0.8836206896551724,
  "pr_auc": 0.7232150049945301
}