{
  "f1": 0.6363636363636364,
  "roc_auc": 0.810916179337232,
  "pr_auc": 0.6861239191283052
}