{
  "f1": 0.5333333333333333,
  "roc_auc": 0.7629255989911727,
  "pr_auc": 0.48665403003562613
}