{
  "f1": 0.34285714285714286,
  "roc_auc": 0.6825396825396826,
  "pr_auc": 0.37996330896482267
}