{
  "f1": 0.5,
  "roc_auc": 0.6990632318501171,
  "pr_auc": 0.4783797375764425
}