{
  "f1": 0.46153846153846156,
  "roc_auc": 0.6592292089249493,
  "pr_auc": 0.4544165951015616
}