{
  "f1": 0.5555555555555556,
  "roc_auc": 0.7903225806451613,
  "pr_auc": 0.5124953810809074
}