{
  "f1": 0.5581395348837209,
  "roc_auc": 0.7962962962962963,
  "pr_auc": 0.6310045325822077
}