{
  "f1": 0.5116279069767442,
  "roc_auc": 0.6954887218045112,
  "pr_auc": 0.47955789584530345
}