{
  "f1": 0.26666666666666666,
  "roc_auc": 0.5894886363636364,
  "pr_auc": 0.3580115287528174
}