{
  "f1": 0.5,
  "roc_auc": 0.7261208576998051,
  "pr_auc": 0.45662567436161866
}