{
  "f1": 0.4864864864864865,
  "roc_auc": 0.8121693121693121,
  "pr_auc": 0.46591003919722057
}