{
  "f1": 0.42857142857142855,
  "roc_auc": 0.6533333333333334,
  "pr_auc": 0.3783571218703917
}