{
  "f1": 0.5238095238095238,
  "roc_auc": 0.7622222222222222,
  "pr_auc": 0.5181459992117768
}