{
  "f1": 0.3888888888888889,
  "roc_auc": 0.7372159090909091,
  "pr_auc": 0.4759244671176489
}