{
  "f1": 0.35,
  "roc_auc": 0.6997354497354498,
  "pr_auc": 0.461554889851237
}