{
  "f1": 0.3888888888888889,
  "roc_auc": 0.728287841191067,
  "pr_auc": 0.47602442329083317
}