{
  "f1": 0.5142857142857142,
  "roc_auc": 0.8624999999999999,
  "pr_auc": 0.5302036556369034
}