{
  "f1": 0.2631578947368421,
  "roc_auc": 0.5823863636363636,
  "pr_auc": 0.2741009011100818
}