{
  "f1": 0.25,
  "roc_auc": 0.5610795454545455,
  "pr_auc": 0.22024835494966263
}