{
  "f1": 0.5116279069767442,
  "roc_auc": 0.8259887005649718,
  "pr_auc": 0.6266409187558096
}