{
  "f1": 0.24390243902439024,
  "roc_auc": 0.7025641025641025,
  "pr_auc": 0.3220030358064122
}