{
  "f1": 0.6923076923076923,
  "roc_auc": 0.8976076555023923,
  "pr_auc": 0.6233752509186563
}