{
  "f1": 0.5714285714285714,
  "roc_auc": 0.7799043062200957,
  "pr_auc": 0.6025582013680537
}