{
  "f1": 0.4090909090909091,
  "roc_auc": 0.7107728337236534,
  "pr_auc": 0.407686295968388
}