{
  "f1": 0.5142857142857142,
  "roc_auc": 0.7717528373266078,
  "pr_auc": 0.45974021918592056
}