{
  "f1": 0.32558139534883723,
  "roc_auc": 0.6825396825396826,
  "pr_auc": 0.36323865212548806
}