{
  "f1": 0.5,
  "roc_auc": 0.7454545454545455,
  "pr_auc": 0.5647379725290885
}