{
  "f1": 0.5714285714285714,
  "roc_auc": 0.7914230019493177,
  "pr_auc": 0.6526276598738285
}