{
  "f1": 0.5,
  "roc_auc": 0.701058201058201,
  "pr_auc": 0.48731980322772456
}