{
  "f1": 0.5,
  "roc_auc": 0.8022598870056497,
  "pr_auc": 0.5690197368768797
}