{
  "f1": 0.5777777777777777,
  "roc_auc": 0.8271186440677966,
  "pr_auc": 0.5881209029973332
}