{
  "f1": 0.45714285714285713,
  "roc_auc": 0.7563559322033898,
  "pr_auc": 0.5513726300478117
}