{
  "f1": 0.4583333333333333,
  "roc_auc": 0.7202729044834308,
  "pr_auc": 0.4219480780620469
}