{
  "f1": 0.24390243902439024,
  "roc_auc": 0.5734375,
  "pr_auc": 0.18870972046528162
}