{
  "f1": 0.4090909090909091,
  "roc_auc": 0.7270471464019852,
  "pr_auc": 0.6014853379906782
}