{
  "f1": 0.358974358974359,
  "roc_auc": 0.7580645161290323,
  "pr_auc": 0.3733869553299324
}