{
  "f1": 0.45454545454545453,
  "roc_auc": 0.6686507936507937,
  "pr_auc": 0.38323969476556563
}