{
  "f1": 0.5098039215686274,
  "roc_auc": 0.8055555555555556,
  "pr_auc": 0.46879758195703164
}