{
  "f1": 0.3157894736842105,
  "roc_auc": 0.6865079365079365,
  "pr_auc": 0.3963623519186782
}