{
  "f1": 0.43243243243243246,
  "roc_auc": 0.7540983606557377,
  "pr_auc": 0.46651530952756703
}