{
  "f1": 0.2926829268292683,
  "roc_auc": 0.6809701492537313,
  "pr_auc": 0.2975930103751363
}