{
  "f1": 0.4186046511627907,
  "roc_auc": 0.8042328042328042,
  "pr_auc": 0.4439842122022973
}