{
  "f1": 0.45454545454545453,
  "roc_auc": 0.760545905707196,
  "pr_auc": 0.39744247550013934
}