{
  "f1": 0.5263157894736842,
  "roc_auc": 0.8200992555831266,
  "pr_auc": 0.48567108270285525
}