{
  "f1": 0.5714285714285714,
  "roc_auc": 0.7797619047619048,
  "pr_auc": 0.6439120446695967
}