{
  "f1": 0.3684210526315789,
  "roc_auc": 0.6889204545454546,
  "pr_auc": 0.3694235554387575
}