{
  "f1": 0.34782608695652173,
  "roc_auc": 0.701058201058201,
  "pr_auc": 0.41087382907935605
}