{
  "f1": 0.4444444444444444,
  "roc_auc": 0.7544444444444444,
  "pr_auc": 0.4939224577228009
}