{
  "f1": 0.3333333333333333,
  "roc_auc": 0.652605459057072,
  "pr_auc": 0.37163127065590484
}