{
  "f1": 0.43478260869565216,
  "roc_auc": 0.7131062951496387,
  "pr_auc": 0.44961745713764206
}