{
  "f1": 0.5652173913043478,
  "roc_auc": 0.8308189655172414,
  "pr_auc": 0.5945314027176405
}