{
  "f1": 0.4888888888888889,
  "roc_auc": 0.7077067669172933,
  "pr_auc": 0.46349965223444695
}