{
  "f1": 0.46153846153846156,
  "roc_auc": 0.6826697892271663,
  "pr_auc": 0.4378802033633966
}