{
  "f1": 0.3157894736842105,
  "roc_auc": 0.6492307692307693,
  "pr_auc": 0.24250665426527493
}