{
  "f1": 0.43902439024390244,
  "roc_auc": 0.78287841191067,
  "pr_auc": 0.547783295825788
}