{
  "f1": 0.5,
  "roc_auc": 0.728813559322034,
  "pr_auc": 0.5512848828802777
}