{
  "f1": 0.46808510638297873,
  "roc_auc": 0.7494929006085194,
  "pr_auc": 0.6082207785647065
}