{
  "f1": 0.4,
  "roc_auc": 0.7402597402597402,
  "pr_auc": 0.4037776207442444
}