{
  "f1": 0.5116279069767442,
  "roc_auc": 0.823728813559322,
  "pr_auc": 0.5281106887247238
}