{
  "f1": 0.4,
  "roc_auc": 0.7794612794612794,
  "pr_auc": 0.5205409669695384
}