{
  "f1": 0.6666666666666666,
  "roc_auc": 0.8556034482758621,
  "pr_auc": 0.5788612923753084
}