{
  "f1": 0.6,
  "roc_auc": 0.8650693568726355,
  "pr_auc": 0.5225476175476176
}