{
  "f1": 0.4888888888888889,
  "roc_auc": 0.7144444444444444,
  "pr_auc": 0.4318425284089706
}