{
  "f1": 0.391304347826087,
  "roc_auc": 0.6809523809523809,
  "pr_auc": 0.41052623595797755
}