{
  "mean": 0.4882777222777223,
  "std": 0.18226669578373095,
  "dist": [
    0.1818181818181818,
    0.5714285714285714,
    0.6666666666666666,
    0.6666666666666666,
    0.5,
    0.8,
    0.6666666666666666,
    0.2857142857142857,
    0.3333333333333333,
    0.3333333333333333,
    0.5714285714285714,
    0.4444444444444444,
    0.6666666666666666,
    0.2857142857142857,
    0.4,
    0.8888888888888888,
    0.3333333333333333,
    0.6,
    0.5,
    0.0,
    0.3636363636363636,
    0.4444444444444444,
    0.5333333333333333,
    0.6666666666666666,
    0.6666666666666666,
    0.5454545454545454,
    0.25,
    0.4,
    0.6153846153846154,
    0.5714285714285714,
    0.2222222222222222,
    0.6,
    0.5,
    0.5,
    0.6153846153846154,
    0.3636363636363636,
    0.6666666666666666,
    0.5714285714285714,
    0.25,
    0.6666666666666666,
    0.2857142857142857,
    0.5,
    0.5714285714285714,
    0.5714285714285714,
    0.5714285714285714,
    0.5714285714285714,
    0.25,
    0.25,
    0.8,
    0.3333333333333333
  ]
}