{
  "t_test": {
    "t_stat": 8.027273124612375,
    "p_value": 1.7357170989716857e-10
  },
  "wilcoxon": {
    "w_stat": 21.5,
    "p_value": 4.95315122277717e-08
  }
}