{
  "f1": 0.5714285714285714,
  "roc_auc": 0.8833333333333333,
  "pr_auc": 0.5138888888888888
}