{
  "f1": 0.25,
  "roc_auc": 0.45370370370370366,
  "pr_auc": 0.3930035650623886
}