{
  "f1": 0.3333333333333333,
  "roc_auc": 0.5396825396825397,
  "pr_auc": 0.21666666666666667
}