{
  "f1": 0.25,
  "roc_auc": 0.46052631578947373,
  "pr_auc": 0.22402597402597402
}