{
  "f1": 0.5454545454545454,
  "roc_auc": 0.5980392156862746,
  "pr_auc": 0.4160818713450292
}