{
  "f1": 0.6,
  "roc_auc": 0.7763157894736842,
  "pr_auc": 0.5347222222222222
}