{
  "f1": 0.4,
  "roc_auc": 0.44736842105263164,
  "pr_auc": 0.38123885918003564
}