{
  "f1": 0.0,
  "roc_auc": 0.5238095238095238,
  "pr_auc": 0.12878787878787878
}