{
  "f1": 0.8,
  "roc_auc": 0.8666666666666667,
  "pr_auc": 0.7766666666666666
}