{
  "f1": 0.2857142857142857,
  "roc_auc": 0.3425925925925926,
  "pr_auc": 0.3440343282448546
}