{
  "f1": 0.42857142857142855,
  "roc_auc": 0.6875,
  "pr_auc": 0.6420947199730095
}