{
  "f1": 0.4444444444444444,
  "roc_auc": 0.5740740740740742,
  "pr_auc": 0.3920932009167303
}