{
  "f1": 0.25,
  "roc_auc": 0.4111111111111111,
  "pr_auc": 0.36313937180810246
}