{
  "f1": 0.46153846153846156,
  "roc_auc": 0.5083333333333333,
  "pr_auc": 0.42157738095238095
}