{
  "f1": 0.6153846153846154,
  "roc_auc": 0.7156862745098039,
  "pr_auc": 0.727807486631016
}