{
  "f1": 0.5,
  "roc_auc": 0.5888888888888889,
  "pr_auc": 0.48211875843454793
}