{
  "f1": 0.75,
  "roc_auc": 0.8421052631578948,
  "pr_auc": 0.5560897435897436
}