{
  "f1": 0.6666666666666666,
  "roc_auc": 0.7254901960784313,
  "pr_auc": 0.6905945419103313
}