{
  "f1": 0.7142857142857143,
  "roc_auc": 0.8333333333333333,
  "pr_auc": 0.5707722832722832
}