{
  "f1": 0.2857142857142857,
  "roc_auc": 0.6666666666666667,
  "pr_auc": 0.24864024864024864
}