{
  "f1": 0.6666666666666666,
  "roc_auc": 0.8253968253968254,
  "pr_auc": 0.6324786324786326
}