{
  "f1": 0.16666666666666666,
  "roc_auc": 0.4453125,
  "pr_auc": 0.34060057589469356
}