{
  "f1": 0.3333333333333333,
  "roc_auc": 0.5812807881773399,
  "pr_auc": 0.30562596006144394
}