{
  "f1": 0.5333333333333333,
  "roc_auc": 0.645320197044335,
  "pr_auc": 0.5420454545454545
}