{
  "f1": 0.3076923076923077,
  "roc_auc": 0.5078125,
  "pr_auc": 0.16321044546850996
}