{
  "f1": 0.36363636363636365,
  "roc_auc": 0.6709677419354839,
  "pr_auc": 0.30598355471220745
}