{
  "f1": 0.46153846153846156,
  "roc_auc": 0.7388888888888889,
  "pr_auc": 0.3790674603174603
}