{
  "f1": 0.5333333333333333,
  "roc_auc": 0.7733990147783251,
  "pr_auc": 0.5644009216589861
}