{
  "f1": 0.3076923076923077,
  "roc_auc": 0.8088235294117647,
  "pr_auc": 0.18253968253968253
}