{
  "f1": 0.4444444444444444,
  "roc_auc": 0.7741935483870969,
  "pr_auc": 0.2903787878787879
}