{
  "f1": 0.42857142857142855,
  "roc_auc": 0.890625,
  "pr_auc": 0.5583333333333333
}