{
  "f1": 0.35294117647058826,
  "roc_auc": 0.6451612903225807,
  "pr_auc": 0.22454545454545455
}