{
  "f1": 0.25,
  "roc_auc": 0.8181818181818182,
  "pr_auc": 0.3176638176638177
}