{
  "f1": 0.14285714285714285,
  "roc_auc": 0.5859375,
  "pr_auc": 0.16716524216524214
}