{
  "f1": 0.2222222222222222,
  "roc_auc": 0.8970588235294117,
  "pr_auc": 0.375
}