{
  "f1": 0.3076923076923077,
  "roc_auc": 0.8359375,
  "pr_auc": 0.3208333333333333
}