{
  "f1": 0.36363636363636365,
  "roc_auc": 0.9191919191919191,
  "pr_auc": 0.7575757575757576
}