{
  "f1": 0.0,
  "roc_auc": 0.7058823529411764,
  "pr_auc": 0.12878787878787878
}