{
  "f1": 0.2857142857142857,
  "roc_auc": 0.8046875,
  "pr_auc": 0.44516594516594515
}