{
  "f1": 0.3076923076923077,
  "roc_auc": 0.8235294117647058,
  "pr_auc": 0.2
}