{
  "mean": 0.2510948519042729,
  "std": 0.11770520555366586,
  "dist": [
    0.4,
    0.3076923076923077,
    0.2,
    0.0952380952380952,
    0.25,
    0.1666666666666666,
    0.0909090909090909,
    0.3478260869565217,
    0.2352941176470588,
    0.4,
    0.2,
    0.0833333333333333,
    0.3529411764705882,
    0.3333333333333333,
    0.3243243243243243,
    0.3529411764705882,
    0.0,
    0.1481481481481481,
    0.3571428571428571,
    0.4166666666666667,
    0.2222222222222222,
    0.48,
    0.0952380952380952,
    0.1176470588235294,
    0.3076923076923077,
    0.1739130434782608,
    0.2608695652173913,
    0.3333333333333333,
    0.2857142857142857,
    0.24,
    0.4,
    0.1052631578947368,
    0.2857142857142857,
    0.1739130434782608,
    0.2857142857142857,
    0.0,
    0.2105263157894736,
    0.3870967741935484,
    0.3809523809523809,
    0.2307692307692307,
    0.4444444444444444,
    0.3,
    0.3076923076923077,
    0.1,
    0.0869565217391304,
    0.25,
    0.16,
    0.1904761904761904,
    0.3636363636363636,
    0.3125
  ]
}