{
  "t_test": {
    "t_stat": 0.26130692747169476,
    "p_value": 0.7949510391860695
  },
  "wilcoxon": {
    "w_stat": 486.5,
    "p_value": 0.7264010719977463
  }
}