{
  "f1": 0.3333333333333333,
  "roc_auc": 0.8774193548387096,
  "pr_auc": 0.5709090909090908
}