{
  "f1": 0.2,
  "roc_auc": 0.8088235294117646,
  "pr_auc": 0.20833333333333331
}