{
  "f1": 0.125,
  "roc_auc": 0.7352941176470589,
  "pr_auc": 0.2222222222222222
}