{
  "f1": 0.2857142857142857,
  "roc_auc": 0.7354838709677418,
  "pr_auc": 0.48190883190883194
}