{
  "f1": 0.3076923076923077,
  "roc_auc": 0.765625,
  "pr_auc": 0.3553113553113553
}