{
  "f1": 0.2,
  "roc_auc": 0.8529411764705882,
  "pr_auc": 0.26666666666666666
}