{
  "mean": 0.46312872206329486,
  "std": 0.10592738193406305,
  "dist": [
    0.35,
    0.6511627906976745,
    0.4761904761904761,
    0.4,
    0.4242424242424242,
    0.5405405405405406,
    0.4390243902439024,
    0.2857142857142857,
    0.5294117647058824,
    0.5365853658536586,
    0.2222222222222222,
    0.5,
    0.5128205128205128,
    0.4827586206896552,
    0.6,
    0.4444444444444444,
    0.4,
    0.4888888888888889,
    0.4390243902439024,
    0.55,
    0.3448275862068966,
    0.5416666666666666,
    0.5882352941176471,
    0.3684210526315789,
    0.4615384615384615,
    0.5365853658536586,
    0.3888888888888889,
    0.4,
    0.55,
    0.4444444444444444,
    0.6122448979591837,
    0.3333333333333333,
    0.3076923076923077,
    0.4827586206896552,
    0.5714285714285714,
    0.3076923076923077,
    0.4864864864864865,
    0.5142857142857142,
    0.7142857142857143,
    0.2857142857142857,
    0.4,
    0.45,
    0.3783783783783784,
    0.5789473684210527,
    0.5263157894736842,
    0.5,
    0.5,
    0.25,
    0.5714285714285714,
    0.4878048780487805
  ]
}