{
  "t_test": {
    "t_stat": 3.6818902384019303,
    "p_value": 0.0005768960759155591
  },
  "wilcoxon": {
    "w_stat": 299.0,
    "p_value": 0.0008156048825487261
  }
}