{
  "f1": 0.42857142857142855,
  "roc_auc": 0.7806451612903227,
  "pr_auc": 0.6916256157635468
}