{
  "f1": 0.36363636363636365,
  "roc_auc": 0.9117647058823529,
  "pr_auc": 0.625
}