{
  "f1": 0.4,
  "roc_auc": 0.7578125,
  "pr_auc": 0.4655448717948718
}