{
  "f1": 0.7272727272727273,
  "roc_auc": 0.9548387096774194,
  "pr_auc": 0.8333333333333333
}