{
  "f1": 0.36363636363636365,
  "roc_auc": 0.7676767676767676,
  "pr_auc": 0.3232323232323232
}