{
  "f1": 0.5,
  "roc_auc": 0.8226600985221675,
  "pr_auc": 0.6837490551776266
}