{
  "f1": 0.42857142857142855,
  "roc_auc": 0.8064516129032258,
  "pr_auc": 0.3716791979949874
}