{
  "f1": 0.6086956521739131,
  "roc_auc": 0.7534722222222222,
  "pr_auc": 0.5960143657512078
}