{
  "f1": 0.5454545454545454,
  "roc_auc": 0.7722222222222221,
  "pr_auc": 0.4280786507331129
}