{
  "f1": 0.25,
  "roc_auc": 0.8484848484848484,
  "pr_auc": 0.273015873015873
}