{
  "f1": 0.5714285714285714,
  "roc_auc": 0.9055555555555554,
  "pr_auc": 0.7754901960784314
}