{
  "f1": 0.42857142857142855,
  "roc_auc": 0.7777777777777778,
  "pr_auc": 0.6484036796536796
}