{
  "f1": 0.5263157894736842,
  "roc_auc": 0.8611111111111112,
  "pr_auc": 0.5203703703703704
}