{
  "f1": 0.46153846153846156,
  "roc_auc": 0.7166666666666667,
  "pr_auc": 0.6163906142167012
}