{
  "f1": 0.36363636363636365,
  "roc_auc": 0.7548387096774193,
  "pr_auc": 0.42384370015948963
}