{
  "f1": 0.5714285714285714,
  "roc_auc": 0.9296875,
  "pr_auc": 0.7182539682539683
}