{
  "f1": 0.75,
  "roc_auc": 0.9500000000000001,
  "pr_auc": 0.6916666666666668
}