{
  "f1": 0.25,
  "roc_auc": 0.7265625,
  "pr_auc": 0.24558865047995482
}