{
  "f1": 0.5555555555555556,
  "roc_auc": 0.8916256157635469,
  "pr_auc": 0.7704365079365079
}