{
  "f1": 0.5882352941176471,
  "roc_auc": 0.888888888888889,
  "pr_auc": 0.509090909090909
}