{
  "f1": 0.5555555555555556,
  "roc_auc": 0.84375,
  "pr_auc": 0.6871212121212121
}