{
  "f1": 0.46153846153846156,
  "roc_auc": 0.8903225806451613,
  "pr_auc": 0.5436507936507936
}