{
  "f1": 0.46153846153846156,
  "roc_auc": 0.7222222222222223,
  "pr_auc": 0.3680367018602313
}