{
  "f1": 0.36363636363636365,
  "roc_auc": 0.7578125,
  "pr_auc": 0.46499999999999997
}