{
  "f1": 0.6666666666666666,
  "roc_auc": 0.8472906403940886,
  "pr_auc": 0.5506802721088435
}