{
  "f1": 0.5454545454545454,
  "roc_auc": 0.9166666666666666,
  "pr_auc": 0.7139601139601139
}