{
  "f1": 0.36363636363636365,
  "roc_auc": 0.7171717171717171,
  "pr_auc": 0.23792270531400966
}