{
  "f1": 0.42857142857142855,
  "roc_auc": 0.788888888888889,
  "pr_auc": 0.38177933177933177
}