{
  "f1": 0.625,
  "roc_auc": 0.8392857142857143,
  "pr_auc": 0.7490872352285396
}