{
  "f1": 0.47058823529411764,
  "roc_auc": 0.6833333333333333,
  "pr_auc": 0.40376845376845377
}