{
  "f1": 0.7058823529411765,
  "roc_auc": 0.9500000000000001,
  "pr_auc": 0.8501683501683501
}