{
  "f1": 0.5714285714285714,
  "roc_auc": 0.8193548387096774,
  "pr_auc": 0.6247619047619047
}