{
  "f1": 0.7058823529411765,
  "roc_auc": 0.8705357142857142,
  "pr_auc": 0.639702380952381
}