{
  "f1": 0.18181818181818182,
  "roc_auc": 0.7783251231527093,
  "pr_auc": 0.4772806558520844
}