{
  "f1": 0.3333333333333333,
  "roc_auc": 0.6847290640394088,
  "pr_auc": 0.34957759818440926
}