{
  "f1": 0.7142857142857143,
  "roc_auc": 0.9111111111111112,
  "pr_auc": 0.6343253968253969
}