{
  "f1": 0.5555555555555556,
  "roc_auc": 0.8388888888888889,
  "pr_auc": 0.5745726495726495
}