{
  "f1": 0.7368421052631579,
  "roc_auc": 0.9374999999999999,
  "pr_auc": 0.8972222222222223
}