{
  "mean": 0.5335091575091575,
  "std": 0.1980209464496492,
  "dist": [
    0.4444444444444444,
    0.6666666666666666,
    0.6,
    0.6666666666666666,
    0.4444444444444444,
    0.8,
    0.8888888888888888,
    0.5714285714285714,
    0.0,
    0.2857142857142857,
    0.5714285714285714,
    0.5714285714285714,
    0.5714285714285714,
    0.3333333333333333,
    0.6666666666666666,
    0.8,
    0.5714285714285714,
    0.5714285714285714,
    0.5454545454545454,
    0.0,
    0.4444444444444444,
    0.6,
    0.7272727272727273,
    0.6666666666666666,
    0.0,
    0.6666666666666666,
    0.6666666666666666,
    0.4,
    0.4615384615384615,
    0.5714285714285714,
    0.3333333333333333,
    0.5,
    0.6,
    0.5714285714285714,
    0.6666666666666666,
    0.5714285714285714,
    0.25,
    0.75,
    0.2857142857142857,
    0.8,
    0.5,
    0.4615384615384615,
    0.6666666666666666,
    0.5,
    0.8,
    0.5714285714285714,
    0.4,
    0.4444444444444444,
    0.7272727272727273,
    0.5
  ]
}