{
  "t_test": {
    "t_stat": 1.2689113733483104,
    "p_value": 0.21046740585430607
  },
  "wilcoxon": {
    "w_stat": 363.0,
    "p_value": 0.3815630887719017
  }
}