{
  "f1": 0.47058823529411764,
  "roc_auc": 0.8,
  "pr_auc": 0.43165306915306917
}