{
  "f1": 0.36363636363636365,
  "roc_auc": 0.7575757575757576,
  "pr_auc": 0.474025974025974
}