{
  "f1": 0.5384615384615384,
  "roc_auc": 0.7326388888888888,
  "pr_auc": 0.5337284991696756
}