{
  "f1": 0.26666666666666666,
  "roc_auc": 0.7676767676767676,
  "pr_auc": 0.28888888888888886
}