{
  "f1": 0.47058823529411764,
  "roc_auc": 0.8258064516129032,
  "pr_auc": 0.5625258799171843
}