{
  "f1": 0.6086956521739131,
  "roc_auc": 0.9507389162561577,
  "pr_auc": 0.8210884353741494
}