{
  "f1": 0.5217391304347826,
  "roc_auc": 0.8722222222222222,
  "pr_auc": 0.541967291967292
}