{
  "f1": 0.3333333333333333,
  "roc_auc": 0.7483870967741936,
  "pr_auc": 0.3038095238095238
}