{
  "f1": 0.5833333333333334,
  "roc_auc": 0.8472906403940886,
  "pr_auc": 0.4677179962894249
}