{
  "f1": 0.5714285714285714,
  "roc_auc": 0.8169642857142858,
  "pr_auc": 0.6431482160312806
}