{
  "f1": 0.5,
  "roc_auc": 0.8828125,
  "pr_auc": 0.44047619047619047
}