{
  "f1": 0.5263157894736842,
  "roc_auc": 0.9290322580645161,
  "pr_auc": 0.7912087912087913
}