{
  "f1": 0.7368421052631579,
  "roc_auc": 0.9241071428571428,
  "pr_auc": 0.7392857142857143
}