{
  "f1": 0.5333333333333333,
  "roc_auc": 0.8645161290322582,
  "pr_auc": 0.40692307692307694
}