{
  "f1": 0.5882352941176471,
  "roc_auc": 0.7536945812807883,
  "pr_auc": 0.3996173469387755
}