{
  "f1": 0.47058823529411764,
  "roc_auc": 0.7944444444444444,
  "pr_auc": 0.45970736779560306
}