{
  "f1": 0.5,
  "roc_auc": 0.7589285714285714,
  "pr_auc": 0.46247294372294373
}