{
  "f1": 0.625,
  "roc_auc": 0.8166666666666668,
  "pr_auc": 0.542958892958893
}