{
  "f1": 0.3076923076923077,
  "roc_auc": 0.9558823529411764,
  "pr_auc": 0.5
}