{
  "f1": 0.6153846153846154,
  "roc_auc": 0.8722222222222223,
  "pr_auc": 0.7775
}