{
  "f1": 0.47619047619047616,
  "roc_auc": 0.8500000000000001,
  "pr_auc": 0.6432539682539682
}