{
  "f1": 0.14285714285714285,
  "roc_auc": 0.7171717171717172,
  "pr_auc": 0.16951566951566954
}