{
  "f1": 0.42857142857142855,
  "roc_auc": 0.765625,
  "pr_auc": 0.39404761904761904
}