{
  "f1": 0.4444444444444444,
  "roc_auc": 0.9296875,
  "pr_auc": 0.6527777777777778
}