{
  "f1": 0.47058823529411764,
  "roc_auc": 0.6666666666666666,
  "pr_auc": 0.32570207570207577
}