{
  "f1": 0.6153846153846154,
  "roc_auc": 0.7783251231527093,
  "pr_auc": 0.6851615646258504
}