{
  "f1": 0.3333333333333333,
  "roc_auc": 0.6875,
  "pr_auc": 0.26975806451612905
}