{
  "f1": 0.5263157894736842,
  "roc_auc": 0.7888888888888889,
  "pr_auc": 0.5682870370370371
}