{
  "f1": 0.5,
  "roc_auc": 0.8388888888888889,
  "pr_auc": 0.816017316017316
}