{
  "f1": 0.5882352941176471,
  "roc_auc": 0.9,
  "pr_auc": 0.5853174603174603
}