{
  "f1": 0.6,
  "roc_auc": 0.9166666666666667,
  "pr_auc": 0.6537037037037037
}