{
  "f1": 0.42857142857142855,
  "roc_auc": 0.7619047619047619,
  "pr_auc": 0.4727725460626529
}