{
  "f1": 0.35714285714285715,
  "roc_auc": 0.6580796252927401,
  "pr_auc": 0.31817619957711096
}