{
  "f1": 0.48,
  "roc_auc": 0.8171875,
  "pr_auc": 0.540745610149806
}