{
  "f1": 0.4,
  "roc_auc": 0.7027863777089783,
  "pr_auc": 0.41793057035600883
}