{
  "f1": 0.38095238095238093,
  "roc_auc": 0.7457912457912458,
  "pr_auc": 0.3388020655416638
}