{
  "f1": 0.42857142857142855,
  "roc_auc": 0.7493796526054591,
  "pr_auc": 0.41852593108249214
}