{
  "f1": 0.3870967741935484,
  "roc_auc": 0.7222222222222222,
  "pr_auc": 0.5122888813164447
}