{
  "f1": 0.38461538461538464,
  "roc_auc": 0.7118644067796611,
  "pr_auc": 0.38791798774056835
}