{
  "f1": 0.32,
  "roc_auc": 0.7059829059829059,
  "pr_auc": 0.41370484616098646
}