{
  "f1": 0.4117647058823529,
  "roc_auc": 0.7011111111111111,
  "pr_auc": 0.4329740243641076
}