{
  "f1": 0.4,
  "roc_auc": 0.7257462686567164,
  "pr_auc": 0.31043626749962366
}