{
  "f1": 0.4666666666666667,
  "roc_auc": 0.7412429378531074,
  "pr_auc": 0.5346464156179259
}