{
  "f1": 0.3076923076923077,
  "roc_auc": 0.6240694789081886,
  "pr_auc": 0.2776037691846731
}