{
  "f1": 0.38461538461538464,
  "roc_auc": 0.6676923076923078,
  "pr_auc": 0.26176683148422275
}