{
  "f1": 0.6666666666666666,
  "roc_auc": 0.8663793103448276,
  "pr_auc": 0.7077272465699757
}