{
  "f1": 0.2727272727272727,
  "roc_auc": 0.6746532156368222,
  "pr_auc": 0.3750478107981261
}