{
  "f1": 0.4444444444444444,
  "roc_auc": 0.8268398268398269,
  "pr_auc": 0.4946173538402544
}