{
  "f1": 0.43478260869565216,
  "roc_auc": 0.7163978494623655,
  "pr_auc": 0.4289490903398156
}