{
  "f1": 0.4,
  "roc_auc": 0.7175141242937852,
  "pr_auc": 0.3821496600158764
}