{
  "f1": 0.14814814814814814,
  "roc_auc": 0.4616477272727273,
  "pr_auc": 0.1453661079305014
}