{
  "f1": 0.5142857142857142,
  "roc_auc": 0.8146551724137931,
  "pr_auc": 0.6283164282013773
}