{
  "f1": 0.24,
  "roc_auc": 0.63125,
  "pr_auc": 0.24344295225310558
}