{
  "f1": 0.5925925925925926,
  "roc_auc": 0.848587570621469,
  "pr_auc": 0.6784223491556148
}