{
  "f1": 0.5333333333333333,
  "roc_auc": 0.8114143920595533,
  "pr_auc": 0.498005053163491
}