{
  "f1": 0.09090909090909091,
  "roc_auc": 0.5634920634920635,
  "pr_auc": 0.1892975643023324
}