{
  "f1": 0.45714285714285713,
  "roc_auc": 0.6773809523809523,
  "pr_auc": 0.5400326821665494
}