{
  "f1": 0.4117647058823529,
  "roc_auc": 0.7513227513227514,
  "pr_auc": 0.45533820145817266
}