{
  "f1": 0.4375,
  "roc_auc": 0.7878411910669975,
  "pr_auc": 0.54955658376711
}