{
  "f1": 0.42424242424242425,
  "roc_auc": 0.7023809523809524,
  "pr_auc": 0.5138462189186828
}