{
  "f1": 0.3448275862068966,
  "roc_auc": 0.641439205955335,
  "pr_auc": 0.36658203525480854
}