{
  "f1": 0.5,
  "roc_auc": 0.776803118908382,
  "pr_auc": 0.585892067694859
}