{
  "f1": 0.4666666666666667,
  "roc_auc": 0.65625,
  "pr_auc": 0.3908619268385346
}