{
  "f1": 0.5161290322580645,
  "roc_auc": 0.7150423728813559,
  "pr_auc": 0.4898613576955663
}