{
  "f1": 0.3333333333333333,
  "roc_auc": 0.5965909090909091,
  "pr_auc": 0.3546584879315215
}