{
  "f1": 0.24,
  "roc_auc": 0.5248138957816378,
  "pr_auc": 0.2874817340981549
}