{
  "f1": 0.4375,
  "roc_auc": 0.7733333333333333,
  "pr_auc": 0.5116914867017092
}