{
  "f1": 0.45,
  "roc_auc": 0.6807760141093474,
  "pr_auc": 0.4647890587158221
}