{
  "f1": 0.4,
  "roc_auc": 0.639344262295082,
  "pr_auc": 0.39707595361296244
}