{
  "f1": 0.4,
  "roc_auc": 0.6976076555023923,
  "pr_auc": 0.5836359330346299
}