{
  "f1": 0.5454545454545454,
  "roc_auc": 0.8526315789473684,
  "pr_auc": 0.6858457174171744
}