{
  "f1": 0.5142857142857142,
  "roc_auc": 0.7177033492822966,
  "pr_auc": 0.5523759034638176
}