{
  "f1": 0.5714285714285714,
  "roc_auc": 0.8650693568726356,
  "pr_auc": 0.7482311893602216
}