{
  "f1": 0.4,
  "roc_auc": 0.7172619047619048,
  "pr_auc": 0.5767368188414329
}