{
  "f1": 0.48484848484848486,
  "roc_auc": 0.7241715399610137,
  "pr_auc": 0.5969156327452971
}