{
  "f1": 0.41025641025641024,
  "roc_auc": 0.6578947368421052,
  "pr_auc": 0.5045695773807274
}