{
  "f1": 0.45161290322580644,
  "roc_auc": 0.6713995943204868,
  "pr_auc": 0.47659496040695926
}