{
  "f1": 0.23076923076923078,
  "roc_auc": 0.7156084656084656,
  "pr_auc": 0.36400919751688976
}