{
  "f1": 0.35714285714285715,
  "roc_auc": 0.7763466042154566,
  "pr_auc": 0.3999553561490047
}