{
  "f1": 0.45161290322580644,
  "roc_auc": 0.670550847457627,
  "pr_auc": 0.45022307441328285
}