{
  "f1": 0.5555555555555556,
  "roc_auc": 0.7412398921832883,
  "pr_auc": 0.5738924975596076
}