{
  "f1": 0.41025641025641024,
  "roc_auc": 0.7028248587570621,
  "pr_auc": 0.4710664543438128
}