{
  "f1": 0.5238095238095238,
  "roc_auc": 0.7352941176470588,
  "pr_auc": 0.5968327256905887
}