{
  "f1": 0.631578947368421,
  "roc_auc": 0.795131845841785,
  "pr_auc": 0.5962891982686213
}