{
  "f1": 0.3829787234042553,
  "roc_auc": 0.6607818411097099,
  "pr_auc": 0.3859695204235834
}