{
  "f1": 0.3888888888888889,
  "roc_auc": 0.671957671957672,
  "pr_auc": 0.3183027326297325
}