{
  "f1": 0.52,
  "roc_auc": 0.7874097007223942,
  "pr_auc": 0.5974259023890862
}