{
  "f1": 0.5,
  "roc_auc": 0.7430340557275542,
  "pr_auc": 0.515476462934047
}