{
  "f1": 0.5238095238095238,
  "roc_auc": 0.7152777777777778,
  "pr_auc": 0.5678872146615495
}