{
  "f1": 0.4782608695652174,
  "roc_auc": 0.759322033898305,
  "pr_auc": 0.47732404696180597
}