{
  "f1": 0.3684210526315789,
  "roc_auc": 0.6714285714285714,
  "pr_auc": 0.418118819748759
}