{
  "f1": 0.5416666666666666,
  "roc_auc": 0.6944444444444444,
  "pr_auc": 0.5125809324899594
}