{
  "f1": 0.47368421052631576,
  "roc_auc": 0.7655086848635236,
  "pr_auc": 0.5001044112842474
}