{
  "f1": 0.35294117647058826,
  "roc_auc": 0.6225749559082892,
  "pr_auc": 0.46859031964747466
}