{
  "f1": 0.5106382978723404,
  "roc_auc": 0.7394067796610169,
  "pr_auc": 0.5332370981602191
}