{
  "f1": 0.4878048780487805,
  "roc_auc": 0.7693208430913349,
  "pr_auc": 0.44396031060025687
}