{
  "f1": 0.4888888888888889,
  "roc_auc": 0.736228813559322,
  "pr_auc": 0.5153591880125432
}