{
  "f1": 0.4444444444444444,
  "roc_auc": 0.8196022727272727,
  "pr_auc": 0.5628668995146269
}