{
  "f1": 0.6046511627906976,
  "roc_auc": 0.7786016949152542,
  "pr_auc": 0.4678718503718503
}