{
  "f1": 0.5454545454545454,
  "roc_auc": 0.8044444444444445,
  "pr_auc": 0.5008943370796212
}