{
  "f1": 0.41025641025641024,
  "roc_auc": 0.7146401985111662,
  "pr_auc": 0.3615226855535527
}