{
  "f1": 0.46511627906976744,
  "roc_auc": 0.760593220338983,
  "pr_auc": 0.5166517357118633
}