{
  "f1": 0.6666666666666666,
  "roc_auc": 0.9250585480093677,
  "pr_auc": 0.8339549855029731
}