{
  "f1": 0.4,
  "roc_auc": 0.7484375000000001,
  "pr_auc": 0.4676639352258316
}