{
  "f1": 0.3684210526315789,
  "roc_auc": 0.6644444444444444,
  "pr_auc": 0.4125746288571008
}