{
  "f1": 0.5777777777777777,
  "roc_auc": 0.8553672316384181,
  "pr_auc": 0.646039635836369
}