{
  "f1": 0.45,
  "roc_auc": 0.6687344913151364,
  "pr_auc": 0.4201335122832995
}