{
  "f1": 0.6818181818181818,
  "roc_auc": 0.8303571428571429,
  "pr_auc": 0.7373825641868672
}