{
  "f1": 0.5,
  "roc_auc": 0.7677484787018255,
  "pr_auc": 0.5746248454181236
}