{
  "f1": 0.3783783783783784,
  "roc_auc": 0.6768361581920904,
  "pr_auc": 0.39828349045074085
}