{
  "f1": 0.5333333333333333,
  "roc_auc": 0.691468253968254,
  "pr_auc": 0.4277861434678329
}