{
  "f1": 0.6190476190476191,
  "roc_auc": 0.7380952380952381,
  "pr_auc": 0.5990119732164196
}