{
  "f1": 0.5,
  "roc_auc": 0.7397660818713451,
  "pr_auc": 0.48900217693802517
}