{
  "f1": 0.36363636363636365,
  "roc_auc": 0.6047619047619048,
  "pr_auc": 0.38325232747468607
}