{
  "f1": 0.5769230769230769,
  "roc_auc": 0.7722488038277512,
  "pr_auc": 0.5863270503699267
}