{
  "f1": 0.4782608695652174,
  "roc_auc": 0.74,
  "pr_auc": 0.5659868407856549
}