{
  "f1": 0.45714285714285713,
  "roc_auc": 0.718362282878412,
  "pr_auc": 0.41839791494879325
}