{
  "f1": 0.47619047619047616,
  "roc_auc": 0.7666666666666666,
  "pr_auc": 0.6149098123565525
}