{
  "f1": 0.4186046511627907,
  "roc_auc": 0.6451271186440678,
  "pr_auc": 0.3859265372785566
}