{
  "f1": 0.25806451612903225,
  "roc_auc": 0.5969230769230769,
  "pr_auc": 0.26485023526179313
}