{
  "f1": 0.6153846153846154,
  "roc_auc": 0.7879604672057503,
  "pr_auc": 0.6382450825592267
}