{
  "f1": 0.5116279069767442,
  "roc_auc": 0.7339712918660287,
  "pr_auc": 0.6150647320422375
}