{
  "f1": 0.3902439024390244,
  "roc_auc": 0.6549707602339181,
  "pr_auc": 0.4490209428721673
}