{
  "f1": 0.6274509803921569,
  "roc_auc": 0.8139329805996472,
  "pr_auc": 0.7067302925497709
}