{
  "f1": 0.4782608695652174,
  "roc_auc": 0.7763466042154566,
  "pr_auc": 0.5454374439077943
}