{
  "f1": 0.37209302325581395,
  "roc_auc": 0.6973518284993695,
  "pr_auc": 0.48873695581687876
}