{
  "f1": 0.4782608695652174,
  "roc_auc": 0.7502579979360166,
  "pr_auc": 0.5729690819901782
}