{
  "f1": 0.47368421052631576,
  "roc_auc": 0.780580075662043,
  "pr_auc": 0.4632169773523305
}