{
  "f1": 0.43902439024390244,
  "roc_auc": 0.7283372365339578,
  "pr_auc": 0.41008572873135396
}