{
  "f1": 0.5128205128205128,
  "roc_auc": 0.8064516129032258,
  "pr_auc": 0.48474239001900865
}