{
  "f1": 0.5,
  "roc_auc": 0.7066276803118908,
  "pr_auc": 0.4197574866235252
}