{
  "f1": 0.3076923076923077,
  "roc_auc": 0.6997354497354498,
  "pr_auc": 0.4423397726791502
}