{
  "f1": 0.5416666666666666,
  "roc_auc": 0.8271186440677966,
  "pr_auc": 0.584915914226259
}