{
  "f1": 0.5641025641025641,
  "roc_auc": 0.7767857142857143,
  "pr_auc": 0.6327008589902781
}