{
  "f1": 0.5306122448979592,
  "roc_auc": 0.8089668615984406,
  "pr_auc": 0.6714845681037855
}