{
  "f1": 0.5777777777777777,
  "roc_auc": 0.8394396551724138,
  "pr_auc": 0.6027919823232324
}