{
  "f1": 0.4489795918367347,
  "roc_auc": 0.721111111111111,
  "pr_auc": 0.41777965426834685
}