{
  "f1": 0.5217391304347826,
  "roc_auc": 0.7110423116615067,
  "pr_auc": 0.4902206425532998
}