{
  "f1": 0.4444444444444444,
  "roc_auc": 0.741111111111111,
  "pr_auc": 0.399591746529731
}