{
  "f1": 0.34782608695652173,
  "roc_auc": 0.7089947089947091,
  "pr_auc": 0.4450441440573019
}