{
  "f1": 0.3076923076923077,
  "roc_auc": 0.7201492537313433,
  "pr_auc": 0.25625930064472646
}