{
  "f1": 0.5128205128205128,
  "roc_auc": 0.7740112994350282,
  "pr_auc": 0.52457048299496
}