{
  "f1": 0.7058823529411765,
  "roc_auc": 0.8889952153110048,
  "pr_auc": 0.627314487730552
}