{
  "f1": 0.35555555555555557,
  "roc_auc": 0.6191066997518611,
  "pr_auc": 0.3061398006033541
}