{
  "f1": 0.4186046511627907,
  "roc_auc": 0.7456575682382134,
  "pr_auc": 0.41007421693876545
}