{
  "f1": 0.32558139534883723,
  "roc_auc": 0.656084656084656,
  "pr_auc": 0.2819812717650261
}