{
  "f1": 0.4090909090909091,
  "roc_auc": 0.65,
  "pr_auc": 0.36464732563877916
}