{
  "f1": 0.4166666666666667,
  "roc_auc": 0.6458333333333334,
  "pr_auc": 0.4056809838009025
}