{
  "f1": 0.3684210526315789,
  "roc_auc": 0.7203389830508474,
  "pr_auc": 0.5167305786442979
}