{
  "f1": 0.4897959183673469,
  "roc_auc": 0.7311004784688997,
  "pr_auc": 0.5488392817078793
}