{
  "f1": 0.42105263157894735,
  "roc_auc": 0.7196029776674938,
  "pr_auc": 0.28995535027789215
}