{
  "f1": 0.3157894736842105,
  "roc_auc": 0.6307692307692307,
  "pr_auc": 0.2324603012343876
}