{
  "f1": 0.5641025641025641,
  "roc_auc": 0.8789407313997478,
  "pr_auc": 0.5820897537526318
}