{
  "f1": 0.5185185185185185,
  "roc_auc": 0.6807760141093475,
  "pr_auc": 0.44183520931387277
}