{
  "f1": 0.5,
  "roc_auc": 0.6826697892271663,
  "pr_auc": 0.4007308266390702
}