{
  "f1": 0.5714285714285714,
  "roc_auc": 0.7404661016949152,
  "pr_auc": 0.5654384210970309
}