{
  "f1": 0.3684210526315789,
  "roc_auc": 0.6948924731182795,
  "pr_auc": 0.511824139279842
}