{
  "f1": 0.23809523809523808,
  "roc_auc": 0.578125,
  "pr_auc": 0.2536307396307397
}