{
  "f1": 0.4888888888888889,
  "roc_auc": 0.8045197740112995,
  "pr_auc": 0.4916280798184324
}