{
  "f1": 0.52,
  "roc_auc": 0.7748538011695907,
  "pr_auc": 0.5069050582019041
}