{
  "f1": 0.4,
  "roc_auc": 0.7791005291005291,
  "pr_auc": 0.39569666444666446
}