{
  "f1": 0.24390243902439024,
  "roc_auc": 0.7196581196581197,
  "pr_auc": 0.3597096559463311
}