{
  "f1": 0.56,
  "roc_auc": 0.8329741379310344,
  "pr_auc": 0.5944863635015117
}