{
  "f1": 0.2777777777777778,
  "roc_auc": 0.5809659090909091,
  "pr_auc": 0.23081075992601482
}