{
  "f1": 0.4583333333333333,
  "roc_auc": 0.6987829614604463,
  "pr_auc": 0.5689128771990533
}