{
  "f1": 0.391304347826087,
  "roc_auc": 0.6366666666666667,
  "pr_auc": 0.3486385260257489
}