{
  "f1": 0.38095238095238093,
  "roc_auc": 0.704714640198511,
  "pr_auc": 0.6171334885084214
}