{
  "f1": 0.5416666666666666,
  "roc_auc": 0.7665071770334928,
  "pr_auc": 0.5689347725504137
}