{
  "f1": 0.42857142857142855,
  "roc_auc": 0.7667493796526055,
  "pr_auc": 0.5314448758147569
}