{
  "f1": 0.24390243902439024,
  "roc_auc": 0.5596590909090909,
  "pr_auc": 0.19998534074621033
}