{
  "f1": 0.47058823529411764,
  "roc_auc": 0.846875,
  "pr_auc": 0.5408124195624195
}