{
  "f1": 0.4583333333333333,
  "roc_auc": 0.6983082706766918,
  "pr_auc": 0.43907840760805994
}