{
  "f1": 0.3902439024390244,
  "roc_auc": 0.7402597402597403,
  "pr_auc": 0.33715597044740053
}