{
  "f1": 0.4,
  "roc_auc": 0.7760942760942762,
  "pr_auc": 0.4021149627626365
}