{
  "f1": 0.38461538461538464,
  "roc_auc": 0.6674473067915692,
  "pr_auc": 0.4105786832093625
}