{
  "f1": 0.3157894736842105,
  "roc_auc": 0.6974431818181818,
  "pr_auc": 0.395314121417648
}