{
  "f1": 0.5116279069767442,
  "roc_auc": 0.8090395480225989,
  "pr_auc": 0.5187164705529768
}