{
  "f1": 0.3333333333333333,
  "roc_auc": 0.605263157894737,
  "pr_auc": 0.33365683229813664
}