{
  "f1": 0.2857142857142857,
  "roc_auc": 0.49999999999999994,
  "pr_auc": 0.3952380952380952
}