{
  "f1": 0.2857142857142857,
  "roc_auc": 0.4473684210526316,
  "pr_auc": 0.22648479681727762
}