{
  "f1": 0.4444444444444444,
  "roc_auc": 0.6888888888888889,
  "pr_auc": 0.5972527472527474
}