{
  "f1": 0.4,
  "roc_auc": 0.8412698412698412,
  "pr_auc": 0.4027777777777778
}