{
  "f1": 0.4,
  "roc_auc": 0.6333333333333333,
  "pr_auc": 0.47857142857142854
}