{
  "f1": 0.2857142857142857,
  "roc_auc": 0.6574074074074074,
  "pr_auc": 0.6037878787878788
}