{
  "f1": 0.25,
  "roc_auc": 0.5666666666666668,
  "pr_auc": 0.42428571428571427
}