{
  "f1": 0.5,
  "roc_auc": 0.8148148148148149,
  "pr_auc": 0.6498316498316498
}