{
  "f1": 0.5,
  "roc_auc": 0.78125,
  "pr_auc": 0.7145633971291866
}