{
  "f1": 0.3333333333333333,
  "roc_auc": 0.868421052631579,
  "pr_auc": 0.625
}