{
  "f1": 0.5454545454545454,
  "roc_auc": 0.6274509803921569,
  "pr_auc": 0.6082251082251081
}