{
  "f1": 0.8571428571428571,
  "roc_auc": 0.9736842105263158,
  "pr_auc": 0.9166666666666666
}