{
  "f1": 0.6666666666666666,
  "roc_auc": 0.8888888888888888,
  "pr_auc": 0.6666666666666666
}