{
  "f1": 0.6666666666666666,
  "roc_auc": 0.9342105263157894,
  "pr_auc": 0.7470238095238095
}