{
  "f1": 0.7272727272727273,
  "roc_auc": 0.9263157894736842,
  "pr_auc": 0.850909090909091
}