{
  "f1": 0.6153846153846154,
  "roc_auc": 0.5803571428571429,
  "pr_auc": 0.6292646966560009
}