{
  "f1": 0.5,
  "roc_auc": 0.8684210526315789,
  "pr_auc": 0.7159090909090909
}