{
  "f1": 0.8888888888888888,
  "roc_auc": 0.9888888888888888,
  "pr_auc": 0.9666666666666666
}