{
  "f1": 0.6666666666666666,
  "roc_auc": 0.85,
  "pr_auc": 0.6464646464646464
}