{
  "f1": 0.5,
  "roc_auc": 0.8333333333333333,
  "pr_auc": 0.43333333333333335
}