{
  "f1": 0.46153846153846156,
  "roc_auc": 0.6416666666666666,
  "pr_auc": 0.5622557997557998
}