{
  "f1": 0.2857142857142857,
  "roc_auc": 0.5,
  "pr_auc": 0.21428571428571427
}