{
  "f1": 0.3333333333333333,
  "roc_auc": 0.6031746031746031,
  "pr_auc": 0.3416666666666667
}