{
  "f1": 0.8,
  "roc_auc": 0.7058823529411764,
  "pr_auc": 0.7559808612440191
}