{
  "f1": 0.4444444444444444,
  "roc_auc": 0.9030612244897959,
  "pr_auc": 0.42140856342537014
}