{
  "f1": 0.375,
  "roc_auc": 0.8214285714285714,
  "pr_auc": 0.31697790227201994
}