{
  "f1": 0.3076923076923077,
  "roc_auc": 0.6736842105263158,
  "pr_auc": 0.4689030644152596
}