{
  "f1": 0.4444444444444444,
  "roc_auc": 0.840670859538784,
  "pr_auc": 0.6434750669777893
}