{
  "f1": 0.0,
  "roc_auc": 0.5431034482758621,
  "pr_auc": 0.0898294794636258
}