{
  "f1": 0.2,
  "roc_auc": 0.6788461538461539,
  "pr_auc": 0.3353635161135161
}