{
  "f1": 0.3,
  "roc_auc": 0.8076923076923076,
  "pr_auc": 0.3574949155458901
}