{
  "f1": 0.2,
  "roc_auc": 0.7333333333333334,
  "pr_auc": 0.4232558139534883
}