{
  "f1": 0.3333333333333333,
  "roc_auc": 0.8077922077922078,
  "pr_auc": 0.29631488959220054
}