{
  "f1": 0.25,
  "roc_auc": 0.8285714285714285,
  "pr_auc": 0.42461080586080585
}