{
  "f1": 0.23529411764705882,
  "roc_auc": 0.6727272727272726,
  "pr_auc": 0.1944911291715803
}