{
  "f1": 0.5714285714285714,
  "roc_auc": 0.9403508771929825,
  "pr_auc": 0.7359649122807017
}