{
  "f1": 0.2,
  "roc_auc": 0.5903846153846154,
  "pr_auc": 0.3285379068538461
}