{
  "f1": 0.5454545454545454,
  "roc_auc": 0.8448275862068966,
  "pr_auc": 0.775
}