{
  "f1": 0.4,
  "roc_auc": 0.7916666666666667,
  "pr_auc": 0.5149911816578483
}