{
  "f1": 0.2857142857142857,
  "roc_auc": 0.6961538461538461,
  "pr_auc": 0.3901841926189752
}