{
  "f1": 0.1111111111111111,
  "roc_auc": 0.5988700564971752,
  "pr_auc": 0.09005966452774963
}