{
  "f1": 0.5,
  "roc_auc": 0.8154761904761906,
  "pr_auc": 0.6245226864330637
}