{
  "f1": 0.18181818181818182,
  "roc_auc": 0.5298245614035089,
  "pr_auc": 0.2789957264957265
}