{
  "f1": 0.23529411764705882,
  "roc_auc": 0.673469387755102,
  "pr_auc": 0.3408405300475592
}