{
  "f1": 0.26666666666666666,
  "roc_auc": 0.7413793103448276,
  "pr_auc": 0.35594541910331384
}