{
  "f1": 0.25,
  "roc_auc": 0.5773809523809523,
  "pr_auc": 0.27088979223125564
}