{
  "f1": 0.4,
  "roc_auc": 0.7232142857142858,
  "pr_auc": 0.5079514658782951
}