{
  "f1": 0.2857142857142857,
  "roc_auc": 0.7887931034482759,
  "pr_auc": 0.2563228438228438
}