{
  "f1": 0.3333333333333333,
  "roc_auc": 0.7844155844155845,
  "pr_auc": 0.3069291819291819
}