{
  "f1": 0.3076923076923077,
  "roc_auc": 0.8154761904761905,
  "pr_auc": 0.3494884744884745
}