{
  "f1": 0.35294117647058826,
  "roc_auc": 0.8125,
  "pr_auc": 0.2511204481792717
}