{
  "f1": 0.13333333333333333,
  "roc_auc": 0.7413793103448276,
  "pr_auc": 0.2226988017429194
}