{
  "f1": 0.5,
  "roc_auc": 0.7662337662337663,
  "pr_auc": 0.40703531269569004
}