{
  "f1": 0.42857142857142855,
  "roc_auc": 0.7333333333333334,
  "pr_auc": 0.33086792452830194
}