{
  "f1": 0.36363636363636365,
  "roc_auc": 0.9265536723163842,
  "pr_auc": 0.33535353535353535
}