{
  "f1": 0.2857142857142857,
  "roc_auc": 0.7040998217468806,
  "pr_auc": 0.3926234076344941
}