{
  "f1": 0.3076923076923077,
  "roc_auc": 0.7974137931034482,
  "pr_auc": 0.22499999999999998
}