{
  "f1": 0.18181818181818182,
  "roc_auc": 0.7909604519774012,
  "pr_auc": 0.41203703703703703
}