{
  "f1": 0.5,
  "roc_auc": 0.826530612244898,
  "pr_auc": 0.5779812832574045
}