{
  "f1": 0.15384615384615385,
  "roc_auc": 0.5932203389830508,
  "pr_auc": 0.0960248447204969
}