{
  "f1": 0.42857142857142855,
  "roc_auc": 0.9181034482758621,
  "pr_auc": 0.3619047619047619
}