{
  "f1": 0.3333333333333333,
  "roc_auc": 0.809322033898305,
  "pr_auc": 0.43952702702702706
}