{
  "f1": 0.2857142857142857,
  "roc_auc": 0.7152777777777777,
  "pr_auc": 0.4452395577395577
}