{
  "f1": 0.0,
  "roc_auc": 0.7202380952380953,
  "pr_auc": 0.17100468975468974
}