{
  "f1": 0.0,
  "roc_auc": 0.6892655367231638,
  "pr_auc": 0.11794871794871795
}