{
  "f1": 0.46153846153846156,
  "roc_auc": 0.6441558441558441,
  "pr_auc": 0.5253628117913831
}