{
  "f1": 0.36363636363636365,
  "roc_auc": 0.847457627118644,
  "pr_auc": 0.5357142857142857
}