{
  "f1": 0.42105263157894735,
  "roc_auc": 0.7839506172839505,
  "pr_auc": 0.3976622716932795
}