{
  "f1": 0.15384615384615385,
  "roc_auc": 0.5546875,
  "pr_auc": 0.1494558682058682
}