{
  "f1": 0.36363636363636365,
  "roc_auc": 0.6838709677419355,
  "pr_auc": 0.37917972831765934
}