{
  "f1": 0.5,
  "roc_auc": 0.8282828282828283,
  "pr_auc": 0.5254901960784314
}