{
  "f1": 0.16666666666666666,
  "roc_auc": 0.7373737373737372,
  "pr_auc": 0.27677224736048267
}