{
  "f1": 0.18181818181818182,
  "roc_auc": 0.6060606060606061,
  "pr_auc": 0.2468253968253968
}