{
  "f1": 0.15384615384615385,
  "roc_auc": 0.6617647058823529,
  "pr_auc": 0.11437908496732026
}