{
  "f1": 0.2,
  "roc_auc": 0.6666666666666666,
  "pr_auc": 0.25588235294117645
}