{
  "f1": 0.2222222222222222,
  "roc_auc": 0.7941176470588236,
  "pr_auc": 0.5625
}