{
  "f1": 0.46153846153846156,
  "roc_auc": 0.859375,
  "pr_auc": 0.34851190476190474
}