{
  "f1": 0.36363636363636365,
  "roc_auc": 0.8125,
  "pr_auc": 0.34226190476190477
}