{
  "f1": 0.0,
  "roc_auc": 0.5588235294117647,
  "pr_auc": 0.0900735294117647
}