{
  "f1": 0.11764705882352941,
  "roc_auc": 0.6764705882352942,
  "pr_auc": 0.2934782608695652
}