{
  "f1": 0.47058823529411764,
  "roc_auc": 0.859375,
  "pr_auc": 0.3471590909090909
}