{
  "f1": 0.0,
  "roc_auc": 0.411764705882353,
  "pr_auc": 0.06904761904761905
}