{
  "f1": 0.2857142857142857,
  "roc_auc": 0.8857142857142857,
  "pr_auc": 0.2
}