{
  "f1": 0.3076923076923077,
  "roc_auc": 0.71875,
  "pr_auc": 0.40795454545454546
}