{
  "f1": 0.0,
  "roc_auc": 0.3235294117647059,
  "pr_auc": 0.06066176470588235
}