{
  "f1": 0.16666666666666666,
  "roc_auc": 0.6171875,
  "pr_auc": 0.24461622255739904
}