{
  "f1": 0.46153846153846156,
  "roc_auc": 0.7419354838709677,
  "pr_auc": 0.44030365769496205
}