{
  "f1": 0.5,
  "roc_auc": 0.8903225806451613,
  "pr_auc": 0.5102564102564102
}