{
  "f1": 0.7272727272727273,
  "roc_auc": 0.896774193548387,
  "pr_auc": 0.712156862745098
}