{
  "f1": 0.4,
  "roc_auc": 0.671875,
  "pr_auc": 0.30833333333333335
}