{
  "f1": 0.2222222222222222,
  "roc_auc": 0.7205882352941176,
  "pr_auc": 0.5476190476190477
}