{
  "f1": 0.0,
  "roc_auc": 0.546875,
  "pr_auc": 0.1396792412617221
}