{
  "f1": 0.3333333333333333,
  "roc_auc": 0.8235294117647058,
  "pr_auc": 0.2
}