{
  "f1": 0.36363636363636365,
  "roc_auc": 0.5111111111111111,
  "pr_auc": 0.43194444444444446
}