{
  "f1": 0.7142857142857143,
  "roc_auc": 0.7421875,
  "pr_auc": 0.7353383458646616
}