{
  "f1": 0.4,
  "roc_auc": 0.5952380952380952,
  "pr_auc": 0.3055555555555556
}