{
  "f1": 0.5,
  "roc_auc": 0.7166666666666667,
  "pr_auc": 0.6081871345029239
}