{
  "f1": 0.3333333333333333,
  "roc_auc": 0.6333333333333333,
  "pr_auc": 0.3055555555555556
}