{
  "f1": 0.6666666666666666,
  "roc_auc": 0.7222222222222222,
  "pr_auc": 0.7559523809523808
}