{
  "f1": 0.3333333333333333,
  "roc_auc": 0.35526315789473684,
  "pr_auc": 0.24150449653545628
}