{
  "f1": 0.5714285714285714,
  "roc_auc": 0.5394736842105263,
  "pr_auc": 0.5829545454545455
}