{
  "f1": 0.46153846153846156,
  "roc_auc": 0.6607142857142857,
  "pr_auc": 0.5774764451235039
}