{
  "f1": 0.2857142857142857,
  "roc_auc": 0.43333333333333335,
  "pr_auc": 0.36956349206349204
}