{
  "f1": 0.5,
  "roc_auc": 0.6083333333333334,
  "pr_auc": 0.5018291467304625
}