{
  "f1": 0.6666666666666666,
  "roc_auc": 0.7368421052631579,
  "pr_auc": 0.6142857142857143
}