{
  "f1": 0.6,
  "roc_auc": 0.8235294117647058,
  "pr_auc": 0.7410714285714285
}