{
  "f1": 0.4,
  "roc_auc": 0.7142857142857142,
  "pr_auc": 0.3402777777777778
}