{
  "f1": 0.6666666666666666,
  "roc_auc": 0.6825396825396826,
  "pr_auc": 0.43650793650793646
}