{
  "f1": 0.4,
  "roc_auc": 0.5263157894736843,
  "pr_auc": 0.2768115942028985
}