{
  "f1": 0.8333333333333334,
  "roc_auc": 0.9607843137254901,
  "pr_auc": 0.9333333333333333
}