{
  "f1": 0.25,
  "roc_auc": 0.37962962962962965,
  "pr_auc": 0.3520875731595546
}