{
  "f1": 0.3333333333333333,
  "roc_auc": 0.5588235294117647,
  "pr_auc": 0.4457535885167464
}