{
  "f1": 0.6,
  "roc_auc": 0.7352941176470588,
  "pr_auc": 0.6628787878787878
}