{
  "f1": 0.36363636363636365,
  "roc_auc": 0.5648148148148148,
  "pr_auc": 0.5155753968253969
}