{
  "f1": 0.4444444444444444,
  "roc_auc": 0.8166666666666667,
  "pr_auc": 0.5833333333333333
}