{
  "f1": 0.25,
  "roc_auc": 0.6052631578947368,
  "pr_auc": 0.44824016563146996
}