{
  "f1": 0.5714285714285714,
  "roc_auc": 0.8289473684210527,
  "pr_auc": 0.75
}