{
  "f1": 0.8,
  "roc_auc": 0.8526315789473684,
  "pr_auc": 0.8526315789473684
}