{
  "f1": 0.4,
  "roc_auc": 0.7212301587301587,
  "pr_auc": 0.5587371571595716
}