{
  "f1": 0.2222222222222222,
  "roc_auc": 0.5828125,
  "pr_auc": 0.19282570423699846
}