{
  "f1": 0.5714285714285714,
  "roc_auc": 0.7729044834307992,
  "pr_auc": 0.5589184830046898
}