{
  "f1": 0.4666666666666667,
  "roc_auc": 0.6758474576271186,
  "pr_auc": 0.43749150563262285
}