{
  "f1": 0.5,
  "roc_auc": 0.7734375,
  "pr_auc": 0.448669825186853
}