{
  "f1": 0.37037037037037035,
  "roc_auc": 0.8034188034188035,
  "pr_auc": 0.4726312215476302
}