{
  "f1": 0.43243243243243246,
  "roc_auc": 0.7177985948477752,
  "pr_auc": 0.4813118113035906
}