{
  "f1": 0.3333333333333333,
  "roc_auc": 0.6430769230769231,
  "pr_auc": 0.2676148652261398
}