{
  "f1": 0.6086956521739131,
  "roc_auc": 0.7663971248876909,
  "pr_auc": 0.6156914237277091
}