{
  "f1": 0.4444444444444444,
  "roc_auc": 0.6891534391534392,
  "pr_auc": 0.3191540746733476
}