{
  "mean": 0.4829666155250352,
  "std": 0.15356977525014734,
  "dist": [
    0.5555555555555556,
    0.5882352941176471,
    0.4,
    0.3636363636363636,
    0.5714285714285714,
    0.4285714285714285,
    0.625,
    0.6666666666666666,
    0.2222222222222222,
    0.4285714285714285,
    0.3076923076923077,
    0.7368421052631579,
    0.5454545454545454,
    0.4285714285714285,
    0.3636363636363636,
    0.6086956521739131,
    0.5,
    0.5714285714285714,
    0.3636363636363636,
    0.25,
    0.4615384615384615,
    0.25,
    0.5454545454545454,
    0.5555555555555556,
    0.5555555555555556,
    0.5,
    0.3333333333333333,
    0.5454545454545454,
    0.7058823529411765,
    0.4,
    0.7142857142857143,
    0.4705882352941176,
    0.4285714285714285,
    0.5,
    0.3636363636363636,
    0.5263157894736842,
    0.75,
    0.4,
    0.5,
    0.1818181818181818,
    0.5454545454545454,
    0.5714285714285714,
    0.5263157894736842,
    0.4615384615384615,
    0.3636363636363636,
    0.5714285714285714,
    0.7058823529411765,
    0.0,
    0.7272727272727273,
    0.4615384615384615
  ]
}