{
  "t_test": {
    "t_stat": -0.1657376687919982,
    "p_value": 0.8690453475156817
  },
  "wilcoxon": {
    "w_stat": 581.0,
    "p_value": 0.9427625242643278
  }
}