{
  "mean": 0.4881790356186641,
  "std": 0.1820887392279354,
  "dist": [
    0.8,
    0.4285714285714285,
    0.5333333333333333,
    0.1818181818181818,
    0.5,
    0.6153846153846154,
    0.5,
    0.4285714285714285,
    0.0,
    0.7142857142857143,
    0.4,
    0.625,
    0.4,
    0.6666666666666666,
    0.4,
    0.4,
    0.6153846153846154,
    0.5714285714285714,
    0.5,
    0.5,
    0.5714285714285714,
    0.4,
    0.4444444444444444,
    0.7058823529411765,
    0.3076923076923077,
    0.5714285714285714,
    0.7058823529411765,
    0.2222222222222222,
    0.6153846153846154,
    0.2,
    0.6153846153846154,
    0.375,
    0.3333333333333333,
    0.6153846153846154,
    0.6666666666666666,
    0.4444444444444444,
    0.6153846153846154,
    0.5454545454545454,
    0.25,
    0.6153846153846154,
    0.6153846153846154,
    0.3636363636363636,
    0.5263157894736842,
    0.8333333333333334,
    0.0,
    0.6153846153846154,
    0.4705882352941176,
    0.5454545454545454,
    0.2222222222222222,
    0.6153846153846154
  ]
}