{
  "f1": 0.46153846153846156,
  "roc_auc": 0.8774193548387097,
  "pr_auc": 0.5299999999999999
}