{
  "f1": 0.47619047619047616,
  "roc_auc": 0.8111111111111111,
  "pr_auc": 0.4608058608058608
}