{
  "f1": 0.6,
  "roc_auc": 0.7783251231527093,
  "pr_auc": 0.7441043083900227
}