{
  "f1": 0.7368421052631579,
  "roc_auc": 0.8973214285714285,
  "pr_auc": 0.5832542457542457
}