{
  "f1": 0.4444444444444444,
  "roc_auc": 0.7483870967741936,
  "pr_auc": 0.5836309523809524
}