{
  "f1": 0.3333333333333333,
  "roc_auc": 0.8686868686868686,
  "pr_auc": 0.33535353535353535
}