{
  "f1": 0.42105263157894735,
  "roc_auc": 0.6611111111111111,
  "pr_auc": 0.36310122339534107
}