{
  "f1": 0.4444444444444444,
  "roc_auc": 0.71875,
  "pr_auc": 0.40441176470588236
}