{
  "f1": 0.46153846153846156,
  "roc_auc": 0.8833333333333334,
  "pr_auc": 0.5880952380952381
}