{
  "f1": 0.42857142857142855,
  "roc_auc": 0.8129032258064517,
  "pr_auc": 0.3353479853479853
}