{
  "f1": 0.6,
  "roc_auc": 0.9605911330049262,
  "pr_auc": 0.8983516483516483
}