{
  "f1": 0.5,
  "roc_auc": 0.8193548387096774,
  "pr_auc": 0.4850125313283208
}