{
  "f1": 0.5925925925925926,
  "roc_auc": 0.7777777777777777,
  "pr_auc": 0.5430545782190519
}