{
  "f1": 0.47058823529411764,
  "roc_auc": 0.75,
  "pr_auc": 0.3116133866133866
}