{
  "f1": 0.3333333333333333,
  "roc_auc": 0.8166666666666667,
  "pr_auc": 0.4224386724386724
}