{
  "f1": 0.42857142857142855,
  "roc_auc": 0.8515625,
  "pr_auc": 0.40192307692307694
}