{
  "f1": 0.46153846153846156,
  "roc_auc": 0.8203125,
  "pr_auc": 0.29910714285714285
}