{
  "f1": 0.2857142857142857,
  "roc_auc": 0.59375,
  "pr_auc": 0.1613782051282051
}