{
  "f1": 0.47058823529411764,
  "roc_auc": 0.7944444444444445,
  "pr_auc": 0.409052059052059
}