{
  "f1": 0.26666666666666666,
  "roc_auc": 0.7166666666666667,
  "pr_auc": 0.4614534702769997
}