{
  "f1": 0.5333333333333333,
  "roc_auc": 0.7055555555555555,
  "pr_auc": 0.5972222222222222
}