{
  "f1": 0.3157894736842105,
  "roc_auc": 0.6551724137931034,
  "pr_auc": 0.28870688626327723
}