{
  "f1": 0.6,
  "roc_auc": 0.8839285714285714,
  "pr_auc": 0.5690934065934065
}