{
  "f1": 0.46153846153846156,
  "roc_auc": 0.7500000000000001,
  "pr_auc": 0.48412698412698413
}