{
  "f1": 0.47058823529411764,
  "roc_auc": 0.7666666666666667,
  "pr_auc": 0.5603665970045281
}