{
  "f1": 0.5263157894736842,
  "roc_auc": 0.8277777777777777,
  "pr_auc": 0.4632936507936508
}