{
  "f1": 0.5333333333333333,
  "roc_auc": 0.864516129032258,
  "pr_auc": 0.4022222222222222
}