{
  "f1": 0.3333333333333333,
  "roc_auc": 0.7161290322580645,
  "pr_auc": 0.5507142857142857
}