{
  "f1": 0.5,
  "roc_auc": 0.7241379310344827,
  "pr_auc": 0.38096814483369107
}