{
  "f1": 0.42105263157894735,
  "roc_auc": 0.7555555555555555,
  "pr_auc": 0.3133116883116883
}