{
  "f1": 0.36363636363636365,
  "roc_auc": 0.7734375,
  "pr_auc": 0.34374999999999994
}