{
  "f1": 0.5,
  "roc_auc": 0.7444444444444445,
  "pr_auc": 0.4115079365079365
}