{
  "f1": 0.25,
  "roc_auc": 0.7109375,
  "pr_auc": 0.2540151515151515
}