{
  "f1": 0.5263157894736842,
  "roc_auc": 0.75,
  "pr_auc": 0.43627573406985176
}