{
  "f1": 0.36363636363636365,
  "roc_auc": 0.640625,
  "pr_auc": 0.3671130952380952
}