{
  "f1": 0.4444444444444444,
  "roc_auc": 0.8333333333333333,
  "pr_auc": 0.46410256410256406
}