{
  "f1": 0.5333333333333333,
  "roc_auc": 0.921875,
  "pr_auc": 0.6416666666666666
}