{
  "f1": 0.8,
  "roc_auc": 0.7647058823529411,
  "pr_auc": 0.7712418300653594
}