{
  "f1": 0.7272727272727273,
  "roc_auc": 0.784313725490196,
  "pr_auc": 0.7878787878787878
}