{
  "f1": 0.25,
  "roc_auc": 0.42105263157894735,
  "pr_auc": 0.2150974025974026
}