{
  "f1": 0.46153846153846156,
  "roc_auc": 0.6,
  "pr_auc": 0.5809523809523809
}