{
  "f1": 0.6666666666666666,
  "roc_auc": 0.7894736842105263,
  "pr_auc": 0.5379901960784313
}