{
  "f1": 0.5,
  "roc_auc": 0.8333333333333334,
  "pr_auc": 0.6388888888888888
}