{
  "f1": 0.5714285714285714,
  "roc_auc": 0.7578125,
  "pr_auc": 0.7032786749069644
}