{
  "f1": 0.5714285714285714,
  "roc_auc": 0.7,
  "pr_auc": 0.6055555555555555
}