{
  "f1": 0.8888888888888888,
  "roc_auc": 0.8631578947368421,
  "pr_auc": 0.8555555555555556
}