{
  "f1": 0.6,
  "roc_auc": 0.7592592592592593,
  "pr_auc": 0.652065527065527
}