{
  "f1": 0.2222222222222222,
  "roc_auc": 0.4166666666666667,
  "pr_auc": 0.36559517480570114
}