{
  "f1": 0.6666666666666666,
  "roc_auc": 0.9285714285714286,
  "pr_auc": 0.5
}