{
  "f1": 0.5714285714285714,
  "roc_auc": 0.6710526315789473,
  "pr_auc": 0.5348484848484849
}