{
  "f1": 0.5714285714285714,
  "roc_auc": 0.6875,
  "pr_auc": 0.5392857142857144
}