{
  "f1": 0.9090909090909091,
  "roc_auc": 0.9803921568627451,
  "pr_auc": 0.9583333333333333
}