{
  "f1": 0.3333333333333333,
  "roc_auc": 0.43421052631578944,
  "pr_auc": 0.27562111801242234
}