{
  "f1": 0.6153846153846154,
  "roc_auc": 0.5892857142857142,
  "pr_auc": 0.5947368421052631
}