{
  "f1": 0.6666666666666666,
  "roc_auc": 0.868421052631579,
  "pr_auc": 0.6875
}