{
  "f1": 0.8571428571428571,
  "roc_auc": 0.9078947368421052,
  "pr_auc": 0.8409090909090909
}