{
  "f1": 0.4444444444444444,
  "roc_auc": 0.5444444444444444,
  "pr_auc": 0.4730576441102757
}