{
  "f1": 0.9090909090909091,
  "roc_auc": 0.9666666666666667,
  "pr_auc": 0.8766666666666667
}