{
  "f1": 0.5,
  "roc_auc": 0.8421052631578947,
  "pr_auc": 0.6147186147186147
}