{
  "f1": 0.5714285714285714,
  "roc_auc": 0.9206349206349206,
  "pr_auc": 0.7916666666666666
}