{
  "f1": 0.5,
  "roc_auc": 0.8666666666666667,
  "pr_auc": 0.45833333333333326
}