{
  "mean": 0.4617846409658251,
  "std": 0.10377339297483536,
  "dist": [
    0.3333333333333333,
    0.5238095238095238,
    0.5405405405405406,
    0.48,
    0.4615384615384615,
    0.5185185185185185,
    0.4117647058823529,
    0.3529411764705882,
    0.4848484848484848,
    0.5789473684210527,
    0.1875,
    0.4571428571428571,
    0.5161290322580645,
    0.5185185185185185,
    0.6341463414634146,
    0.48,
    0.4285714285714285,
    0.5142857142857142,
    0.3428571428571428,
    0.5581395348837209,
    0.2962962962962963,
    0.6153846153846154,
    0.4571428571428571,
    0.3870967741935484,
    0.5294117647058824,
    0.5,
    0.4324324324324324,
    0.4444444444444444,
    0.5294117647058824,
    0.4375,
    0.6382978723404256,
    0.3448275862068966,
    0.2758620689655172,
    0.3448275862068966,
    0.625,
    0.4516129032258064,
    0.4137931034482758,
    0.4444444444444444,
    0.6363636363636364,
    0.3076923076923077,
    0.4137931034482758,
    0.3529411764705882,
    0.4666666666666667,
    0.5714285714285714,
    0.5263157894736842,
    0.4736842105263157,
    0.4705882352941176,
    0.2962962962962963,
    0.625,
    0.4571428571428571
  ]
}