{
  "t_test": {
    "t_stat": -5.715965877447501,
    "p_value": 6.39107687928433e-07
  },
  "wilcoxon": {
    "w_stat": 141.0,
    "p_value": 7.596441251669804e-06
  }
}