{
  "f1": 0.4117647058823529,
  "roc_auc": 0.711943793911007,
  "pr_auc": 0.5133983787754779
}