{
  "f1": 0.5263157894736842,
  "roc_auc": 0.7748478701825559,
  "pr_auc": 0.6792051859910997
}