{
  "f1": 0.3157894736842105,
  "roc_auc": 0.711864406779661,
  "pr_auc": 0.38833038670210845
}