{
  "f1": 0.55,
  "roc_auc": 0.7991886409736308,
  "pr_auc": 0.6783881286759037
}