{
  "f1": 0.3125,
  "roc_auc": 0.7890625,
  "pr_auc": 0.5331364925615758
}