{
  "f1": 0.6818181818181818,
  "roc_auc": 0.8430335097001763,
  "pr_auc": 0.7920941843142659
}