{
  "f1": 0.5142857142857142,
  "roc_auc": 0.776796973518285,
  "pr_auc": 0.5401457514971739
}