{
  "f1": 0.42105263157894735,
  "roc_auc": 0.7271825396825398,
  "pr_auc": 0.49458634010550284
}