{
  "f1": 0.48484848484848486,
  "roc_auc": 0.6876267748478702,
  "pr_auc": 0.5242191755724341
}