{
  "f1": 0.2222222222222222,
  "roc_auc": 0.9714285714285714,
  "pr_auc": 0.5
}