{
  "f1": 0.15384615384615385,
  "roc_auc": 0.8235294117647058,
  "pr_auc": 0.25
}