{
  "f1": 0.3333333333333333,
  "roc_auc": 0.7421875,
  "pr_auc": 0.46732954545454547
}