{
  "f1": 0.3076923076923077,
  "roc_auc": 0.7935483870967741,
  "pr_auc": 0.47555555555555556
}