{
  "f1": 0.0,
  "roc_auc": 0.5441176470588235,
  "pr_auc": 0.08608058608058608
}