{
  "f1": 0.2857142857142857,
  "roc_auc": 0.7265625,
  "pr_auc": 0.4087024087024087
}