{
  "f1": 0.16666666666666666,
  "roc_auc": 0.8676470588235294,
  "pr_auc": 0.5909090909090909
}