{
  "f1": 0.375,
  "roc_auc": 0.8515625,
  "pr_auc": 0.39017857142857143
}