{
  "f1": 0.6,
  "roc_auc": 0.7450980392156862,
  "pr_auc": 0.7158260233918128
}