{
  "f1": 0.42857142857142855,
  "roc_auc": 0.625,
  "pr_auc": 0.5903708133971293
}