{
  "f1": 0.6,
  "roc_auc": 0.9666666666666667,
  "pr_auc": 0.8666666666666667
}