{
  "f1": 0.5454545454545454,
  "roc_auc": 0.855263157894737,
  "pr_auc": 0.6810897435897436
}