{
  "f1": 0.7272727272727273,
  "roc_auc": 0.8,
  "pr_auc": 0.6692982456140351
}