{
  "f1": 0.7272727272727273,
  "roc_auc": 0.9210526315789473,
  "pr_auc": 0.6220238095238095
}