{
  "f1": 0.5714285714285714,
  "roc_auc": 0.9,
  "pr_auc": 0.5317460317460317
}