{
  "f1": 0.4444444444444444,
  "roc_auc": 0.7125,
  "pr_auc": 0.6180555555555556
}