{
  "f1": 0.3333333333333333,
  "roc_auc": 0.746031746031746,
  "pr_auc": 0.2851851851851852
}