{
  "f1": 0.5714285714285714,
  "roc_auc": 0.6973684210526316,
  "pr_auc": 0.6208133971291866
}