{
  "f1": 0.25,
  "roc_auc": 0.6499999999999999,
  "pr_auc": 0.48120300751879697
}