{
  "f1": 0.5454545454545454,
  "roc_auc": 0.6568627450980392,
  "pr_auc": 0.559984520123839
}