{
  "f1": 0.6666666666666666,
  "roc_auc": 0.9473684210526316,
  "pr_auc": 0.8166666666666667
}