{
  "f1": 0.5,
  "roc_auc": 0.5714285714285714,
  "pr_auc": 0.5789668977638902
}