{
  "f1": 0.5714285714285714,
  "roc_auc": 0.873015873015873,
  "pr_auc": 0.7575757575757576
}