{
  "f1": 0.8333333333333334,
  "roc_auc": 0.9789473684210527,
  "pr_auc": 0.9428571428571428
}