{
  "f1": 0.6666666666666666,
  "roc_auc": 0.8725490196078431,
  "pr_auc": 0.632936507936508
}