{
  "f1": 0.4444444444444444,
  "roc_auc": 0.8999999999999999,
  "pr_auc": 0.7777777777777777
}