{
  "f1": 0.4444444444444444,
  "roc_auc": 0.5648148148148148,
  "pr_auc": 0.5171476671476671
}