{
  "f1": 0.7142857142857143,
  "roc_auc": 0.8611111111111112,
  "pr_auc": 0.6283730158730159
}