{
  "f1": 0.2222222222222222,
  "roc_auc": 0.5952380952380952,
  "pr_auc": 0.22549019607843135
}