{
  "f1": 0.6,
  "roc_auc": 0.7407407407407407,
  "pr_auc": 0.6582863408521302
}