{
  "f1": 0.0,
  "roc_auc": 0.4473684210526316,
  "pr_auc": 0.22878787878787876
}