{
  "f1": 0.5,
  "roc_auc": 0.618421052631579,
  "pr_auc": 0.3241341991341991
}