{
  "f1": 0.0,
  "roc_auc": 0.38095238095238093,
  "pr_auc": 0.10049019607843138
}