{
  "mean": 0.44894600075839514,
  "std": 0.10599619292744737,
  "dist": [
    0.3333333333333333,
    0.5652173913043478,
    0.5365853658536586,
    0.3243243243243243,
    0.4864864864864865,
    0.4102564102564102,
    0.4444444444444444,
    0.2424242424242424,
    0.5581395348837209,
    0.5581395348837209,
    0.2631578947368421,
    0.4782608695652174,
    0.4545454545454545,
    0.4827586206896552,
    0.5652173913043478,
    0.3870967741935484,
    0.3684210526315789,
    0.4680851063829787,
    0.4651162790697674,
    0.5454545454545454,
    0.3333333333333333,
    0.5531914893617021,
    0.4651162790697674,
    0.5294117647058824,
    0.3720930232558139,
    0.5116279069767442,
    0.4,
    0.4,
    0.5106382978723404,
    0.4210526315789473,
    0.5833333333333334,
    0.3809523809523809,
    0.2857142857142857,
    0.4242424242424242,
    0.5789473684210527,
    0.3404255319148936,
    0.5882352941176471,
    0.4,
    0.6956521739130435,
    0.2439024390243902,
    0.3529411764705882,
    0.5454545454545454,
    0.3333333333333333,
    0.5853658536585366,
    0.4285714285714285,
    0.5217391304347826,
    0.4878048780487805,
    0.2857142857142857,
    0.5789473684210527,
    0.3720930232558139
  ]
}