{
  "t_test": {
    "t_stat": -6.099394063827014,
    "p_value": 1.6445966521780084e-07
  },
  "wilcoxon": {
    "w_stat": 153.0,
    "p_value": 4.858422900636925e-06
  }
}