{
  "f1": 0.2222222222222222,
  "roc_auc": 0.7941176470588235,
  "pr_auc": 0.17142857142857143
}