{
  "f1": 0.36363636363636365,
  "roc_auc": 0.6551724137931034,
  "pr_auc": 0.5324116743471583
}