{
  "f1": 0.2857142857142857,
  "roc_auc": 0.6565656565656566,
  "pr_auc": 0.2941628264208909
}