{
  "f1": 0.5,
  "roc_auc": 0.8055555555555556,
  "pr_auc": 0.5523504273504274
}