{
  "f1": 0.6666666666666666,
  "roc_auc": 0.8080357142857143,
  "pr_auc": 0.7127810846560847
}