{
  "f1": 0.3333333333333333,
  "roc_auc": 0.6064516129032258,
  "pr_auc": 0.2649589490968801
}