{
  "f1": 0.0,
  "roc_auc": 0.5546875,
  "pr_auc": 0.18114035087719296
}