{
  "f1": 0.46153846153846156,
  "roc_auc": 0.7444444444444445,
  "pr_auc": 0.5991652983032293
}