{
  "f1": 0.2222222222222222,
  "roc_auc": 0.6060606060606061,
  "pr_auc": 0.19032679738562092
}