{
  "f1": 0.3333333333333333,
  "roc_auc": 0.6000000000000001,
  "pr_auc": 0.29348102877514637
}