{
  "f1": 0.18181818181818182,
  "roc_auc": 0.59375,
  "pr_auc": 0.16742424242424242
}