{
  "f1": 0.4,
  "roc_auc": 0.541871921182266,
  "pr_auc": 0.4607076891093384
}