{
  "f1": 0.4444444444444444,
  "roc_auc": 0.7333333333333334,
  "pr_auc": 0.42389977172585863
}