{
  "f1": 0.2,
  "roc_auc": 0.5467980295566502,
  "pr_auc": 0.2999188221338091
}