{
  "f1": 0.3076923076923077,
  "roc_auc": 0.7419354838709677,
  "pr_auc": 0.35656565656565653
}