{
  "f1": 0.0,
  "roc_auc": 0.2828282828282828,
  "pr_auc": 0.07446257446257447
}