{
  "f1": 0.36363636363636365,
  "roc_auc": 0.4451612903225806,
  "pr_auc": 0.3743778801843318
}