{
  "f1": 0.0,
  "roc_auc": 0.2222222222222222,
  "pr_auc": 0.0695959595959596
}