{
  "f1": 0.35294117647058826,
  "roc_auc": 0.65,
  "pr_auc": 0.24943064182194616
}