{
  "f1": 0.4444444444444444,
  "roc_auc": 0.734375,
  "pr_auc": 0.38095238095238093
}