{
  "f1": 0.5,
  "roc_auc": 0.6903225806451613,
  "pr_auc": 0.4476190476190476
}