{
  "f1": 0.16666666666666666,
  "roc_auc": 0.609375,
  "pr_auc": 0.37107023411371237
}