{
  "f1": 0.2857142857142857,
  "roc_auc": 0.5580357142857142,
  "pr_auc": 0.28716639433551194
}