{
  "f1": 0.4,
  "roc_auc": 0.6428571428571429,
  "pr_auc": 0.36484938672438677
}