{
  "f1": 0.16666666666666666,
  "roc_auc": 0.6222222222222222,
  "pr_auc": 0.2446258562637873
}