{
  "f1": 0.5,
  "roc_auc": 0.7241379310344828,
  "pr_auc": 0.5390615131994443
}