{
  "f1": 0.4,
  "roc_auc": 0.7265625,
  "pr_auc": 0.27662037037037035
}