{
  "f1": 0.16666666666666666,
  "roc_auc": 0.5166666666666666,
  "pr_auc": 0.22180886243386244
}