{
  "f1": 0.4,
  "roc_auc": 0.7192118226600985,
  "pr_auc": 0.5650807973388619
}