{
  "f1": 0.2,
  "roc_auc": 0.5555555555555556,
  "pr_auc": 0.2381404174573055
}