{
  "mean": 0.41047724245918055,
  "std": 0.10546826956152437,
  "dist": [
    0.4117647058823529,
    0.5,
    0.5161290322580645,
    0.32,
    0.2727272727272727,
    0.4285714285714285,
    0.3571428571428571,
    0.3333333333333333,
    0.4242424242424242,
    0.5142857142857142,
    0.1481481481481481,
    0.3870967741935484,
    0.5333333333333333,
    0.48,
    0.5142857142857142,
    0.3809523809523809,
    0.4666666666666667,
    0.4375,
    0.4,
    0.4,
    0.3846153846153846,
    0.4848484848484848,
    0.3571428571428571,
    0.3846153846153846,
    0.4571428571428571,
    0.4102564102564102,
    0.3448275862068966,
    0.3076923076923077,
    0.5925925925925926,
    0.4444444444444444,
    0.45,
    0.4285714285714285,
    0.0909090909090909,
    0.4347826086956521,
    0.5714285714285714,
    0.4117647058823529,
    0.4,
    0.4516129032258064,
    0.5454545454545454,
    0.24,
    0.2307692307692307,
    0.4117647058823529,
    0.24,
    0.6666666666666666,
    0.4666666666666667,
    0.4516129032258064,
    0.4375,
    0.4,
    0.4,
    0.4
  ]
}