{
  "t_test": {
    "t_stat": -7.208964245958539,
    "p_value": 3.150109423954065e-09
  },
  "wilcoxon": {
    "w_stat": 73.0,
    "p_value": 8.02500876772779e-08
  }
}