{
  "f1": 0.25,
  "roc_auc": 0.5444444444444445,
  "pr_auc": 0.3464546783625731
}