{
  "f1": 0.46153846153846156,
  "roc_auc": 0.8484848484848485,
  "pr_auc": 0.2757936507936508
}