{
  "f1": 0.3333333333333333,
  "roc_auc": 0.4967741935483871,
  "pr_auc": 0.21162464985994395
}