{
  "f1": 0.375,
  "roc_auc": 0.48768472906403937,
  "pr_auc": 0.3052657426607006
}