{
  "mean": 0.5177173937173937,
  "std": 0.20954343945712434,
  "dist": [
    0.4,
    0.4,
    0.6666666666666666,
    0.6,
    0.5,
    0.7272727272727273,
    0.8888888888888888,
    0.5,
    0.0,
    0.3333333333333333,
    0.6153846153846154,
    0.4444444444444444,
    0.6666666666666666,
    0.2222222222222222,
    0.8,
    0.7272727272727273,
    0.5,
    0.5714285714285714,
    0.5,
    0.0,
    0.4,
    0.5454545454545454,
    0.6666666666666666,
    0.6666666666666666,
    0.0,
    0.5714285714285714,
    1.0,
    0.3333333333333333,
    0.4615384615384615,
    0.5714285714285714,
    0.3333333333333333,
    0.5714285714285714,
    0.6,
    0.5,
    0.5454545454545454,
    0.4444444444444444,
    0.2857142857142857,
    0.8571428571428571,
    0.2857142857142857,
    0.6666666666666666,
    0.5,
    0.4285714285714285,
    0.8,
    0.4,
    0.8,
    0.5714285714285714,
    0.5,
    0.4444444444444444,
    0.5714285714285714,
    0.5
  ]
}