{
  "t_test": {
    "t_stat": 2.8317230707931706,
    "p_value": 0.0066991171932259995
  },
  "wilcoxon": {
    "w_stat": 95.0,
    "p_value": 0.008065709716502823
  }
}