{
  "t_test": {
    "t_stat": -3.4106705789426717,
    "p_value": 0.0013063027043056978
  },
  "wilcoxon": {
    "w_stat": 219.0,
    "p_value": 0.002161105821810457
  }
}