{
  "f1": 0.47619047619047616,
  "roc_auc": 0.8623376623376624,
  "pr_auc": 0.6338882921589688
}