{
  "f1": 0.0,
  "roc_auc": 0.2388888888888889,
  "pr_auc": 0.04063942361814703
}