{
  "f1": 0.2857142857142857,
  "roc_auc": 0.800595238095238,
  "pr_auc": 0.28105513337711474
}