{
  "f1": 0.16666666666666666,
  "roc_auc": 0.5,
  "pr_auc": 0.15349880430770219
}