{
  "f1": 0.35294117647058826,
  "roc_auc": 0.6912280701754386,
  "pr_auc": 0.32507246376811594
}