{
  "f1": 0.4166666666666667,
  "roc_auc": 0.7324675324675325,
  "pr_auc": 0.29362780077065787
}