{
  "f1": 0.45454545454545453,
  "roc_auc": 0.9166666666666667,
  "pr_auc": 0.6607142857142856
}