{
  "f1": 0.43478260869565216,
  "roc_auc": 0.668724279835391,
  "pr_auc": 0.31788755906402966
}