{
  "f1": 0.38095238095238093,
  "roc_auc": 0.7896103896103897,
  "pr_auc": 0.392480931766646
}