{
  "f1": 0.23529411764705882,
  "roc_auc": 0.6666666666666667,
  "pr_auc": 0.15849673202614378
}