{
  "f1": 0.55,
  "roc_auc": 0.724867724867725,
  "pr_auc": 0.4973483302284407
}