{
  "f1": 0.20689655172413793,
  "roc_auc": 0.563076923076923,
  "pr_auc": 0.31961470409095516
}