{
  "f1": 0.4782608695652174,
  "roc_auc": 0.7708978328173374,
  "pr_auc": 0.6538293548942636
}