{
  "f1": 0.5116279069767442,
  "roc_auc": 0.7079107505070994,
  "pr_auc": 0.5464749977965956
}