{
  "f1": 0.3888888888888889,
  "roc_auc": 0.6986128625472887,
  "pr_auc": 0.39832691257665714
}