{
  "f1": 0.4444444444444444,
  "roc_auc": 0.750620347394541,
  "pr_auc": 0.46293015754201866
}