{
  "f1": 0.35294117647058826,
  "roc_auc": 0.7234375,
  "pr_auc": 0.5002711420573687
}