{
  "f1": 0.35294117647058826,
  "roc_auc": 0.62,
  "pr_auc": 0.39262062870751996
}