{
  "f1": 0.358974358974359,
  "roc_auc": 0.6438492063492064,
  "pr_auc": 0.4764941972405372
}