{
  "f1": 0.5,
  "roc_auc": 0.7669491525423728,
  "pr_auc": 0.5163156242039137
}