{
  "f1": 0.4878048780487805,
  "roc_auc": 0.7588888888888888,
  "pr_auc": 0.583484126984127
}