{
  "f1": 0.45,
  "roc_auc": 0.6974206349206349,
  "pr_auc": 0.5297192513924783
}