{
  "f1": 0.3225806451612903,
  "roc_auc": 0.5942928039702232,
  "pr_auc": 0.2905460505425088
}