{
  "f1": 0.6341463414634146,
  "roc_auc": 0.8028895768833848,
  "pr_auc": 0.615375284464175
}