{
  "f1": 0.47368421052631576,
  "roc_auc": 0.760593220338983,
  "pr_auc": 0.5646479862511437
}