{
  "f1": 0.4117647058823529,
  "roc_auc": 0.673728813559322,
  "pr_auc": 0.45136436807633523
}