{
  "f1": 0.5405405405405406,
  "roc_auc": 0.8011299435028248,
  "pr_auc": 0.6117071836128674
}