{
  "f1": 0.6,
  "roc_auc": 0.8224206349206349,
  "pr_auc": 0.6992346147528941
}