{
  "f1": 0.5365853658536586,
  "roc_auc": 0.8576271186440678,
  "pr_auc": 0.7365268346219047
}