{
  "f1": 0.45,
  "roc_auc": 0.7766666666666666,
  "pr_auc": 0.6513407191305741
}