{
  "f1": 0.5333333333333333,
  "roc_auc": 0.6907407407407408,
  "pr_auc": 0.6071148547062631
}