{
  "f1": 0.43243243243243246,
  "roc_auc": 0.7543424317617866,
  "pr_auc": 0.5631446230993742
}