{
  "f1": 0.4444444444444444,
  "roc_auc": 0.6602434077079107,
  "pr_auc": 0.43553538399087016
}