{
  "f1": 0.4827586206896552,
  "roc_auc": 0.7881462799495587,
  "pr_auc": 0.5674186924186924
}