{
  "f1": 0.5306122448979592,
  "roc_auc": 0.7026055705300989,
  "pr_auc": 0.5072807158906686
}