{
  "f1": 0.3783783783783784,
  "roc_auc": 0.7428977272727273,
  "pr_auc": 0.46566029648844187
}