{
  "f1": 0.6666666666666666,
  "roc_auc": 0.853615520282187,
  "pr_auc": 0.8060336385031237
}