{
  "f1": 0.43243243243243246,
  "roc_auc": 0.7096774193548387,
  "pr_auc": 0.39573538080130377
}