{
  "f1": 0.25,
  "roc_auc": 0.5615384615384615,
  "pr_auc": 0.3600052470987757
}