{
  "f1": 0.5,
  "roc_auc": 0.7241689128481581,
  "pr_auc": 0.5477864169104377
}