{
  "f1": 0.3888888888888889,
  "roc_auc": 0.7365339578454333,
  "pr_auc": 0.3819385944656053
}