{
  "f1": 0.5238095238095238,
  "roc_auc": 0.7071770334928229,
  "pr_auc": 0.5866563981651205
}