{
  "f1": 0.43902439024390244,
  "roc_auc": 0.678498985801217,
  "pr_auc": 0.5703804201140938
}