{
  "f1": 0.4117647058823529,
  "roc_auc": 0.6666666666666667,
  "pr_auc": 0.40741982771780594
}