{
  "f1": 0.4864864864864865,
  "roc_auc": 0.7171610169491526,
  "pr_auc": 0.5799925151591698
}