{
  "f1": 0.5555555555555556,
  "roc_auc": 0.892271662763466,
  "pr_auc": 0.703104787887919
}