{
  "f1": 0.3902439024390244,
  "roc_auc": 0.594541910331384,
  "pr_auc": 0.46880381305766783
}