{
  "f1": 0.3684210526315789,
  "roc_auc": 0.6345338983050848,
  "pr_auc": 0.4740010149721702
}