{
  "f1": 0.4,
  "roc_auc": 0.6350282485875706,
  "pr_auc": 0.4495773419536856
}