{
  "f1": 0.2857142857142857,
  "roc_auc": 0.6759259259259259,
  "pr_auc": 0.305552283633679
}