{
  "f1": 0.3684210526315789,
  "roc_auc": 0.7318501170960188,
  "pr_auc": 0.4941630046138008
}