{
  "f1": 0.42424242424242425,
  "roc_auc": 0.6369047619047619,
  "pr_auc": 0.44612269460193565
}