{
  "f1": 0.391304347826087,
  "roc_auc": 0.6773879142300195,
  "pr_auc": 0.41190267748804577
}