{
  "f1": 0.42857142857142855,
  "roc_auc": 0.6763668430335097,
  "pr_auc": 0.4126525932767135
}