{
  "f1": 0.46511627906976744,
  "roc_auc": 0.8126550868486353,
  "pr_auc": 0.6268648018648018
}