{
  "f1": 0.5106382978723404,
  "roc_auc": 0.7585139318885449,
  "pr_auc": 0.5588776794968565
}