{
  "f1": 0.47619047619047616,
  "roc_auc": 0.7454545454545454,
  "pr_auc": 0.5885959047373699
}