{
  "f1": 0.3157894736842105,
  "roc_auc": 0.611904761904762,
  "pr_auc": 0.2917131574757132
}