{
  "f1": 0.5217391304347826,
  "roc_auc": 0.755731922398589,
  "pr_auc": 0.5728860324202548
}