{
  "f1": 0.18181818181818182,
  "roc_auc": 0.5,
  "pr_auc": 0.2428830227743271
}