{
  "f1": 0.46153846153846156,
  "roc_auc": 0.5980392156862745,
  "pr_auc": 0.46247733747733744
}