{
  "f1": 0.7272727272727273,
  "roc_auc": 0.8736842105263158,
  "pr_auc": 0.8588235294117648
}