{
  "f1": 0.5,
  "roc_auc": 0.6764705882352942,
  "pr_auc": 0.6372282608695652
}