{
  "f1": 0.5454545454545454,
  "roc_auc": 0.7631578947368421,
  "pr_auc": 0.619298245614035
}