{
  "f1": 0.5714285714285714,
  "roc_auc": 0.8137254901960784,
  "pr_auc": 0.7236111111111111
}