{
  "f1": 0.2857142857142857,
  "roc_auc": 0.3157894736842105,
  "pr_auc": 0.1956970431193072
}