{
  "f1": 0.46153846153846156,
  "roc_auc": 0.7142857142857142,
  "pr_auc": 0.6096879311165025
}