{
  "f1": 0.4,
  "roc_auc": 0.6574074074074074,
  "pr_auc": 0.5884135472370766
}