{
  "f1": 0.4444444444444444,
  "roc_auc": 0.7555555555555555,
  "pr_auc": 0.5848841354723708
}