{
  "f1": 0.2857142857142857,
  "roc_auc": 0.6190476190476191,
  "pr_auc": 0.2342171717171717
}