{
  "f1": 0.6666666666666666,
  "roc_auc": 0.855263157894737,
  "pr_auc": 0.6810897435897436
}