{
  "f1": 0.5882352941176471,
  "roc_auc": 0.8823529411764706,
  "pr_auc": 0.6551587301587302
}