{
  "f1": 0.2857142857142857,
  "roc_auc": 0.6842105263157895,
  "pr_auc": 0.35833333333333334
}