{
  "f1": 0.5333333333333333,
  "roc_auc": 0.7592592592592593,
  "pr_auc": 0.531166932482722
}