{
  "f1": 0.6153846153846154,
  "roc_auc": 0.8999999999999999,
  "pr_auc": 0.7087301587301587
}