{
  "f1": 0.4444444444444444,
  "roc_auc": 0.618421052631579,
  "pr_auc": 0.4866600790513834
}