{
  "f1": 0.2,
  "roc_auc": 0.4814814814814815,
  "pr_auc": 0.40378787878787875
}