{
  "f1": 0.4444444444444444,
  "roc_auc": 0.8666666666666667,
  "pr_auc": 0.7575757575757576
}