{
  "f1": 0.6363636363636364,
  "roc_auc": 0.7601410934744268,
  "pr_auc": 0.5137432015760877
}