{
  "f1": 0.6,
  "roc_auc": 0.7416267942583732,
  "pr_auc": 0.5564334871529397
}