{
  "f1": 0.4,
  "roc_auc": 0.6366525423728814,
  "pr_auc": 0.43069577427633693
}