{
  "f1": 0.5,
  "roc_auc": 0.7599531615925058,
  "pr_auc": 0.356313005031323
}