{
  "f1": 0.6111111111111112,
  "roc_auc": 0.8277777777777778,
  "pr_auc": 0.6172875300643528
}