{
  "f1": 0.4888888888888889,
  "roc_auc": 0.739406779661017,
  "pr_auc": 0.4949331157029462
}