{
  "f1": 0.6530612244897959,
  "roc_auc": 0.8445642407906558,
  "pr_auc": 0.7485618793585402
}