{
  "f1": 0.4444444444444444,
  "roc_auc": 0.7076271186440678,
  "pr_auc": 0.37625118408693725
}