{
  "f1": 0.24,
  "roc_auc": 0.5507692307692308,
  "pr_auc": 0.29328806390656503
}