{
  "f1": 0.4864864864864865,
  "roc_auc": 0.7446327683615819,
  "pr_auc": 0.5674138047822258
}