{
  "f1": 0.7222222222222222,
  "roc_auc": 0.826388888888889,
  "pr_auc": 0.7415918321871514
}