{
  "f1": 0.6046511627906976,
  "roc_auc": 0.8379772961816305,
  "pr_auc": 0.6873501495358325
}