{
  "f1": 0.5777777777777777,
  "roc_auc": 0.7538185085354896,
  "pr_auc": 0.588832233103209
}