{
  "f1": 0.375,
  "roc_auc": 0.80625,
  "pr_auc": 0.5884818865778787
}