{
  "f1": 0.3783783783783784,
  "roc_auc": 0.5887005649717514,
  "pr_auc": 0.3564413407806911
}