{
  "f1": 0.4375,
  "roc_auc": 0.6825396825396826,
  "pr_auc": 0.36324333823845373
}