{
  "f1": 0.5142857142857142,
  "roc_auc": 0.7616645649432534,
  "pr_auc": 0.4557078270313565
}