{
  "f1": 0.47619047619047616,
  "roc_auc": 0.7144444444444444,
  "pr_auc": 0.4832658364009219
}