{
  "f1": 0.41025641025641024,
  "roc_auc": 0.7049180327868854,
  "pr_auc": 0.4425044336122097
}