{
  "f1": 0.4444444444444444,
  "roc_auc": 0.7130952380952381,
  "pr_auc": 0.4158938845428064
}