{
  "f1": 0.47058823529411764,
  "roc_auc": 0.6561866125760649,
  "pr_auc": 0.40330113662079836
}