{
  "f1": 0.4444444444444444,
  "roc_auc": 0.730679156908665,
  "pr_auc": 0.47769793713161524
}