{
  "f1": 0.4,
  "roc_auc": 0.6655555555555556,
  "pr_auc": 0.37367370863096855
}