{
  "f1": 0.5116279069767442,
  "roc_auc": 0.6851851851851851,
  "pr_auc": 0.5207025767713968
}