{
  "f1": 0.6857142857142857,
  "roc_auc": 0.9192037470725996,
  "pr_auc": 0.7451614284157598
}