{
  "f1": 0.5882352941176471,
  "roc_auc": 0.8112994350282485,
  "pr_auc": 0.6237322590263766
}