{
  "f1": 0.45454545454545453,
  "roc_auc": 0.7577777777777779,
  "pr_auc": 0.5908106854280831
}