{
  "f1": 0.4878048780487805,
  "roc_auc": 0.6746411483253588,
  "pr_auc": 0.5747759338667615
}