{
  "f1": 0.47368421052631576,
  "roc_auc": 0.6706349206349207,
  "pr_auc": 0.42223510626654115
}