{
  "f1": 0.6521739130434783,
  "roc_auc": 0.8024691358024691,
  "pr_auc": 0.7243187097363326
}