{
  "f1": 0.3783783783783784,
  "roc_auc": 0.6033138401559455,
  "pr_auc": 0.41390302025590053
}