{
  "f1": 0.35294117647058826,
  "roc_auc": 0.6892307692307693,
  "pr_auc": 0.3967515333048067
}