{
  "f1": 0.5238095238095238,
  "roc_auc": 0.7910750507099391,
  "pr_auc": 0.6529375410866972
}