{
  "f1": 0.47058823529411764,
  "roc_auc": 0.6630952380952382,
  "pr_auc": 0.447646702473786
}