{
  "f1": 0.43902439024390244,
  "roc_auc": 0.7383474576271187,
  "pr_auc": 0.5182130725688066
}