{
  "f1": 0.5333333333333333,
  "roc_auc": 0.8338068181818181,
  "pr_auc": 0.6017297161794233
}