{
  "f1": 0.4375,
  "roc_auc": 0.686104218362283,
  "pr_auc": 0.42625910779182946
}