{
  "f1": 0.5555555555555556,
  "roc_auc": 0.7616632860040567,
  "pr_auc": 0.5682897162839303
}