{
  "f1": 0.5,
  "roc_auc": 0.7504873294346978,
  "pr_auc": 0.5346965923826789
}