{
  "f1": 0.5581395348837209,
  "roc_auc": 0.7886904761904762,
  "pr_auc": 0.6163062227197643
}