{
  "f1": 0.5652173913043478,
  "roc_auc": 0.7175925925925926,
  "pr_auc": 0.6503140437067876
}