{
  "f1": 0.45714285714285713,
  "roc_auc": 0.6650124069478908,
  "pr_auc": 0.39240851105688335
}