{
  "f1": 0.6511627906976745,
  "roc_auc": 0.8386243386243387,
  "pr_auc": 0.7383236951916801
}