{
  "f1": 0.45714285714285713,
  "roc_auc": 0.6898263027295286,
  "pr_auc": 0.41979987429608234
}