{
  "f1": 0.5238095238095238,
  "roc_auc": 0.6625386996904026,
  "pr_auc": 0.5509936154266255
}