{
  "f1": 0.45714285714285713,
  "roc_auc": 0.8138957816377171,
  "pr_auc": 0.6200458814787277
}