{
  "f1": 0.5909090909090909,
  "roc_auc": 0.8508474576271187,
  "pr_auc": 0.6804019970521549
}