{
  "f1": 0.3684210526315789,
  "roc_auc": 0.6352357320099256,
  "pr_auc": 0.4302423709202253
}