{
  "f1": 0.43902439024390244,
  "roc_auc": 0.7505854800936768,
  "pr_auc": 0.4975521768064676
}