{
  "f1": 0.35,
  "roc_auc": 0.6733333333333333,
  "pr_auc": 0.41956789151753343
}