{
  "f1": 0.34146341463414637,
  "roc_auc": 0.7037037037037037,
  "pr_auc": 0.4898832640548444
}