{
  "f1": 0.6086956521739131,
  "roc_auc": 0.8253968253968254,
  "pr_auc": 0.5966800323781345
}