{
  "f1": 0.5454545454545454,
  "roc_auc": 0.7976190476190477,
  "pr_auc": 0.4686341630669362
}