{
  "f1": 0.6341463414634146,
  "roc_auc": 0.7406698564593301,
  "pr_auc": 0.5637796629022673
}