{
  "f1": 0.5106382978723404,
  "roc_auc": 0.7378740970072238,
  "pr_auc": 0.5960820399418532
}