{
  "f1": 0.3076923076923077,
  "roc_auc": 0.8035087719298246,
  "pr_auc": 0.3781276088252832
}