{
  "f1": 0.26666666666666666,
  "roc_auc": 0.7155172413793103,
  "pr_auc": 0.19318181818181818
}