{
  "f1": 0.15384615384615385,
  "roc_auc": 0.6949152542372881,
  "pr_auc": 0.1934563021519543
}