{
  "f1": 0.2,
  "roc_auc": 0.8944444444444445,
  "pr_auc": 0.2297979797979798
}