{
  "f1": 0.0,
  "roc_auc": 0.30508474576271183,
  "pr_auc": 0.046494801754268796
}