{
  "f1": 0.19047619047619047,
  "roc_auc": 0.5865384615384615,
  "pr_auc": 0.3109313249855846
}