{
  "f1": 0.14285714285714285,
  "roc_auc": 0.6666666666666667,
  "pr_auc": 0.354281324677974
}