{
  "f1": 0.2,
  "roc_auc": 0.7909604519774011,
  "pr_auc": 0.4121212121212121
}