{
  "f1": 0.42105263157894735,
  "roc_auc": 0.8061224489795918,
  "pr_auc": 0.34007446454254964
}