{
  "f1": 0.46153846153846156,
  "roc_auc": 0.8146551724137931,
  "pr_auc": 0.7712765957446808
}