{
  "f1": 0.11764705882352941,
  "roc_auc": 0.5790816326530612,
  "pr_auc": 0.17134041814492942
}