{
  "f1": 0.23529411764705882,
  "roc_auc": 0.771186440677966,
  "pr_auc": 0.4507936507936508
}