{
  "f1": 0.36363636363636365,
  "roc_auc": 0.8022598870056497,
  "pr_auc": 0.1694139194139194
}