{
  "f1": 0.2857142857142857,
  "roc_auc": 0.8258064516129033,
  "pr_auc": 0.49333333333333335
}