{
  "f1": 0.26666666666666666,
  "roc_auc": 0.7548387096774194,
  "pr_auc": 0.5428571428571429
}