{
  "f1": 0.5,
  "roc_auc": 0.7007223942208463,
  "pr_auc": 0.5989951643119974
}