{
  "f1": 0.5714285714285714,
  "roc_auc": 0.7740112994350282,
  "pr_auc": 0.5587624957610933
}