{
  "f1": 0.6,
  "roc_auc": 0.840677966101695,
  "pr_auc": 0.6964279292675264
}