{
  "f1": 0.7111111111111111,
  "roc_auc": 0.8641975308641976,
  "pr_auc": 0.7530013883349147
}