{
  "f1": 0.46511627906976744,
  "roc_auc": 0.7646370023419203,
  "pr_auc": 0.44144443688978363
}