{
  "f1": 0.7142857142857143,
  "roc_auc": 0.8293650793650795,
  "pr_auc": 0.7729541738106149
}