{
  "f1": 0.5294117647058824,
  "roc_auc": 0.8352272727272727,
  "pr_auc": 0.6405364521841794
}