{
  "f1": 0.47368421052631576,
  "roc_auc": 0.8007566204287516,
  "pr_auc": 0.6397447446770663
}