{
  "f1": 0.5306122448979592,
  "roc_auc": 0.7504873294346978,
  "pr_auc": 0.47249779386262336
}