{
  "f1": 0.6,
  "roc_auc": 0.7789046653144015,
  "pr_auc": 0.657251505024242
}