{
  "f1": 0.4,
  "roc_auc": 0.7076719576719577,
  "pr_auc": 0.4038294764935721
}