{
  "f1": 0.46153846153846156,
  "roc_auc": 0.701388888888889,
  "pr_auc": 0.5333640383278666
}