{
  "f1": 0.4,
  "roc_auc": 0.6166666666666667,
  "pr_auc": 0.40189990084161464
}