{
  "f1": 0.4444444444444444,
  "roc_auc": 0.6870056497175141,
  "pr_auc": 0.440475483654999
}