{
  "f1": 0.5581395348837209,
  "roc_auc": 0.7469135802469136,
  "pr_auc": 0.5759467038642494
}