{
  "f1": 0.5365853658536586,
  "roc_auc": 0.7961460446247465,
  "pr_auc": 0.6718688584200487
}