{
  "f1": 0.5853658536585366,
  "roc_auc": 0.675,
  "pr_auc": 0.5257267199306036
}