{
  "f1": 0.65,
  "roc_auc": 0.7760765550239234,
  "pr_auc": 0.5699612223956371
}