{
  "f1": 0.4,
  "roc_auc": 0.7301387137452712,
  "pr_auc": 0.5158341917054232
}