{
  "f1": 0.45,
  "roc_auc": 0.7377049180327868,
  "pr_auc": 0.5030326980715764
}