{
  "f1": 0.5641025641025641,
  "roc_auc": 0.7844444444444445,
  "pr_auc": 0.5123136664553788
}