{
  "f1": 0.5142857142857142,
  "roc_auc": 0.8,
  "pr_auc": 0.5498232517134993
}