{
  "f1": 0.6808510638297872,
  "roc_auc": 0.8492063492063492,
  "pr_auc": 0.8190608069493266
}