{
  "f1": 0.47368421052631576,
  "roc_auc": 0.7245657568238214,
  "pr_auc": 0.43759526017590533
}