{
  "f1": 0.43902439024390244,
  "roc_auc": 0.7108050847457628,
  "pr_auc": 0.4427385233627048
}