{
  "f1": 0.55,
  "roc_auc": 0.8211111111111111,
  "pr_auc": 0.718931096839397
}