{
  "f1": 0.42105263157894735,
  "roc_auc": 0.6293785310734463,
  "pr_auc": 0.43035590788135203
}