{
  "f1": 0.5238095238095238,
  "roc_auc": 0.7552966101694915,
  "pr_auc": 0.5359823947662736
}