{
  "f1": 0.6808510638297872,
  "roc_auc": 0.8023360287511231,
  "pr_auc": 0.6277782388985857
}