{
  "f1": 0.4,
  "roc_auc": 0.6966666666666667,
  "pr_auc": 0.4214856131281647
}