{
  "f1": 0.6341463414634146,
  "roc_auc": 0.810515873015873,
  "pr_auc": 0.5978068951684578
}