{
  "f1": 0.6153846153846154,
  "roc_auc": 0.7574152542372881,
  "pr_auc": 0.4615689104352978
}