{
  "f1": 0.6,
  "roc_auc": 0.7657378740970071,
  "pr_auc": 0.6344483709358313
}