{
  "f1": 0.375,
  "roc_auc": 0.8203125,
  "pr_auc": 0.6195745675549322
}