{
  "f1": 0.42424242424242425,
  "roc_auc": 0.7059553349875931,
  "pr_auc": 0.41785913027224875
}