{
  "f1": 0.4,
  "roc_auc": 0.7430769230769231,
  "pr_auc": 0.4144922610529487
}