{
  "f1": 0.5128205128205128,
  "roc_auc": 0.7358674463937621,
  "pr_auc": 0.5763196196627498
}