{
  "f1": 0.5116279069767442,
  "roc_auc": 0.8156779661016949,
  "pr_auc": 0.585451235061319
}