{
  "f1": 0.46511627906976744,
  "roc_auc": 0.7186602870813398,
  "pr_auc": 0.6353171237610595
}