{
  "f1": 0.41025641025641024,
  "roc_auc": 0.7158808933002482,
  "pr_auc": 0.4194218758260504
}