{
  "f1": 0.5945945945945946,
  "roc_auc": 0.8610421836228288,
  "pr_auc": 0.6213734606268542
}