{
  "f1": 0.6,
  "roc_auc": 0.8751289989680082,
  "pr_auc": 0.7235304222688718
}