{
  "f1": 0.46153846153846156,
  "roc_auc": 0.6480730223123732,
  "pr_auc": 0.5083856012115567
}