{
  "f1": 0.35,
  "roc_auc": 0.6761786600496278,
  "pr_auc": 0.3687106320987089
}