{
  "f1": 0.64,
  "roc_auc": 0.7897574123989218,
  "pr_auc": 0.6450663282838478
}