{
  "f1": 0.24,
  "roc_auc": 0.536923076923077,
  "pr_auc": 0.3469758037604256
}