{
  "f1": 0.4186046511627907,
  "roc_auc": 0.6747881355932204,
  "pr_auc": 0.4516027588636257
}