{
  "f1": 0.4,
  "roc_auc": 0.7109375,
  "pr_auc": 0.2729055258467023
}