{
  "f1": 0.5454545454545454,
  "roc_auc": 0.8666666666666666,
  "pr_auc": 0.6719187675070027
}