{
  "f1": 0.0,
  "roc_auc": 0.6767676767676767,
  "pr_auc": 0.15633528265107213
}