{
  "f1": 0.6153846153846154,
  "roc_auc": 0.7666666666666666,
  "pr_auc": 0.5685185185185185
}