{
  "f1": 0.3333333333333333,
  "roc_auc": 0.6555555555555556,
  "pr_auc": 0.34725320431202783
}