{
  "f1": 0.15384615384615385,
  "roc_auc": 0.7676767676767677,
  "pr_auc": 0.20419580419580421
}