{
  "f1": 0.16666666666666666,
  "roc_auc": 0.6774193548387097,
  "pr_auc": 0.38059829059829065
}