{
  "f1": 0.6153846153846154,
  "roc_auc": 0.8666666666666667,
  "pr_auc": 0.7552777777777777
}