{
  "f1": 0.625,
  "roc_auc": 0.7944444444444445,
  "pr_auc": 0.5158730158730159
}