{
  "f1": 0.6153846153846154,
  "roc_auc": 0.7604166666666666,
  "pr_auc": 0.6335632408213053
}