{
  "f1": 0.42105263157894735,
  "roc_auc": 0.8671875,
  "pr_auc": 0.35158730158730156
}