{
  "f1": 0.2,
  "roc_auc": 0.7070707070707071,
  "pr_auc": 0.18095238095238092
}