{
  "f1": 0.5714285714285714,
  "roc_auc": 0.8080357142857143,
  "pr_auc": 0.7158590212469522
}