{
  "f1": 0.5333333333333333,
  "roc_auc": 0.953125,
  "pr_auc": 0.7291666666666666
}