{
  "f1": 0.18181818181818182,
  "roc_auc": 0.39732142857142855,
  "pr_auc": 0.3099457619586296
}