{
  "f1": 0.0,
  "roc_auc": 0.6323529411764706,
  "pr_auc": 0.10555555555555556
}