{
  "f1": 0.5,
  "roc_auc": 0.9292929292929293,
  "pr_auc": 0.6666666666666666
}