{
  "f1": 0.25,
  "roc_auc": 0.3671875,
  "pr_auc": 0.13865089514066498
}