{
  "f1": 0.0,
  "roc_auc": 0.5959595959595959,
  "pr_auc": 0.14404761904761904
}