{
  "f1": 0.3333333333333333,
  "roc_auc": 0.7611111111111111,
  "pr_auc": 0.5161375661375661
}