{
  "f1": 0.0,
  "roc_auc": 0.42580645161290326,
  "pr_auc": 0.1380546642899584
}