{
  "f1": 0.5,
  "roc_auc": 0.6502463054187192,
  "pr_auc": 0.5260590599876314
}