{
  "f1": 0.25,
  "roc_auc": 0.4645161290322581,
  "pr_auc": 0.3225108225108225
}