{
  "f1": 0.42105263157894735,
  "roc_auc": 0.7931034482758621,
  "pr_auc": 0.5843029519500107
}