{
  "f1": 0.0,
  "roc_auc": 0.36363636363636365,
  "pr_auc": 0.08968253968253968
}