{
  "f1": 0.0,
  "roc_auc": 0.3984375,
  "pr_auc": 0.12358934169278996
}