{
  "f1": 0.46153846153846156,
  "roc_auc": 0.7611111111111111,
  "pr_auc": 0.5636574074074074
}