{
  "f1": 0.42857142857142855,
  "roc_auc": 0.5665024630541873,
  "pr_auc": 0.49898989898989893
}