{
  "f1": 0.625,
  "roc_auc": 0.8275862068965517,
  "pr_auc": 0.6652512617950406
}