{
  "f1": 0.4,
  "roc_auc": 0.6555555555555556,
  "pr_auc": 0.5165645424836601
}