{
  "f1": 0.42857142857142855,
  "roc_auc": 0.6277777777777777,
  "pr_auc": 0.40545314900153606
}