{
  "f1": 0.46153846153846156,
  "roc_auc": 0.7722222222222223,
  "pr_auc": 0.6167818740399384
}