{
  "f1": 0.5714285714285714,
  "roc_auc": 0.9117647058823529,
  "pr_auc": 0.325
}