{
  "f1": 0.4,
  "roc_auc": 0.6967741935483871,
  "pr_auc": 0.37777777777777777
}