{
  "f1": 0.36363636363636365,
  "roc_auc": 0.5833333333333334,
  "pr_auc": 0.33924082453494214
}