{
  "f1": 0.3076923076923077,
  "roc_auc": 0.5123152709359606,
  "pr_auc": 0.3296482253378805
}