{
  "f1": 0.25,
  "roc_auc": 0.4609375,
  "pr_auc": 0.33759920634920637
}