{
  "f1": 0.25,
  "roc_auc": 0.7575757575757576,
  "pr_auc": 0.3232323232323232
}