{
  "f1": 0.3333333333333333,
  "roc_auc": 0.5763546798029557,
  "pr_auc": 0.4385989010989011
}