{
  "f1": 0.7692307692307693,
  "roc_auc": 0.9935483870967742,
  "pr_auc": 0.9666666666666666
}