{
  "f1": 0.16666666666666666,
  "roc_auc": 0.484375,
  "pr_auc": 0.15540382819794585
}