{
  "f1": 0.6153846153846154,
  "roc_auc": 0.9333333333333333,
  "pr_auc": 0.7529461279461279
}