{
  "mean": 0.29295637042695866,
  "std": 0.17300735117684474,
  "dist": [
    0.1666666666666666,
    0.4,
    0.3636363636363636,
    0.3333333333333333,
    0.3333333333333333,
    0.1666666666666666,
    0.1818181818181818,
    0.4,
    0.5,
    0.25,
    0.3636363636363636,
    0.3333333333333333,
    0.625,
    0.1538461538461538,
    0.0,
    0.2,
    0.5333333333333333,
    0.0,
    0.3076923076923077,
    0.3076923076923077,
    0.2,
    0.375,
    0.4,
    0.0,
    0.5,
    0.1818181818181818,
    0.4615384615384615,
    0.5333333333333333,
    0.1538461538461538,
    0.0,
    0.2666666666666666,
    0.5333333333333333,
    0.2857142857142857,
    0.4,
    0.0,
    0.5714285714285714,
    0.4285714285714285,
    0.1666666666666666,
    0.0,
    0.25,
    0.1538461538461538,
    0.5714285714285714,
    0.4615384615384615,
    0.0,
    0.3529411764705882,
    0.2857142857142857,
    0.3333333333333333,
    0.25,
    0.1666666666666666,
    0.4444444444444444
  ]
}