{
  "t_test": {
    "t_stat": -4.866051838245609,
    "p_value": 1.2227809276722718e-05
  },
  "wilcoxon": {
    "w_stat": 97.0,
    "p_value": 4.334906066241314e-05
  }
}