{
  "mean": 0.5024695129282557,
  "std": 0.17668152695699618,
  "dist": [
    0.7777777777777778,
    0.4285714285714285,
    0.5714285714285714,
    0.1666666666666666,
    0.5,
    0.6153846153846154,
    0.5263157894736842,
    0.5333333333333333,
    0.0,
    0.6666666666666666,
    0.3333333333333333,
    0.75,
    0.5,
    0.5,
    0.4,
    0.5217391304347826,
    0.6153846153846154,
    0.5,
    0.5,
    0.4,
    0.4444444444444444,
    0.6666666666666666,
    0.5454545454545454,
    0.6666666666666666,
    0.2857142857142857,
    0.6666666666666666,
    0.631578947368421,
    0.3333333333333333,
    0.6666666666666666,
    0.1666666666666666,
    0.6666666666666666,
    0.4705882352941176,
    0.2666666666666666,
    0.6666666666666666,
    0.5454545454545454,
    0.3809523809523809,
    0.625,
    0.5,
    0.4,
    0.7272727272727273,
    0.625,
    0.4,
    0.5882352941176471,
    0.7692307692307693,
    0.0,
    0.4705882352941176,
    0.5,
    0.4285714285714285,
    0.5454545454545454,
    0.6666666666666666
  ]
}