{
  "t_test": {
    "t_stat": 1.0538486772374338,
    "p_value": 0.2971211751000825
  },
  "wilcoxon": {
    "w_stat": 394.5,
    "p_value": 0.4759699075260939
  }
}