{
  "f1": 0.7058823529411765,
  "roc_auc": 0.8080357142857143,
  "pr_auc": 0.5266369047619048
}