{
  "f1": 0.5714285714285714,
  "roc_auc": 0.7611111111111111,
  "pr_auc": 0.6840277777777777
}