{
  "f1": 0.5,
  "roc_auc": 0.6774193548387097,
  "pr_auc": 0.517989417989418
}