{
  "f1": 0.7058823529411765,
  "roc_auc": 0.8660714285714286,
  "pr_auc": 0.545281862745098
}