{
  "f1": 0.42857142857142855,
  "roc_auc": 0.6833333333333335,
  "pr_auc": 0.32061546840958605
}