{
  "f1": 0.5454545454545454,
  "roc_auc": 0.7430555555555556,
  "pr_auc": 0.51746262566696
}