{
  "f1": 0.36363636363636365,
  "roc_auc": 0.8823529411764706,
  "pr_auc": 0.26785714285714285
}