{
  "f1": 0.625,
  "roc_auc": 0.7931034482758621,
  "pr_auc": 0.4573852529517554
}