{
  "f1": 0.5,
  "roc_auc": 0.6796875,
  "pr_auc": 0.29523809523809524
}