{
  "f1": 0.2222222222222222,
  "roc_auc": 0.7635467980295566,
  "pr_auc": 0.46268440486562523
}