{
  "f1": 0.4444444444444444,
  "roc_auc": 0.8258064516129032,
  "pr_auc": 0.39813519813519815
}