{
  "f1": 0.5,
  "roc_auc": 0.6666666666666667,
  "pr_auc": 0.3157121707963223
}