{
  "f1": 0.5,
  "roc_auc": 0.808080808080808,
  "pr_auc": 0.3032679738562092
}