{
  "f1": 0.625,
  "roc_auc": 0.7946428571428572,
  "pr_auc": 0.6602430299605222
}