{
  "f1": 0.5714285714285714,
  "roc_auc": 0.7388888888888888,
  "pr_auc": 0.42932263814616756
}