{
  "f1": 0.5,
  "roc_auc": 0.7783251231527093,
  "pr_auc": 0.6524061237398184
}