{
  "f1": 0.8571428571428571,
  "roc_auc": 0.9611111111111111,
  "pr_auc": 0.7166666666666667
}