{
  "f1": 0.3076923076923077,
  "roc_auc": 0.6944444444444444,
  "pr_auc": 0.27814407814407816
}