{
  "f1": 0.5555555555555556,
  "roc_auc": 0.7833333333333333,
  "pr_auc": 0.39481074481074485
}