{
  "f1": 0.625,
  "roc_auc": 0.9014778325123153,
  "pr_auc": 0.8266806722689075
}