{
  "f1": 0.6,
  "roc_auc": 0.8555555555555556,
  "pr_auc": 0.7285353535353535
}