{
  "f1": 0.5454545454545454,
  "roc_auc": 0.864516129032258,
  "pr_auc": 0.4009090909090909
}