{
  "f1": 0.625,
  "roc_auc": 0.8660714285714286,
  "pr_auc": 0.8037037037037037
}