{
  "f1": 0.5882352941176471,
  "roc_auc": 0.8388888888888889,
  "pr_auc": 0.42513227513227514
}