{
  "f1": 0.375,
  "roc_auc": 0.7142857142857142,
  "pr_auc": 0.37193877551020404
}