{
  "f1": 0.4,
  "roc_auc": 0.8383838383838383,
  "pr_auc": 0.2694805194805195
}