{
  "f1": 0.4,
  "roc_auc": 0.71875,
  "pr_auc": 0.30448717948717946
}