{
  "f1": 0.46153846153846156,
  "roc_auc": 0.6838709677419355,
  "pr_auc": 0.30098355471220745
}