{
  "mean": 0.489535859531419,
  "std": 0.11036996572889911,
  "dist": [
    0.4285714285714285,
    0.5333333333333333,
    0.55,
    0.4,
    0.5454545454545454,
    0.4864864864864865,
    0.5128205128205128,
    0.2352941176470588,
    0.5555555555555556,
    0.6363636363636364,
    0.2285714285714285,
    0.5454545454545454,
    0.5641025641025641,
    0.5384615384615384,
    0.5652173913043478,
    0.4137931034482758,
    0.4,
    0.5365853658536586,
    0.5238095238095238,
    0.5581395348837209,
    0.4137931034482758,
    0.6222222222222222,
    0.4615384615384615,
    0.5142857142857142,
    0.4285714285714285,
    0.5333333333333333,
    0.4444444444444444,
    0.5,
    0.6,
    0.3783783783783784,
    0.6,
    0.4324324324324324,
    0.35,
    0.5,
    0.5714285714285714,
    0.358974358974359,
    0.625,
    0.5142857142857142,
    0.723404255319149,
    0.2162162162162162,
    0.3243243243243243,
    0.5365853658536586,
    0.4,
    0.6842105263157895,
    0.5128205128205128,
    0.4878048780487805,
    0.5555555555555556,
    0.3529411764705882,
    0.6111111111111112,
    0.4651162790697674
  ]
}