{
  "t_test": {
    "t_stat": 3.0048650296047503,
    "p_value": 0.004179235549783458
  },
  "wilcoxon": {
    "w_stat": 372.0,
    "p_value": 0.009674503529771172
  }
}