{
  "f1": 0.14285714285714285,
  "roc_auc": 0.7413793103448276,
  "pr_auc": 0.20066287878787878
}