{
  "f1": 0.4444444444444444,
  "roc_auc": 0.7386831275720164,
  "pr_auc": 0.35257479424146093
}