{
  "f1": 0.3076923076923077,
  "roc_auc": 0.7586206896551724,
  "pr_auc": 0.24291958041958042
}