{
  "f1": 0.18181818181818182,
  "roc_auc": 0.6896551724137931,
  "pr_auc": 0.1798015278075248
}