{
  "f1": 0.3076923076923077,
  "roc_auc": 0.7017543859649122,
  "pr_auc": 0.4734555984555985
}