{
  "f1": 0.6666666666666666,
  "roc_auc": 0.892156862745098,
  "pr_auc": 0.798611111111111
}