{
  "f1": 0.16666666666666666,
  "roc_auc": 0.32407407407407407,
  "pr_auc": 0.34025429185612255
}