{
  "f1": 0.6153846153846154,
  "roc_auc": 0.6470588235294118,
  "pr_auc": 0.6387085137085137
}