{
  "f1": 0.5714285714285714,
  "roc_auc": 0.6447368421052632,
  "pr_auc": 0.5243589743589744
}