{
  "f1": 0.3333333333333333,
  "roc_auc": 0.5952380952380952,
  "pr_auc": 0.5526315789473684
}