{
  "f1": 0.5454545454545454,
  "roc_auc": 0.5686274509803921,
  "pr_auc": 0.4124098124098124
}