{
  "f1": 0.25,
  "roc_auc": 0.7857142857142857,
  "pr_auc": 0.5909090909090909
}