{
  "f1": 0.5714285714285714,
  "roc_auc": 0.880952380952381,
  "pr_auc": 0.3666666666666667
}