{
  "f1": 0.6666666666666666,
  "roc_auc": 0.8777777777777778,
  "pr_auc": 0.7476190476190476
}