{
  "f1": 0.5,
  "roc_auc": 0.675925925925926,
  "pr_auc": 0.6205615942028985
}