{
  "f1": 0.36363636363636365,
  "roc_auc": 0.618421052631579,
  "pr_auc": 0.3287878787878788
}