{
  "f1": 0.6153846153846154,
  "roc_auc": 0.6160714285714286,
  "pr_auc": 0.5664219838132881
}