{
  "f1": 0.6153846153846154,
  "roc_auc": 0.7685185185185185,
  "pr_auc": 0.7206349206349207
}