{
  "f1": 0.5454545454545454,
  "roc_auc": 0.9,
  "pr_auc": 0.6805555555555556
}