{
  "f1": 0.2222222222222222,
  "roc_auc": 0.6349206349206349,
  "pr_auc": 0.28937728937728935
}