{
  "f1": 0.5,
  "roc_auc": 0.7222222222222222,
  "pr_auc": 0.5026315789473683
}