{
  "f1": 0.5454545454545454,
  "roc_auc": 0.7894736842105263,
  "pr_auc": 0.6597222222222222
}