{
  "f1": 0.2222222222222222,
  "roc_auc": 0.5238095238095237,
  "pr_auc": 0.43006993006993005
}