{
  "f1": 0.5333333333333333,
  "roc_auc": 0.7450980392156863,
  "pr_auc": 0.7696687370600414
}