{
  "mean": 0.4911036730872828,
  "std": 0.1040616672228618,
  "dist": [
    0.5789473684210527,
    0.4,
    0.4210526315789473,
    0.4516129032258064,
    0.6341463414634146,
    0.631578947368421,
    0.45,
    0.3428571428571428,
    0.5128205128205128,
    0.5365853658536586,
    0.5365853658536586,
    0.4,
    0.6857142857142857,
    0.3684210526315789,
    0.5,
    0.5294117647058824,
    0.3870967741935484,
    0.5128205128205128,
    0.4761904761904761,
    0.5531914893617021,
    0.2857142857142857,
    0.6666666666666666,
    0.4878048780487805,
    0.5581395348837209,
    0.3888888888888889,
    0.5777777777777777,
    0.3529411764705882,
    0.5581395348837209,
    0.5945945945945946,
    0.3529411764705882,
    0.5238095238095238,
    0.5405405405405406,
    0.5142857142857142,
    0.4375,
    0.4680851063829787,
    0.4,
    0.4117647058823529,
    0.5294117647058824,
    0.6274509803921569,
    0.4705882352941176,
    0.3529411764705882,
    0.5853658536585366,
    0.4390243902439024,
    0.6486486486486487,
    0.45,
    0.5,
    0.3414634146341463,
    0.2962962962962963,
    0.5853658536585366,
    0.7
  ]
}