{
  "t_test": {
    "t_stat": 0.5266961714231846,
    "p_value": 0.6007809177724233
  },
  "wilcoxon": {
    "w_stat": 622.5,
    "p_value": 0.893447016970665
  }
}