{
  "mean": 0.39139405039405034,
  "std": 0.1679521108741626,
  "dist": [
    0.4285714285714285,
    0.3636363636363636,
    0.2857142857142857,
    0.5,
    0.4444444444444444,
    0.4444444444444444,
    0.4285714285714285,
    0.4,
    0.4444444444444444,
    0.2857142857142857,
    0.0,
    0.3333333333333333,
    0.4,
    0.6153846153846154,
    0.4615384615384615,
    0.4,
    0.6666666666666666,
    0.0,
    0.3333333333333333,
    0.4285714285714285,
    0.5714285714285714,
    0.4,
    0.3333333333333333,
    0.1818181818181818,
    0.5,
    0.6666666666666666,
    0.2,
    0.25,
    0.4,
    0.4444444444444444,
    0.5454545454545454,
    0.7272727272727273,
    0.3333333333333333,
    0.0,
    0.2222222222222222,
    0.4,
    0.2,
    0.75,
    0.2857142857142857,
    0.4285714285714285,
    0.25,
    0.4615384615384615,
    0.5,
    0.2222222222222222,
    0.5714285714285714,
    0.4285714285714285,
    0.5,
    0.5454545454545454,
    0.3636363636363636,
    0.2222222222222222
  ]
}