{
  "t_test": {
    "t_stat": 8.602119622438636,
    "p_value": 2.3277068178799568e-11
  },
  "wilcoxon": {
    "w_stat": 25.5,
    "p_value": 2.7933702445499756e-08
  }
}