{
  "f1": 0.15384615384615385,
  "roc_auc": 0.42410714285714285,
  "pr_auc": 0.23083790909760737
}