{
  "f1": 0.375,
  "roc_auc": 0.6055555555555555,
  "pr_auc": 0.27568257187932643
}