{
  "f1": 0.16666666666666666,
  "roc_auc": 0.5353535353535352,
  "pr_auc": 0.17953216374269004
}