{
  "f1": 0.36363636363636365,
  "roc_auc": 0.5333333333333333,
  "pr_auc": 0.23374741200828156
}