{
  "f1": 0.5882352941176471,
  "roc_auc": 0.7783251231527093,
  "pr_auc": 0.642063492063492
}