{
  "f1": 0.36363636363636365,
  "roc_auc": 0.6206896551724138,
  "pr_auc": 0.43766233766233764
}