{
  "f1": 0.375,
  "roc_auc": 0.6071428571428572,
  "pr_auc": 0.404477969348659
}