{
  "f1": 0.4444444444444444,
  "roc_auc": 0.7366071428571429,
  "pr_auc": 0.657222601959444
}