{
  "f1": 0.4,
  "roc_auc": 0.6868686868686869,
  "pr_auc": 0.2976190476190476
}