{
  "f1": 0.25,
  "roc_auc": 0.7474747474747475,
  "pr_auc": 0.28095238095238095
}