{
  "f1": 0.5714285714285714,
  "roc_auc": 0.788888888888889,
  "pr_auc": 0.6021929824561403
}