{
  "f1": 0.16666666666666666,
  "roc_auc": 0.6193548387096774,
  "pr_auc": 0.22406604747162023
}