{
  "f1": 0.5454545454545454,
  "roc_auc": 0.75,
  "pr_auc": 0.5403439153439153
}