{
  "f1": 0.2222222222222222,
  "roc_auc": 0.823529411764706,
  "pr_auc": 0.3269230769230769
}