{
  "f1": 0.36363636363636365,
  "roc_auc": 0.5566502463054187,
  "pr_auc": 0.45139146567717997
}