{
  "f1": 0.5,
  "roc_auc": 0.6748768472906403,
  "pr_auc": 0.5608517440413991
}