{
  "f1": 0.2857142857142857,
  "roc_auc": 0.6111111111111112,
  "pr_auc": 0.2867010440539852
}