{
  "f1": 0.14285714285714285,
  "roc_auc": 0.4765625,
  "pr_auc": 0.1612787356321839
}