{
  "f1": 0.4444444444444444,
  "roc_auc": 0.6640625,
  "pr_auc": 0.3052083333333333
}