{
  "f1": 0.46153846153846156,
  "roc_auc": 0.7225806451612904,
  "pr_auc": 0.392816091954023
}