{
  "f1": 0.4,
  "roc_auc": 0.6953125,
  "pr_auc": 0.2969827586206897
}