{
  "f1": 0.2857142857142857,
  "roc_auc": 0.578125,
  "pr_auc": 0.36573275862068966
}