{
  "f1": 0.3333333333333333,
  "roc_auc": 0.7935483870967741,
  "pr_auc": 0.4726984126984127
}