{
  "f1": 0.16666666666666666,
  "roc_auc": 0.5546875,
  "pr_auc": 0.1481046365914787
}