{
  "f1": 0.4,
  "roc_auc": 0.5612903225806452,
  "pr_auc": 0.4898442714126808
}