{
  "f1": 0.18181818181818182,
  "roc_auc": 0.5123152709359606,
  "pr_auc": 0.25811841106613076
}