{
  "f1": 0.6153846153846154,
  "roc_auc": 0.7611111111111111,
  "pr_auc": 0.4428014480646059
}