{
  "f1": 0.5,
  "roc_auc": 0.8080357142857143,
  "pr_auc": 0.6928977272727272
}