{
  "f1": 0.42857142857142855,
  "roc_auc": 0.6277777777777778,
  "pr_auc": 0.26006968178020806
}