{
  "f1": 0.16666666666666666,
  "roc_auc": 0.5454545454545454,
  "pr_auc": 0.400679117147708
}