{
  "f1": 0.0,
  "roc_auc": 0.42424242424242425,
  "pr_auc": 0.09163533834586467
}