{
  "f1": 0.5555555555555556,
  "roc_auc": 0.9870967741935485,
  "pr_auc": 0.9428571428571428
}