{
  "f1": 0.35294117647058826,
  "roc_auc": 0.5615763546798029,
  "pr_auc": 0.33546176046176046
}