{
  "f1": 0.15384615384615385,
  "roc_auc": 0.4140625,
  "pr_auc": 0.32949657869012705
}