{
  "f1": 0.18181818181818182,
  "roc_auc": 0.5225806451612903,
  "pr_auc": 0.3560744810744811
}