{
  "f1": 0.16666666666666666,
  "roc_auc": 0.41935483870967744,
  "pr_auc": 0.16173160173160173
}