{
  "f1": 0.3333333333333333,
  "roc_auc": 0.5777777777777777,
  "pr_auc": 0.4211595117845117
}