{
  "f1": 0.16666666666666666,
  "roc_auc": 0.5,
  "pr_auc": 0.35998905309250134
}