{
  "f1": 0.35294117647058826,
  "roc_auc": 0.6055555555555556,
  "pr_auc": 0.4193376068376068
}