{
  "f1": 0.16666666666666666,
  "roc_auc": 0.4955357142857143,
  "pr_auc": 0.2879168260444558
}