{
  "f1": 0.375,
  "roc_auc": 0.5491071428571428,
  "pr_auc": 0.379818298822053
}