{
  "f1": 0.42105263157894735,
  "roc_auc": 0.5848214285714286,
  "pr_auc": 0.41332181746674157
}