{
  "f1": 0.5,
  "roc_auc": 0.7008928571428571,
  "pr_auc": 0.5408756442543985
}