{
  "f1": 0.5,
  "roc_auc": 0.7093596059113301,
  "pr_auc": 0.5444588744588744
}