{
  "f1": 0.15384615384615385,
  "roc_auc": 0.6029411764705883,
  "pr_auc": 0.5344827586206896
}