{
  "f1": 0.4,
  "roc_auc": 0.6464646464646464,
  "pr_auc": 0.19638752052545155
}