{
  "f1": 0.2857142857142857,
  "roc_auc": 0.6580645161290323,
  "pr_auc": 0.3911000763941941
}