{
  "f1": 0.0,
  "roc_auc": 0.3382352941176471,
  "pr_auc": 0.06111111111111111
}