{
  "f1": 0.0,
  "roc_auc": 0.3434343434343434,
  "pr_auc": 0.08554112554112554
}