{
  "f1": 0.3076923076923077,
  "roc_auc": 0.4555555555555555,
  "pr_auc": 0.4352236652236652
}