{
  "f1": 0.45454545454545453,
  "roc_auc": 0.7487684729064039,
  "pr_auc": 0.48480479148181005
}