{
  "f1": 0.18181818181818182,
  "roc_auc": 0.5959595959595959,
  "pr_auc": 0.14682539682539683
}