{
  "f1": 0.3076923076923077,
  "roc_auc": 0.6,
  "pr_auc": 0.23962962962962958
}