{
  "f1": 0.46153846153846156,
  "roc_auc": 0.8989898989898989,
  "pr_auc": 0.5555555555555556
}