{
  "f1": 0.14285714285714285,
  "roc_auc": 0.4765625,
  "pr_auc": 0.12665631469979297
}