{
  "f1": 0.0,
  "roc_auc": 0.3046875,
  "pr_auc": 0.09649574563367666
}