{
  "f1": 0.26666666666666666,
  "roc_auc": 0.49753694581280794,
  "pr_auc": 0.22260358688930115
}