{
  "f1": 0.375,
  "roc_auc": 0.7055555555555556,
  "pr_auc": 0.40569487983281083
}