{
  "f1": 0.375,
  "roc_auc": 0.5763546798029557,
  "pr_auc": 0.3093236512591351
}