{
  "f1": 0.5333333333333333,
  "roc_auc": 0.7944444444444445,
  "pr_auc": 0.6006944444444444
}