{
  "f1": 0.2857142857142857,
  "roc_auc": 0.5555555555555556,
  "pr_auc": 0.3631393298059965
}