{
  "f1": 0.18181818181818182,
  "roc_auc": 0.328125,
  "pr_auc": 0.1546168288103772
}