{
  "f1": 0.42857142857142855,
  "roc_auc": 0.7354838709677419,
  "pr_auc": 0.31848739495798317
}