{
  "f1": 0.2,
  "roc_auc": 0.6767676767676767,
  "pr_auc": 0.16714766714766716
}