{
  "f1": 0.25,
  "roc_auc": 0.5546875,
  "pr_auc": 0.21601190476190474
}