{
  "f1": 0.3076923076923077,
  "roc_auc": 0.6258064516129032,
  "pr_auc": 0.2350595238095238
}