{
  "f1": 0.3333333333333333,
  "roc_auc": 0.8282828282828283,
  "pr_auc": 0.6081871345029239
}