{
  "f1": 0.42857142857142855,
  "roc_auc": 0.6129032258064516,
  "pr_auc": 0.5409325020330713
}