{
  "f1": 0.3076923076923077,
  "roc_auc": 0.65625,
  "pr_auc": 0.3670343137254902
}