{
  "f1": 0.26666666666666666,
  "roc_auc": 0.6015625,
  "pr_auc": 0.252218782249742
}