{
  "f1": 0.16666666666666666,
  "roc_auc": 0.6666666666666667,
  "pr_auc": 0.1655677655677656
}