{
  "f1": 0.45454545454545453,
  "roc_auc": 0.7946428571428571,
  "pr_auc": 0.5878968253968253
}