{
  "mean": 0.2959577414329736,
  "std": 0.1385392046228211,
  "dist": [
    0.4210526315789473,
    0.2,
    0.3636363636363636,
    0.1818181818181818,
    0.3076923076923077,
    0.2666666666666666,
    0.1818181818181818,
    0.25,
    0.4285714285714285,
    0.3333333333333333,
    0.2352941176470588,
    0.1538461538461538,
    0.5454545454545454,
    0.3076923076923077,
    0.3,
    0.3333333333333333,
    0.1111111111111111,
    0.2857142857142857,
    0.3333333333333333,
    0.5,
    0.25,
    0.4444444444444444,
    0.3076923076923077,
    0.0,
    0.3529411764705882,
    0.3076923076923077,
    0.5714285714285714,
    0.4,
    0.2352941176470588,
    0.0,
    0.4444444444444444,
    0.0,
    0.4615384615384615,
    0.25,
    0.3636363636363636,
    0.2,
    0.1333333333333333,
    0.2857142857142857,
    0.5,
    0.375,
    0.5,
    0.2857142857142857,
    0.2,
    0.4285714285714285,
    0.0,
    0.2,
    0.2666666666666666,
    0.3076923076923077,
    0.4,
    0.2857142857142857
  ]
}