{
  "t_test": {
    "t_stat": 3.1091780663377944,
    "p_value": 0.003122324170185934
  },
  "wilcoxon": {
    "w_stat": 231.5,
    "p_value": 0.003543149850845511
  }
}