{
  "mean": 0.24049197208020737,
  "std": 0.14112562738393494,
  "dist": [
    0.3529411764705882,
    0.3529411764705882,
    0.0,
    0.1666666666666666,
    0.1818181818181818,
    0.1,
    0.3076923076923077,
    0.3333333333333333,
    0.3076923076923077,
    0.25,
    0.1428571428571428,
    0.2857142857142857,
    0.1818181818181818,
    0.4,
    0.1666666666666666,
    0.1428571428571428,
    0.7272727272727273,
    0.0,
    0.1538461538461538,
    0.2222222222222222,
    0.3636363636363636,
    0.25,
    0.1428571428571428,
    0.1666666666666666,
    0.3076923076923077,
    0.4285714285714285,
    0.4,
    0.1428571428571428,
    0.0,
    0.2857142857142857,
    0.1333333333333333,
    0.5,
    0.3076923076923077,
    0.1538461538461538,
    0.1538461538461538,
    0.2857142857142857,
    0.1666666666666666,
    0.4285714285714285,
    0.0,
    0.3076923076923077,
    0.2222222222222222,
    0.375,
    0.2352941176470588,
    0.1666666666666666,
    0.1666666666666666,
    0.375,
    0.0,
    0.3076923076923077,
    0.3076923076923077,
    0.1666666666666666
  ]
}