{
  "t_test": {
    "t_stat": -3.3520578951726003,
    "p_value": 0.0015523998018162925
  },
  "wilcoxon": {
    "w_stat": 252.0,
    "p_value": 0.002725972593263829
  }
}