{
  "f1": 0.0,
  "roc_auc": 0.24858757062146897,
  "pr_auc": 0.0413154533844189
}