{
  "f1": 0.2,
  "roc_auc": 0.751412429378531,
  "pr_auc": 0.13223443223443224
}