{
  "f1": 0.3076923076923077,
  "roc_auc": 0.7161016949152542,
  "pr_auc": 0.3747863247863248
}