{
  "f1": 0.6153846153846154,
  "roc_auc": 0.800595238095238,
  "pr_auc": 0.5083285135916714
}