{
  "f1": 0.5714285714285714,
  "roc_auc": 0.5948051948051948,
  "pr_auc": 0.5196710514444505
}