{
  "f1": 0.2,
  "roc_auc": 0.6379310344827587,
  "pr_auc": 0.1515083612040134
}