{
  "f1": 0.10526315789473684,
  "roc_auc": 0.6057692307692308,
  "pr_auc": 0.26158009946709637
}