{
  "f1": 0.18181818181818182,
  "roc_auc": 0.7916666666666667,
  "pr_auc": 0.25589896214896213
}