{
  "f1": 0.3333333333333333,
  "roc_auc": 0.5750000000000001,
  "pr_auc": 0.3569155705760565
}