{
  "f1": 0.25,
  "roc_auc": 0.5499999999999999,
  "pr_auc": 0.10692431561996779
}