{
  "f1": 0.5263157894736842,
  "roc_auc": 0.8155136268343816,
  "pr_auc": 0.6172784731981713
}