{
  "f1": 0.375,
  "roc_auc": 0.6581632653061223,
  "pr_auc": 0.2724995545213463
}