{
  "f1": 0.4,
  "roc_auc": 0.7758620689655172,
  "pr_auc": 0.24464285714285713
}