{
  "f1": 0.5333333333333333,
  "roc_auc": 0.7066326530612244,
  "pr_auc": 0.4780764578558696
}