{
  "f1": 0.4,
  "roc_auc": 0.8448275862068966,
  "pr_auc": 0.2551282051282051
}