{
  "f1": 0.4444444444444444,
  "roc_auc": 0.7844827586206896,
  "pr_auc": 0.53125
}