{
  "f1": 0.4,
  "roc_auc": 0.7818181818181817,
  "pr_auc": 0.3568889756859681
}