{
  "f1": 0.36363636363636365,
  "roc_auc": 0.8363095238095238,
  "pr_auc": 0.3203456713537358
}