{
  "f1": 0.36363636363636365,
  "roc_auc": 0.6904761904761905,
  "pr_auc": 0.4159611992945326
}