{
  "f1": 0.2857142857142857,
  "roc_auc": 0.461734693877551,
  "pr_auc": 0.28415431166659855
}