{
  "f1": 0.36363636363636365,
  "roc_auc": 0.7896103896103895,
  "pr_auc": 0.4010829317433091
}