{
  "f1": 0.42857142857142855,
  "roc_auc": 0.6967592592592592,
  "pr_auc": 0.4930555555555556
}