{
  "f1": 0.11764705882352941,
  "roc_auc": 0.5519230769230768,
  "pr_auc": 0.2833871377315905
}