{
  "f1": 0.3333333333333333,
  "roc_auc": 0.7288135593220338,
  "pr_auc": 0.20182724252491693
}