{
  "f1": 0.375,
  "roc_auc": 0.7584415584415584,
  "pr_auc": 0.41615646258503397
}