{
  "f1": 0.26666666666666666,
  "roc_auc": 0.6517857142857143,
  "pr_auc": 0.2530044287884009
}