{
  "f1": 0.14285714285714285,
  "roc_auc": 0.7298701298701299,
  "pr_auc": 0.2137802018462973
}