{
  "f1": 0.3076923076923077,
  "roc_auc": 0.5789473684210527,
  "pr_auc": 0.23579831932773113
}