{
  "f1": 0.2222222222222222,
  "roc_auc": 0.8587570621468926,
  "pr_auc": 0.4434389140271493
}