{
  "f1": 0.23529411764705882,
  "roc_auc": 0.7096153846153845,
  "pr_auc": 0.3738788988788988
}