{
  "f1": 0.2222222222222222,
  "roc_auc": 0.646551724137931,
  "pr_auc": 0.1785563973063973
}