{
  "f1": 0.14285714285714285,
  "roc_auc": 0.7198275862068966,
  "pr_auc": 0.17791666666666667
}