{
  "f1": 0.25,
  "roc_auc": 0.807909604519774,
  "pr_auc": 0.26068376068376065
}