{
  "f1": 0.4444444444444444,
  "roc_auc": 0.7629310344827587,
  "pr_auc": 0.2571428571428571
}