{
  "f1": 0.2222222222222222,
  "roc_auc": 0.5614035087719298,
  "pr_auc": 0.3093626396763569
}