{
  "f1": 0.375,
  "roc_auc": 0.8181818181818181,
  "pr_auc": 0.32683150183150184
}