{
  "f1": 0.2857142857142857,
  "roc_auc": 0.7602040816326532,
  "pr_auc": 0.27253022666556503
}