{
  "f1": 0.13333333333333333,
  "roc_auc": 0.7113095238095238,
  "pr_auc": 0.1867324362005213
}