{
  "f1": 0.15384615384615385,
  "roc_auc": 0.6726190476190476,
  "pr_auc": 0.17396745766310984
}