{
  "f1": 0.47058823529411764,
  "roc_auc": 0.7057613168724279,
  "pr_auc": 0.34575054575054576
}