{
  "f1": 0.23529411764705882,
  "roc_auc": 0.5,
  "pr_auc": 0.13592085302611617
}