{
  "f1": 0.36363636363636365,
  "roc_auc": 0.693103448275862,
  "pr_auc": 0.4065479135741382
}