{
  "f1": 0.4,
  "roc_auc": 0.8444444444444446,
  "pr_auc": 0.3162393162393162
}