{
  "f1": 0.3333333333333333,
  "roc_auc": 0.6491228070175439,
  "pr_auc": 0.2996625606569615
}