{
  "f1": 0.36363636363636365,
  "roc_auc": 0.7801724137931034,
  "pr_auc": 0.27325581395348836
}