{
  "f1": 0.0,
  "roc_auc": 0.4011299435028249,
  "pr_auc": 0.05254182754182754
}