{
  "f1": 0.3157894736842105,
  "roc_auc": 0.625668449197861,
  "pr_auc": 0.3582385084740718
}