{
  "mean": 0.30936482847753544,
  "std": 0.11877798651152564,
  "dist": [
    0.5714285714285714,
    0.32,
    0.25,
    0.1538461538461538,
    0.2,
    0.4210526315789473,
    0.125,
    0.3478260869565217,
    0.25,
    0.3809523809523809,
    0.25,
    0.0,
    0.3529411764705882,
    0.4285714285714285,
    0.5217391304347826,
    0.2352941176470588,
    0.0952380952380952,
    0.3157894736842105,
    0.5263157894736842,
    0.4210526315789473,
    0.2608695652173913,
    0.4615384615384615,
    0.2666666666666666,
    0.3076923076923077,
    0.2222222222222222,
    0.2105263157894736,
    0.25,
    0.4210526315789473,
    0.2727272727272727,
    0.4210526315789473,
    0.3636363636363636,
    0.2352941176470588,
    0.3478260869565217,
    0.2222222222222222,
    0.4,
    0.1538461538461538,
    0.3333333333333333,
    0.3703703703703703,
    0.4444444444444444,
    0.2105263157894736,
    0.4347826086956521,
    0.4,
    0.32,
    0.2222222222222222,
    0.1428571428571428,
    0.2857142857142857,
    0.3529411764705882,
    0.2105263157894736,
    0.4705882352941176,
    0.2857142857142857
  ]
}