{
  "t_test": {
    "t_stat": 1.9023489159681428,
    "p_value": 0.06301135493178618
  },
  "wilcoxon": {
    "w_stat": 384.0,
    "p_value": 0.056805827019748595
  }
}