{
  "mean": 0.4759652130010258,
  "std": 0.11713895696304286,
  "dist": [
    0.4615384615384615,
    0.5945945945945946,
    0.5263157894736842,
    0.3448275862068966,
    0.4666666666666667,
    0.6,
    0.358974358974359,
    0.303030303030303,
    0.4666666666666667,
    0.6829268292682927,
    0.1935483870967742,
    0.5128205128205128,
    0.5882352941176471,
    0.5,
    0.5853658536585366,
    0.4137931034482758,
    0.2857142857142857,
    0.6,
    0.5263157894736842,
    0.5263157894736842,
    0.3846153846153846,
    0.6666666666666666,
    0.4444444444444444,
    0.4848484848484848,
    0.3888888888888889,
    0.4878048780487805,
    0.4117647058823529,
    0.3571428571428571,
    0.6486486486486487,
    0.4848484848484848,
    0.5714285714285714,
    0.375,
    0.375,
    0.4615384615384615,
    0.5882352941176471,
    0.3888888888888889,
    0.5,
    0.4571428571428571,
    0.7142857142857143,
    0.2857142857142857,
    0.4242424242424242,
    0.4571428571428571,
    0.3125,
    0.6666666666666666,
    0.5405405405405406,
    0.4102564102564102,
    0.5142857142857142,
    0.3076923076923077,
    0.5714285714285714,
    0.5789473684210527
  ]
}