{
  "t_test": {
    "t_stat": 5.715964238936138,
    "p_value": 6.391113795061052e-07
  },
  "wilcoxon": {
    "w_stat": 138.0,
    "p_value": 2.3578704838492556e-06
  }
}