{
  "f1": 0.4444444444444444,
  "roc_auc": 0.7890625,
  "pr_auc": 0.36239495798319327
}