{
  "f1": 0.5,
  "roc_auc": 0.8888888888888888,
  "pr_auc": 0.6193833943833943
}