{
  "f1": 0.5454545454545454,
  "roc_auc": 0.921875,
  "pr_auc": 0.5
}