{
  "f1": 0.36363636363636365,
  "roc_auc": 0.7944444444444444,
  "pr_auc": 0.5063789152024446
}