{
  "f1": 0.4,
  "roc_auc": 0.832258064516129,
  "pr_auc": 0.36272727272727273
}