{
  "f1": 0.36363636363636365,
  "roc_auc": 0.7666666666666666,
  "pr_auc": 0.3829649882281462
}