{
  "f1": 0.5,
  "roc_auc": 0.7901785714285714,
  "pr_auc": 0.6357604895104896
}