{
  "f1": 0.5333333333333333,
  "roc_auc": 0.8883928571428572,
  "pr_auc": 0.7369485294117647
}