{
  "f1": 0.0,
  "roc_auc": 0.78125,
  "pr_auc": 0.24914529914529912
}