{
  "f1": 0.5333333333333333,
  "roc_auc": 0.8866995073891626,
  "pr_auc": 0.6903929403929403
}