{
  "f1": 0.5714285714285714,
  "roc_auc": 0.8177339901477831,
  "pr_auc": 0.45947148090005224
}