{
  "f1": 0.2222222222222222,
  "roc_auc": 0.7676767676767677,
  "pr_auc": 0.21329365079365079
}