{
  "f1": 0.3333333333333333,
  "roc_auc": 0.7666666666666666,
  "pr_auc": 0.4539212614870509
}