{
  "f1": 0.46153846153846156,
  "roc_auc": 0.8580645161290322,
  "pr_auc": 0.43192307692307685
}