{
  "f1": 0.2857142857142857,
  "roc_auc": 0.8359375,
  "pr_auc": 0.4109649122807017
}