{
  "f1": 0.5333333333333333,
  "roc_auc": 0.8611111111111112,
  "pr_auc": 0.4744047619047619
}