{
  "f1": 0.5454545454545454,
  "roc_auc": 0.832258064516129,
  "pr_auc": 0.45974025974025967
}