{
  "f1": 0.2,
  "roc_auc": 0.7487684729064039,
  "pr_auc": 0.4097150398620986
}