{
  "f1": 0.4,
  "roc_auc": 0.8277777777777777,
  "pr_auc": 0.48120300751879697
}