{
  "f1": 0.7368421052631579,
  "roc_auc": 0.8705357142857143,
  "pr_auc": 0.6635416666666667
}