{
  "f1": 0.2222222222222222,
  "roc_auc": 0.7548387096774194,
  "pr_auc": 0.46761904761904766
}