{
  "f1": 0.42105263157894735,
  "roc_auc": 0.8125,
  "pr_auc": 0.5968288526918557
}