{
  "f1": 0.2857142857142857,
  "roc_auc": 0.8666666666666667,
  "pr_auc": 0.7738095238095237
}