{
  "f1": 0.0,
  "roc_auc": 0.59375,
  "pr_auc": 0.15314542483660132
}