{
  "f1": 0.2857142857142857,
  "roc_auc": 0.7794117647058824,
  "pr_auc": 0.23333333333333334
}