{
  "f1": 0.5,
  "roc_auc": 0.8580645161290322,
  "pr_auc": 0.4755555555555555
}