{
  "f1": 0.4444444444444444,
  "roc_auc": 0.859375,
  "pr_auc": 0.47549019607843135
}