{
  "f1": 0.0,
  "roc_auc": 0.734375,
  "pr_auc": 0.23722943722943723
}