{
  "f1": 0.375,
  "roc_auc": 0.7438423645320197,
  "pr_auc": 0.3611842105263158
}