{
  "f1": 0.5,
  "roc_auc": 0.8571428571428571,
  "pr_auc": 0.6673409923409923
}