{
  "f1": 0.4,
  "roc_auc": 0.7265625,
  "pr_auc": 0.306025641025641
}