{
  "f1": 0.3333333333333333,
  "roc_auc": 0.6868686868686867,
  "pr_auc": 0.1823671497584541
}