{
  "f1": 0.5333333333333333,
  "roc_auc": 0.8111111111111111,
  "pr_auc": 0.5056475730388774
}