{
  "f1": 0.5555555555555556,
  "roc_auc": 0.8392857142857143,
  "pr_auc": 0.6184050324675324
}