{
  "f1": 0.3333333333333333,
  "roc_auc": 0.6645161290322581,
  "pr_auc": 0.4473901098901099
}