{
  "f1": 0.375,
  "roc_auc": 0.7333333333333334,
  "pr_auc": 0.4720496894409938
}