{
  "f1": 0.3333333333333333,
  "roc_auc": 0.7575757575757576,
  "pr_auc": 0.2162309368191721
}