{
  "f1": 0.16666666666666666,
  "roc_auc": 0.6777777777777778,
  "pr_auc": 0.2765277163496978
}