{
  "f1": 0.36363636363636365,
  "roc_auc": 0.8080808080808081,
  "pr_auc": 0.31666666666666665
}