{
  "f1": 0.42105263157894735,
  "roc_auc": 0.788888888888889,
  "pr_auc": 0.3558061821219716
}