{
  "f1": 0.4444444444444444,
  "roc_auc": 0.9161290322580644,
  "pr_auc": 0.6385281385281385
}