{
  "mean": 0.46332011546930135,
  "std": 0.10978405504049614,
  "dist": [
    0.4210526315789473,
    0.5789473684210527,
    0.5,
    0.3571428571428571,
    0.4666666666666667,
    0.4705882352941176,
    0.4324324324324324,
    0.2580645161290322,
    0.5454545454545454,
    0.6153846153846154,
    0.2,
    0.5641025641025641,
    0.5294117647058824,
    0.5384615384615384,
    0.4888888888888889,
    0.4,
    0.3703703703703703,
    0.5,
    0.5,
    0.5365853658536586,
    0.3846153846153846,
    0.6046511627906976,
    0.4571428571428571,
    0.4,
    0.45,
    0.45,
    0.4705882352941176,
    0.32,
    0.631578947368421,
    0.4324324324324324,
    0.5652173913043478,
    0.375,
    0.2857142857142857,
    0.4615384615384615,
    0.6285714285714286,
    0.4102564102564102,
    0.5517241379310345,
    0.4666666666666667,
    0.6521739130434783,
    0.2,
    0.375,
    0.4,
    0.4117647058823529,
    0.6857142857142857,
    0.4736842105263157,
    0.4736842105263157,
    0.5142857142857142,
    0.3333333333333333,
    0.6060606060606061,
    0.4210526315789473
  ]
}