{
  "t_test": {
    "t_stat": -1.4739710858382038,
    "p_value": 0.14688533134926246
  },
  "wilcoxon": {
    "w_stat": 250.0,
    "p_value": 0.08053848577018506
  }
}