{
  "mean": 0.4913664113664114,
  "std": 0.1987875709199507,
  "dist": [
    0.2,
    0.6666666666666666,
    0.6,
    0.6,
    0.5,
    0.8888888888888888,
    0.6,
    0.5,
    0.2222222222222222,
    0.25,
    0.5714285714285714,
    0.4444444444444444,
    0.75,
    0.2857142857142857,
    0.3333333333333333,
    0.8,
    0.4444444444444444,
    0.4444444444444444,
    0.5,
    0.0,
    0.1666666666666666,
    0.6666666666666666,
    0.7272727272727273,
    0.5714285714285714,
    0.4,
    0.6,
    0.6666666666666666,
    0.2857142857142857,
    0.5,
    0.5,
    0.3333333333333333,
    0.4444444444444444,
    0.3333333333333333,
    0.5714285714285714,
    0.8,
    0.4444444444444444,
    0.2857142857142857,
    0.4,
    0.3333333333333333,
    0.8333333333333334,
    0.6666666666666666,
    0.4615384615384615,
    0.3636363636363636,
    0.4444444444444444,
    0.8,
    0.5,
    0.3333333333333333,
    0.2,
    0.8333333333333334,
    0.5
  ]
}