{
  "t_test": {
    "t_stat": -2.592133149136918,
    "p_value": 0.012535948397263361
  },
  "wilcoxon": {
    "w_stat": 185.5,
    "p_value": 0.01224018355367849
  }
}