{
  "f1": 0.5,
  "roc_auc": 0.735483870967742,
  "pr_auc": 0.5584656084656084
}