{
  "f1": 0.5555555555555556,
  "roc_auc": 0.8055555555555556,
  "pr_auc": 0.4797619047619047
}