{
  "f1": 0.4444444444444444,
  "roc_auc": 0.6777777777777778,
  "pr_auc": 0.3098544973544973
}