{
  "f1": 0.5714285714285714,
  "roc_auc": 0.8374384236453202,
  "pr_auc": 0.6806586270871984
}