{
  "f1": 0.46153846153846156,
  "roc_auc": 0.7944444444444445,
  "pr_auc": 0.5689664502164502
}