{
  "f1": 0.5,
  "roc_auc": 0.8359375,
  "pr_auc": 0.4409722222222222
}