{
  "f1": 0.5555555555555556,
  "roc_auc": 0.9483870967741936,
  "pr_auc": 0.6295238095238094
}