{
  "f1": 0.2857142857142857,
  "roc_auc": 0.9558823529411764,
  "pr_auc": 0.5
}