{
  "f1": 0.5263157894736842,
  "roc_auc": 0.7723214285714286,
  "pr_auc": 0.4704532309795468
}