{
  "f1": 0.5454545454545454,
  "roc_auc": 0.7980295566502463,
  "pr_auc": 0.39256664388243334
}