{
  "f1": 0.47058823529411764,
  "roc_auc": 0.8451612903225807,
  "pr_auc": 0.5380952380952382
}