{
  "f1": 0.5714285714285714,
  "roc_auc": 0.8616071428571429,
  "pr_auc": 0.798265460030166
}