{
  "f1": 0.2,
  "roc_auc": 0.696969696969697,
  "pr_auc": 0.1736111111111111
}