{
  "f1": 0.47058823529411764,
  "roc_auc": 0.8111111111111111,
  "pr_auc": 0.44960317460317456
}