{
  "f1": 0.5555555555555556,
  "roc_auc": 0.8444444444444444,
  "pr_auc": 0.5665204678362573
}