{
  "f1": 0.5714285714285714,
  "roc_auc": 0.8111111111111111,
  "pr_auc": 0.5448611111111111
}