{
  "f1": 0.625,
  "roc_auc": 0.9161290322580644,
  "pr_auc": 0.5442424242424242
}