{
  "f1": 0.5,
  "roc_auc": 0.8387096774193548,
  "pr_auc": 0.6110731373889269
}