{
  "f1": 0.45454545454545453,
  "roc_auc": 0.8388888888888889,
  "pr_auc": 0.6691468253968254
}