{
  "f1": 0.42857142857142855,
  "roc_auc": 0.6953125,
  "pr_auc": 0.24404761904761904
}