{
  "f1": 0.42857142857142855,
  "roc_auc": 0.7890625,
  "pr_auc": 0.31726190476190474
}