{
  "f1": 0.6666666666666666,
  "roc_auc": 0.9444444444444444,
  "pr_auc": 0.7842592592592592
}