{
  "f1": 0.64,
  "roc_auc": 0.7847222222222223,
  "pr_auc": 0.6448447178945901
}