{
  "f1": 0.4444444444444444,
  "roc_auc": 0.90625,
  "pr_auc": 0.7214285714285714
}