{
  "f1": 0.3333333333333333,
  "roc_auc": 0.7474747474747475,
  "pr_auc": 0.18716931216931218
}