{
  "f1": 0.4,
  "roc_auc": 0.7666666666666667,
  "pr_auc": 0.546744227994228
}