{
  "f1": 0.47058823529411764,
  "roc_auc": 0.8388888888888888,
  "pr_auc": 0.44671717171717173
}