{
  "f1": 0.5,
  "roc_auc": 0.7777777777777777,
  "pr_auc": 0.537962962962963
}