{
  "f1": 0.625,
  "roc_auc": 0.8222222222222222,
  "pr_auc": 0.5566666666666666
}