{
  "f1": 0.6666666666666666,
  "roc_auc": 0.8705357142857142,
  "pr_auc": 0.5920867327117327
}