{
  "f1": 0.6153846153846154,
  "roc_auc": 0.7881773399014778,
  "pr_auc": 0.5768744521402027
}