{
  "f1": 0.46153846153846156,
  "roc_auc": 0.796875,
  "pr_auc": 0.54
}