{
  "f1": 0.47058823529411764,
  "roc_auc": 0.6777777777777778,
  "pr_auc": 0.2738335738335739
}