{
  "f1": 0.6363636363636364,
  "roc_auc": 0.9014778325123153,
  "pr_auc": 0.7227367870225012
}