{
  "f1": 0.6153846153846154,
  "roc_auc": 0.8828125,
  "pr_auc": 0.38819444444444445
}