{
  "f1": 0.10526315789473684,
  "roc_auc": 0.6029411764705882,
  "pr_auc": 0.1
}