{
  "f1": 0.6,
  "roc_auc": 0.9090909090909091,
  "pr_auc": 0.4206349206349206
}