{
  "f1": 0.23529411764705882,
  "roc_auc": 0.6171875,
  "pr_auc": 0.1612689393939394
}