{
  "f1": 0.2857142857142857,
  "roc_auc": 0.6875,
  "pr_auc": 0.28222934472934474
}