{
  "mean": 0.4886049016343134,
  "std": 0.16039102592545906,
  "dist": [
    0.1666666666666666,
    0.5714285714285714,
    0.4615384615384615,
    0.8,
    0.6,
    0.7692307692307693,
    0.6666666666666666,
    0.2222222222222222,
    0.3076923076923077,
    0.5,
    0.5882352941176471,
    0.4615384615384615,
    0.6,
    0.25,
    0.5,
    0.6666666666666666,
    0.4,
    0.5454545454545454,
    0.5,
    0.2857142857142857,
    0.5,
    0.4444444444444444,
    0.625,
    0.5,
    0.2857142857142857,
    0.6153846153846154,
    0.3333333333333333,
    0.5,
    0.4705882352941176,
    0.5,
    0.5,
    0.5,
    0.5,
    0.3333333333333333,
    0.5714285714285714,
    0.6666666666666666,
    0.4,
    0.4444444444444444,
    0.3636363636363636,
    0.6153846153846154,
    0.2,
    0.5882352941176471,
    0.4,
    0.6666666666666666,
    0.6666666666666666,
    0.75,
    0.25,
    0.4444444444444444,
    0.75,
    0.1818181818181818
  ]
}