{
  "t_test": {
    "t_stat": 1.7837076746481966,
    "p_value": 0.08066475526722017
  },
  "wilcoxon": {
    "w_stat": 281.0,
    "p_value": 0.12820353776068869
  }
}