{
  "f1": 0.4444444444444444,
  "roc_auc": 0.903225806451613,
  "pr_auc": 0.700952380952381
}