{
  "f1": 0.2222222222222222,
  "roc_auc": 0.6767676767676767,
  "pr_auc": 0.42254901960784313
}