{
  "f1": 0.36363636363636365,
  "roc_auc": 0.8282828282828283,
  "pr_auc": 0.34444444444444444
}