{
  "mean": 0.2603070263070263,
  "std": 0.16389201122697283,
  "dist": [
    0.4285714285714285,
    0.3636363636363636,
    0.0,
    0.25,
    0.1818181818181818,
    0.1538461538461538,
    0.3636363636363636,
    0.25,
    0.3333333333333333,
    0.25,
    0.2,
    0.1666666666666666,
    0.25,
    0.5,
    0.2,
    0.25,
    0.6666666666666666,
    0.0,
    0.1666666666666666,
    0.1538461538461538,
    0.4,
    0.3636363636363636,
    0.2,
    0.1818181818181818,
    0.2,
    0.6,
    0.4,
    0.1538461538461538,
    0.0,
    0.25,
    0.2,
    0.4615384615384615,
    0.4,
    0.1666666666666666,
    0.0,
    0.1538461538461538,
    0.4,
    0.6,
    0.0,
    0.2857142857142857,
    0.25,
    0.5,
    0.3076923076923077,
    0.2,
    0.0,
    0.4285714285714285,
    0.0,
    0.25,
    0.3333333333333333,
    0.2
  ]
}