{
  "t_test": {
    "t_stat": -2.392522434066465,
    "p_value": 0.020611826023585893
  },
  "wilcoxon": {
    "w_stat": 281.0,
    "p_value": 0.03300002327330261
  }
}