{
  "f1": 0.0,
  "roc_auc": 0.1616161616161616,
  "pr_auc": 0.06528964862298195
}