{
  "f1": 0.2222222222222222,
  "roc_auc": 0.7444444444444445,
  "pr_auc": 0.37727272727272726
}