{
  "f1": 0.3333333333333333,
  "roc_auc": 0.6600985221674878,
  "pr_auc": 0.5341133520857022
}