{
  "f1": 0.4,
  "roc_auc": 0.45812807881773404,
  "pr_auc": 0.2993050983834394
}