{
  "f1": 0.16666666666666666,
  "roc_auc": 0.6328125,
  "pr_auc": 0.21717506631299732
}