{
  "f1": 0.36363636363636365,
  "roc_auc": 0.5320197044334976,
  "pr_auc": 0.4362963861266068
}