{
  "f1": 0.3076923076923077,
  "roc_auc": 0.6277777777777778,
  "pr_auc": 0.2961219336219336
}