{
  "f1": 0.25,
  "roc_auc": 0.7166666666666667,
  "pr_auc": 0.33284770784770784
}