{
  "f1": 0.0,
  "roc_auc": 0.328125,
  "pr_auc": 0.09950396825396825
}