{
  "f1": 0.3333333333333333,
  "roc_auc": 0.578125,
  "pr_auc": 0.4756944444444444
}