{
  "f1": 0.2,
  "roc_auc": 0.5151515151515151,
  "pr_auc": 0.13448275862068965
}