{
  "f1": 0.16666666666666666,
  "roc_auc": 0.5859375,
  "pr_auc": 0.3640282131661442
}