{
  "f1": 0.25,
  "roc_auc": 0.6565656565656566,
  "pr_auc": 0.2752234993614304
}