{
  "f1": 0.3333333333333333,
  "roc_auc": 0.6944444444444444,
  "pr_auc": 0.5281335522714833
}