{
  "f1": 0.0,
  "roc_auc": 0.47777777777777775,
  "pr_auc": 0.19325396825396823
}