{
  "f1": 0.0,
  "roc_auc": 0.47321428571428575,
  "pr_auc": 0.22950958024983512
}