{
  "f1": 0.2222222222222222,
  "roc_auc": 0.7354838709677419,
  "pr_auc": 0.42323232323232324
}