{
  "f1": 0.5333333333333333,
  "roc_auc": 0.9096774193548387,
  "pr_auc": 0.6542424242424243
}