{
  "f1": 0.5333333333333333,
  "roc_auc": 0.6874999999999999,
  "pr_auc": 0.5998123253558036
}