{
  "f1": 0.25,
  "roc_auc": 0.7421875,
  "pr_auc": 0.45664335664335665
}