{
  "f1": 0.4,
  "roc_auc": 0.7225806451612904,
  "pr_auc": 0.5277777777777777
}