{
  "f1": 0.5454545454545454,
  "roc_auc": 0.7944444444444444,
  "pr_auc": 0.6046296296296296
}