{
  "f1": 0.5,
  "roc_auc": 0.7487684729064039,
  "pr_auc": 0.5998866213151928
}