{
  "f1": 0.4,
  "roc_auc": 0.7612903225806452,
  "pr_auc": 0.3492640692640693
}