{
  "f1": 0.5,
  "roc_auc": 0.7474747474747474,
  "pr_auc": 0.7023809523809523
}