{
  "f1": 0.46153846153846156,
  "roc_auc": 0.8423645320197044,
  "pr_auc": 0.6818832796276404
}