{
  "f1": 0.2222222222222222,
  "roc_auc": 0.4258064516129032,
  "pr_auc": 0.25358422939068104
}