{
  "f1": 0.3333333333333333,
  "roc_auc": 0.7205882352941176,
  "pr_auc": 0.3
}