{
  "f1": 0.5,
  "roc_auc": 0.926470588235294,
  "pr_auc": 0.41666666666666663
}