{
  "f1": 0.0,
  "roc_auc": 0.22857142857142854,
  "pr_auc": 0.03571428571428571
}