{
  "f1": 0.4,
  "roc_auc": 0.5714285714285714,
  "pr_auc": 0.38989741240490866
}