{
  "f1": 0.4,
  "roc_auc": 0.7171717171717171,
  "pr_auc": 0.2698412698412698
}