{
  "f1": 0.5333333333333333,
  "roc_auc": 0.6830357142857143,
  "pr_auc": 0.4668248418248418
}