{
  "f1": 0.36363636363636365,
  "roc_auc": 0.6722222222222223,
  "pr_auc": 0.5227513227513227
}