{
  "f1": 0.18181818181818182,
  "roc_auc": 0.5388888888888889,
  "pr_auc": 0.21026936026936027
}