{
  "f1": 0.18181818181818182,
  "roc_auc": 0.48768472906403937,
  "pr_auc": 0.22622100122100125
}