{
  "f1": 0.0,
  "roc_auc": 0.5555555555555556,
  "pr_auc": 0.11481481481481481
}