{
  "f1": 0.2222222222222222,
  "roc_auc": 0.7171717171717171,
  "pr_auc": 0.18596491228070178
}