{
  "f1": 0.2857142857142857,
  "roc_auc": 0.5277777777777777,
  "pr_auc": 0.21459435626102294
}