{
  "f1": 0.4,
  "roc_auc": 0.8970588235294117,
  "pr_auc": 0.30952380952380953
}