{
  "f1": 0.4444444444444444,
  "roc_auc": 0.8181818181818181,
  "pr_auc": 0.6055555555555555
}