{
  "f1": 0.5,
  "roc_auc": 0.7666666666666666,
  "pr_auc": 0.5796939619520265
}