{
  "f1": 0.0,
  "roc_auc": 0.37142857142857144,
  "pr_auc": 0.043478260869565216
}