{
  "f1": 0.4,
  "roc_auc": 0.6388888888888888,
  "pr_auc": 0.27294584500466856
}