{
  "f1": 0.2857142857142857,
  "roc_auc": 0.588888888888889,
  "pr_auc": 0.23521825396825397
}