{
  "f1": 0.15384615384615385,
  "roc_auc": 0.5,
  "pr_auc": 0.24198129204935012
}