{
  "f1": 0.4,
  "roc_auc": 0.6444444444444445,
  "pr_auc": 0.2686628186628187
}