{
  "f1": 0.18181818181818182,
  "roc_auc": 0.53125,
  "pr_auc": 0.3471331908831909
}