{
  "f1": 0.16666666666666666,
  "roc_auc": 0.6387096774193548,
  "pr_auc": 0.22433862433862434
}