{
  "f1": 0.26666666666666666,
  "roc_auc": 0.5566502463054187,
  "pr_auc": 0.28687859759288326
}