{
  "f1": 0.47058823529411764,
  "roc_auc": 0.7455357142857142,
  "pr_auc": 0.37685574229691876
}