{
  "f1": 0.5,
  "roc_auc": 0.8111111111111111,
  "pr_auc": 0.5198412698412698
}