{
  "f1": 0.18181818181818182,
  "roc_auc": 0.5566502463054188,
  "pr_auc": 0.27567924139352706
}