{
  "f1": 0.5,
  "roc_auc": 0.6699507389162562,
  "pr_auc": 0.4503703094140882
}