{
  "f1": 0.16666666666666666,
  "roc_auc": 0.5625,
  "pr_auc": 0.163398415393322
}