{
  "f1": 0.6666666666666666,
  "roc_auc": 0.6129032258064517,
  "pr_auc": 0.6027777777777779
}