{
  "f1": 0.2857142857142857,
  "roc_auc": 0.5333333333333332,
  "pr_auc": 0.2732505980861244
}