{
  "f1": 0.4444444444444444,
  "roc_auc": 0.7857142857142857,
  "pr_auc": 0.5528273809523809
}