{
  "f1": 0.625,
  "roc_auc": 0.935483870967742,
  "pr_auc": 0.6866666666666665
}