{
  "f1": 0.5263157894736842,
  "roc_auc": 0.7586206896551724,
  "pr_auc": 0.4924482924482924
}