{
  "f1": 0.42857142857142855,
  "roc_auc": 0.6964285714285714,
  "pr_auc": 0.5664482898422527
}