{
  "f1": 0.3333333333333333,
  "roc_auc": 0.6256157635467979,
  "pr_auc": 0.29598506069094305
}