{
  "f1": 0.3333333333333333,
  "roc_auc": 0.65,
  "pr_auc": 0.2614774114774115
}