{
  "f1": 0.3333333333333333,
  "roc_auc": 0.7806451612903226,
  "pr_auc": 0.3007051282051282
}