{
  "f1": 0.18181818181818182,
  "roc_auc": 0.595959595959596,
  "pr_auc": 0.13227513227513227
}