{
  "f1": 0.5333333333333333,
  "roc_auc": 0.7487684729064039,
  "pr_auc": 0.4934825543120474
}