{
  "f1": 0.2,
  "roc_auc": 0.5858585858585859,
  "pr_auc": 0.14814814814814814
}