{
  "f1": 0.25,
  "roc_auc": 0.797979797979798,
  "pr_auc": 0.23333333333333334
}