{
  "f1": 0.5,
  "roc_auc": 0.7722222222222223,
  "pr_auc": 0.505787037037037
}