{
  "f1": 0.46153846153846156,
  "roc_auc": 0.7666666666666666,
  "pr_auc": 0.4790895379130673
}