{
  "f1": 0.36363636363636365,
  "roc_auc": 0.671875,
  "pr_auc": 0.3729166666666667
}