{
  "f1": 0.3076923076923077,
  "roc_auc": 0.4774193548387097,
  "pr_auc": 0.2001610305958132
}