{
  "f1": 0.4,
  "roc_auc": 0.59375,
  "pr_auc": 0.2922514619883041
}