{
  "f1": 0.4,
  "roc_auc": 0.6451612903225806,
  "pr_auc": 0.25979020979020984
}