{
  "mean": 0.48798096972462557,
  "std": 0.11127458957376808,
  "dist": [
    0.4210526315789473,
    0.5945945945945946,
    0.5405405405405406,
    0.3846153846153846,
    0.5185185185185185,
    0.5454545454545454,
    0.5142857142857142,
    0.2758620689655172,
    0.4516129032258064,
    0.6486486486486487,
    0.2142857142857142,
    0.5641025641025641,
    0.6,
    0.56,
    0.5116279069767442,
    0.3846153846153846,
    0.3846153846153846,
    0.5714285714285714,
    0.5263157894736842,
    0.55,
    0.4166666666666667,
    0.6190476190476191,
    0.4848484848484848,
    0.4615384615384615,
    0.45,
    0.5128205128205128,
    0.4516129032258064,
    0.3846153846153846,
    0.6486486486486487,
    0.4375,
    0.5909090909090909,
    0.3333333333333333,
    0.3529411764705882,
    0.56,
    0.625,
    0.3529411764705882,
    0.5625,
    0.5333333333333333,
    0.6818181818181818,
    0.24,
    0.3636363636363636,
    0.4375,
    0.4375,
    0.6857142857142857,
    0.5454545454545454,
    0.4571428571428571,
    0.5625,
    0.3448275862068966,
    0.5882352941176471,
    0.5142857142857142
  ]
}