{
  "t_test": {
    "t_stat": 2.3072051438893353,
    "p_value": 0.025309815112328955
  },
  "wilcoxon": {
    "w_stat": 306.5,
    "p_value": 0.01723328706259842
  }
}