{
  "f1": 0.2857142857142857,
  "roc_auc": 0.5333333333333333,
  "pr_auc": 0.4338235294117647
}