{
  "f1": 0.18181818181818182,
  "roc_auc": 0.3796296296296296,
  "pr_auc": 0.2743331759350066
}