{
  "mean": 0.24534180617820592,
  "std": 0.11142214899539918,
  "dist": [
    0.32,
    0.2962962962962963,
    0.2,
    0.1111111111111111,
    0.2727272727272727,
    0.32,
    0.08,
    0.2727272727272727,
    0.25,
    0.3333333333333333,
    0.2105263157894736,
    0.0,
    0.4444444444444444,
    0.2608695652173913,
    0.3333333333333333,
    0.1904761904761904,
    0.1052631578947368,
    0.24,
    0.3333333333333333,
    0.3478260869565217,
    0.3478260869565217,
    0.4137931034482758,
    0.0909090909090909,
    0.1052631578947368,
    0.2105263157894736,
    0.2222222222222222,
    0.08,
    0.3529411764705882,
    0.3333333333333333,
    0.32,
    0.3529411764705882,
    0.1904761904761904,
    0.303030303030303,
    0.0869565217391304,
    0.3333333333333333,
    0.0,
    0.2857142857142857,
    0.3333333333333333,
    0.3809523809523809,
    0.1666666666666666,
    0.3448275862068966,
    0.3,
    0.3478260869565217,
    0.1176470588235294,
    0.0869565217391304,
    0.2352941176470588,
    0.25,
    0.0952380952380952,
    0.3809523809523809,
    0.2758620689655172
  ]
}