{
  "t_test": {
    "t_stat": -0.12384409765377971,
    "p_value": 0.9019453449538397
  },
  "wilcoxon": {
    "w_stat": 542.5,
    "p_value": 0.820013541739635
  }
}