{
  "mean": 0.24725998511292627,
  "std": 0.1455446992867431,
  "dist": [
    0.4,
    0.1111111111111111,
    0.2666666666666666,
    0.2857142857142857,
    0.2666666666666666,
    0.1428571428571428,
    0.0,
    0.4,
    0.2,
    0.3636363636363636,
    0.3076923076923077,
    0.0,
    0.4444444444444444,
    0.1333333333333333,
    0.3636363636363636,
    0.3636363636363636,
    0.0,
    0.1176470588235294,
    0.3529411764705882,
    0.4,
    0.1,
    0.5555555555555556,
    0.1818181818181818,
    0.0,
    0.3076923076923077,
    0.2666666666666666,
    0.1428571428571428,
    0.3333333333333333,
    0.3636363636363636,
    0.2222222222222222,
    0.2857142857142857,
    0.2,
    0.3529411764705882,
    0.125,
    0.3076923076923077,
    0.0,
    0.2,
    0.3,
    0.3529411764705882,
    0.2666666666666666,
    0.3529411764705882,
    0.5454545454545454,
    0.2352941176470588,
    0.0,
    0.1666666666666666,
    0.3636363636363636,
    0.4,
    0.0,
    0.1333333333333333,
    0.3809523809523809
  ]
}