{
  "f1": 0.5365853658536586,
  "roc_auc": 0.763771186440678,
  "pr_auc": 0.6024759597947043
}