{
  "f1": 0.5714285714285714,
  "roc_auc": 0.8288888888888889,
  "pr_auc": 0.6531971950674196
}