{
  "f1": 0.4,
  "roc_auc": 0.7137452711223203,
  "pr_auc": 0.48063539377113357
}