{
  "f1": 0.43243243243243246,
  "roc_auc": 0.721311475409836,
  "pr_auc": 0.48030996243809054
}