{
  "f1": 0.4,
  "roc_auc": 0.6214285714285714,
  "pr_auc": 0.4117368071464319
}