{
  "f1": 0.5,
  "roc_auc": 0.7372881355932204,
  "pr_auc": 0.4378434043389295
}