{
  "f1": 0.36363636363636365,
  "roc_auc": 0.6784615384615386,
  "pr_auc": 0.316050864340338
}