{
  "f1": 0.4878048780487805,
  "roc_auc": 0.7045855379188714,
  "pr_auc": 0.5369846019299085
}