{
  "f1": 0.4375,
  "roc_auc": 0.7044444444444444,
  "pr_auc": 0.3949029810762575
}