{
  "f1": 0.5238095238095238,
  "roc_auc": 0.7750257997936016,
  "pr_auc": 0.6019397102626249
}