{
  "f1": 0.43243243243243246,
  "roc_auc": 0.7301387137452711,
  "pr_auc": 0.48338917085888067
}