{
  "f1": 0.5128205128205128,
  "roc_auc": 0.7669789227166276,
  "pr_auc": 0.39139787773052115
}