{
  "f1": 0.55,
  "roc_auc": 0.808531746031746,
  "pr_auc": 0.6884086434558868
}