{
  "f1": 0.5,
  "roc_auc": 0.7644444444444445,
  "pr_auc": 0.5959891738696086
}