{
  "f1": 0.41025641025641024,
  "roc_auc": 0.6705653021442495,
  "pr_auc": 0.4919209647185838
}