{
  "f1": 0.5116279069767442,
  "roc_auc": 0.8429378531073446,
  "pr_auc": 0.7062006273296595
}