{
  "f1": 0.6,
  "roc_auc": 0.810515873015873,
  "pr_auc": 0.6898494672887256
}