{
  "f1": 0.45714285714285713,
  "roc_auc": 0.8188585607940447,
  "pr_auc": 0.6180892685909407
}