{
  "f1": 0.46153846153846156,
  "roc_auc": 0.7692307692307692,
  "pr_auc": 0.48316486936201397
}