{
  "f1": 0.5789473684210527,
  "roc_auc": 0.7489406779661018,
  "pr_auc": 0.5226253714319424
}