{
  "f1": 0.2857142857142857,
  "roc_auc": 0.5476923076923077,
  "pr_auc": 0.256994673087372
}