{
  "f1": 0.56,
  "roc_auc": 0.7349505840071878,
  "pr_auc": 0.5730150964067644
}