{
  "f1": 0.4186046511627907,
  "roc_auc": 0.7222222222222222,
  "pr_auc": 0.5673410952677831
}