{
  "f1": 0.47368421052631576,
  "roc_auc": 0.7197740112994351,
  "pr_auc": 0.5013453578957817
}