{
  "f1": 0.5777777777777777,
  "roc_auc": 0.781217750257998,
  "pr_auc": 0.6514216030110899
}