{
  "f1": 0.4864864864864865,
  "roc_auc": 0.6861042183622829,
  "pr_auc": 0.3870603285045171
}