{
  "f1": 0.6382978723404256,
  "roc_auc": 0.8059299191374663,
  "pr_auc": 0.693734206745537
}