{
  "f1": 0.5853658536585366,
  "roc_auc": 0.7266313932980598,
  "pr_auc": 0.5609708882580267
}