{
  "f1": 0.45,
  "roc_auc": 0.6271186440677966,
  "pr_auc": 0.37120063686928007
}