{
  "f1": 0.6666666666666666,
  "roc_auc": 0.8483245149911817,
  "pr_auc": 0.7542634011305691
}