{
  "f1": 0.5581395348837209,
  "roc_auc": 0.7454545454545454,
  "pr_auc": 0.4803747047506386
}