{
  "f1": 0.6086956521739131,
  "roc_auc": 0.8183421516754851,
  "pr_auc": 0.7652392921978177
}