{
  "f1": 0.46153846153846156,
  "roc_auc": 0.6875,
  "pr_auc": 0.47532825909459964
}