{
  "f1": 0.4864864864864865,
  "roc_auc": 0.7129817444219066,
  "pr_auc": 0.5045473606388633
}