{
  "f1": 0.47368421052631576,
  "roc_auc": 0.7245762711864406,
  "pr_auc": 0.5728721690330405
}