{
  "f1": 0.43243243243243246,
  "roc_auc": 0.656497175141243,
  "pr_auc": 0.4176952176547054
}