{
  "f1": 0.45714285714285713,
  "roc_auc": 0.76045197740113,
  "pr_auc": 0.5247266190599524
}