{
  "f1": 0.4,
  "roc_auc": 0.778125,
  "pr_auc": 0.49071817554426245
}