{
  "f1": 0.3783783783783784,
  "roc_auc": 0.6600496277915633,
  "pr_auc": 0.3048615214161473
}