{
  "f1": 0.5853658536585366,
  "roc_auc": 0.8400412796697627,
  "pr_auc": 0.7108337061945039
}