{
  "f1": 0.4878048780487805,
  "roc_auc": 0.7349282296650718,
  "pr_auc": 0.6457064620750632
}