{
  "f1": 0.46511627906976744,
  "roc_auc": 0.6425925925925926,
  "pr_auc": 0.5729170482411455
}