{
  "f1": 0.4864864864864865,
  "roc_auc": 0.757606490872211,
  "pr_auc": 0.6650549631150382
}