{
  "f1": 0.4878048780487805,
  "roc_auc": 0.7210953346855984,
  "pr_auc": 0.5614285330949358
}