{
  "f1": 0.6666666666666666,
  "roc_auc": 0.9274004683840749,
  "pr_auc": 0.7980283584418921
}