{
  "f1": 0.45714285714285713,
  "roc_auc": 0.8480113636363636,
  "pr_auc": 0.5742687377981496
}