{
  "f1": 0.37037037037037035,
  "roc_auc": 0.6693121693121693,
  "pr_auc": 0.34292675126846994
}