{
  "f1": 0.4888888888888889,
  "roc_auc": 0.7787524366471735,
  "pr_auc": 0.5635531912159246
}