{
  "f1": 0.15384615384615385,
  "roc_auc": 0.7941176470588236,
  "pr_auc": 0.5625
}