{
  "f1": 0.18181818181818182,
  "roc_auc": 0.7941176470588236,
  "pr_auc": 0.20192307692307693
}