{
  "f1": 0.42857142857142855,
  "roc_auc": 0.8193548387096774,
  "pr_auc": 0.3568939393939394
}