{
  "f1": 0.2222222222222222,
  "roc_auc": 0.8676470588235294,
  "pr_auc": 0.2777777777777778
}