{
  "f1": 0.11764705882352941,
  "roc_auc": 0.7794117647058824,
  "pr_auc": 0.3125
}