{
  "f1": 0.6808510638297872,
  "roc_auc": 0.8871252204585538,
  "pr_auc": 0.8120668000011997
}