{
  "f1": 0.38095238095238093,
  "roc_auc": 0.6845238095238095,
  "pr_auc": 0.40447576252723305
}