{
  "f1": 0.6666666666666666,
  "roc_auc": 0.8303571428571429,
  "pr_auc": 0.7727348624947495
}