{
  "f1": 0.5294117647058824,
  "roc_auc": 0.7119675456389452,
  "pr_auc": 0.4765684269027104
}