{
  "f1": 0.47058823529411764,
  "roc_auc": 0.7412177985948478,
  "pr_auc": 0.4678134542904985
}