{
  "f1": 0.4782608695652174,
  "roc_auc": 0.7019400352733686,
  "pr_auc": 0.5282093341897998
}