{
  "f1": 0.358974358974359,
  "roc_auc": 0.6338983050847458,
  "pr_auc": 0.45197998990384813
}