{
  "f1": 0.5,
  "roc_auc": 0.7266949152542374,
  "pr_auc": 0.454200273475746
}