{
  "f1": 0.5238095238095238,
  "roc_auc": 0.746031746031746,
  "pr_auc": 0.5515145741511288
}