{
  "f1": 0.2608695652173913,
  "roc_auc": 0.6703125,
  "pr_auc": 0.4078298967114756
}