{
  "f1": 0.3902439024390244,
  "roc_auc": 0.7679900744416874,
  "pr_auc": 0.47868262226685665
}