{
  "f1": 0.2857142857142857,
  "roc_auc": 0.6492307692307693,
  "pr_auc": 0.30603911541358375
}