{
  "f1": 0.5238095238095238,
  "roc_auc": 0.7240740740740741,
  "pr_auc": 0.6158931203217297
}