{
  "f1": 0.4888888888888889,
  "roc_auc": 0.7708978328173375,
  "pr_auc": 0.5879063281197298
}