{
  "f1": 0.45,
  "roc_auc": 0.7332657200811359,
  "pr_auc": 0.47902507221952245
}