{
  "f1": 0.34285714285714286,
  "roc_auc": 0.7717121588089331,
  "pr_auc": 0.42874067997798043
}