{
  "f1": 0.3870967741935484,
  "roc_auc": 0.6655555555555556,
  "pr_auc": 0.3461060501495284
}