{
  "f1": 0.4375,
  "roc_auc": 0.7763466042154568,
  "pr_auc": 0.38829228856672127
}