{
  "f1": 0.45454545454545453,
  "roc_auc": 0.7481940144478845,
  "pr_auc": 0.5774803101369598
}