{
  "f1": 0.42424242424242425,
  "roc_auc": 0.7273809523809524,
  "pr_auc": 0.4324272840112101
}