{
  "f1": 0.5263157894736842,
  "roc_auc": 0.7288135593220338,
  "pr_auc": 0.44722154916131973
}