{
  "f1": 0.4666666666666667,
  "roc_auc": 0.815819209039548,
  "pr_auc": 0.5839625975362985
}