{
  "f1": 0.4444444444444444,
  "roc_auc": 0.6399594320486816,
  "pr_auc": 0.502487420589924
}