{
  "f1": 0.55,
  "roc_auc": 0.7875598086124401,
  "pr_auc": 0.5203807018489582
}