{
  "f1": 0.5945945945945946,
  "roc_auc": 0.8688524590163933,
  "pr_auc": 0.614010744097296
}