{
  "f1": 0.4,
  "roc_auc": 0.7055084745762712,
  "pr_auc": 0.41309964333752147
}