{
  "f1": 0.4444444444444444,
  "roc_auc": 0.7855113636363636,
  "pr_auc": 0.5042839303802334
}