{
  "f1": 0.4878048780487805,
  "roc_auc": 0.7310734463276836,
  "pr_auc": 0.4393386711582739
}