{
  "f1": 0.5714285714285714,
  "roc_auc": 0.7351694915254238,
  "pr_auc": 0.4467142537149072
}