{
  "f1": 0.2962962962962963,
  "roc_auc": 0.5892307692307692,
  "pr_auc": 0.24196323805019454
}