{
  "f1": 0.3902439024390244,
  "roc_auc": 0.6985645933014354,
  "pr_auc": 0.5667897680409131
}