{
  "f1": 0.45161290322580644,
  "roc_auc": 0.7332506203473946,
  "pr_auc": 0.48563289181506436
}