{
  "f1": 0.5531914893617021,
  "roc_auc": 0.7286612758310872,
  "pr_auc": 0.5699435846442114
}