{
  "f1": 0.6382978723404256,
  "roc_auc": 0.821203953279425,
  "pr_auc": 0.7119108858079672
}