{
  "f1": 0.358974358974359,
  "roc_auc": 0.6733921815889029,
  "pr_auc": 0.33187940456424186
}