{
  "f1": 0.5405405405405406,
  "roc_auc": 0.7833333333333333,
  "pr_auc": 0.6056219920485456
}