{
  "f1": 0.5238095238095238,
  "roc_auc": 0.7524366471734893,
  "pr_auc": 0.49743361086158355
}