{
  "f1": 0.5365853658536586,
  "roc_auc": 0.7511111111111112,
  "pr_auc": 0.5224952600375486
}