{
  "f1": 0.3888888888888889,
  "roc_auc": 0.7427490542244641,
  "pr_auc": 0.4582537694925953
}