{
  "f1": 0.3,
  "roc_auc": 0.6122881355932204,
  "pr_auc": 0.3766986271832193
}