{
  "f1": 0.5777777777777777,
  "roc_auc": 0.7451499118165785,
  "pr_auc": 0.5651199653837928
}