{
  "f1": 0.46153846153846156,
  "roc_auc": 0.6744639376218324,
  "pr_auc": 0.49452417954604566
}