{
  "f1": 0.5263157894736842,
  "roc_auc": 0.7123015873015873,
  "pr_auc": 0.5058287941188936
}