{
  "f1": 0.4117647058823529,
  "roc_auc": 0.7580645161290323,
  "pr_auc": 0.3868505846569982
}