{
  "f1": 0.47368421052631576,
  "roc_auc": 0.7113095238095238,
  "pr_auc": 0.49913083622520027
}