{
  "f1": 0.5581395348837209,
  "roc_auc": 0.7678018575851393,
  "pr_auc": 0.5089808789419793
}