{
  "f1": 0.5,
  "roc_auc": 0.7677777777777778,
  "pr_auc": 0.48332298321804845
}