{
  "f1": 0.45714285714285713,
  "roc_auc": 0.7729528535980149,
  "pr_auc": 0.4824072984297735
}