{
  "f1": 0.5263157894736842,
  "roc_auc": 0.8,
  "pr_auc": 0.5388852628852628
}