{
  "f1": 0.5116279069767442,
  "roc_auc": 0.8388888888888889,
  "pr_auc": 0.6757643228231464
}