{
  "f1": 0.6666666666666666,
  "roc_auc": 0.9086651053864169,
  "pr_auc": 0.8343666202218833
}