{
  "f1": 0.65,
  "roc_auc": 0.8757062146892655,
  "pr_auc": 0.6879913813732664
}