{
  "f1": 0.5945945945945946,
  "roc_auc": 0.8220338983050848,
  "pr_auc": 0.6910530083528601
}