{
  "f1": 0.47368421052631576,
  "roc_auc": 0.7661016949152543,
  "pr_auc": 0.5525360273877817
}