{
  "f1": 0.2926829268292683,
  "roc_auc": 0.6240694789081886,
  "pr_auc": 0.27238969029995175
}