{
  "f1": 0.55,
  "roc_auc": 0.7444219066937119,
  "pr_auc": 0.6456323952085596
}