{
  "f1": 0.5238095238095238,
  "roc_auc": 0.7669789227166276,
  "pr_auc": 0.37251550437727193
}