{
  "f1": 0.3333333333333333,
  "roc_auc": 0.6647173489278753,
  "pr_auc": 0.5132374019708063
}