{
  "f1": 0.5128205128205128,
  "roc_auc": 0.760545905707196,
  "pr_auc": 0.5205259407483876
}