{
  "mean": 0.5048840114681192,
  "std": 0.08720277104301072,
  "dist": [
    0.5405405405405406,
    0.5306122448979592,
    0.5142857142857142,
    0.3636363636363636,
    0.5652173913043478,
    0.5555555555555556,
    0.5365853658536586,
    0.3684210526315789,
    0.5365853658536586,
    0.5454545454545454,
    0.5641025641025641,
    0.5,
    0.6857142857142857,
    0.4,
    0.4347826086956521,
    0.5142857142857142,
    0.3636363636363636,
    0.55,
    0.4878048780487805,
    0.5882352941176471,
    0.4,
    0.625,
    0.4761904761904761,
    0.5454545454545454,
    0.4444444444444444,
    0.7111111111111111,
    0.4864864864864865,
    0.4390243902439024,
    0.4864864864864865,
    0.4,
    0.5454545454545454,
    0.4444444444444444,
    0.55,
    0.4705882352941176,
    0.5217391304347826,
    0.4390243902439024,
    0.4,
    0.5945945945945946,
    0.5957446808510638,
    0.5,
    0.4736842105263157,
    0.4878048780487805,
    0.5238095238095238,
    0.6153846153846154,
    0.45,
    0.5957446808510638,
    0.3720930232558139,
    0.2962962962962963,
    0.5581395348837209,
    0.65
  ]
}