{
  "t_test": {
    "t_stat": 1.3363474220343408,
    "p_value": 0.1876084890745529
  },
  "wilcoxon": {
    "w_stat": 447.0,
    "p_value": 0.21567432419510113
  }
}