{
  "f1": 0.14285714285714285,
  "roc_auc": 0.6068965517241379,
  "pr_auc": 0.15561274509803918
}