{
  "f1": 0.4,
  "roc_auc": 0.668724279835391,
  "pr_auc": 0.39159897294539653
}