{
  "f1": 0.16666666666666666,
  "roc_auc": 0.543103448275862,
  "pr_auc": 0.1268939393939394
}