{
  "f1": 0.3333333333333333,
  "roc_auc": 0.6785714285714286,
  "pr_auc": 0.34745244336895875
}