{
  "f1": 0.0,
  "roc_auc": 0.4736842105263158,
  "pr_auc": 0.0886074310554901
}