{
  "f1": 0.0,
  "roc_auc": 0.5172413793103449,
  "pr_auc": 0.08417785917785918
}