{
  "f1": 0.36363636363636365,
  "roc_auc": 0.6461538461538462,
  "pr_auc": 0.3310858585858586
}